"trial_type","trial_index","time_elapsed","internal_node_id","rt","stimulus","response","PID","START_TIME","EXP_AB","ATTENTION_FAILURES","trial","responses","view_history","actor","target_emotion"
"pavlovia","0","1230","0.0-0.0","","","","","","","","","","","",""
"html-button-response","1","2619","0.0-1.0","1387.5","<h1>Welcome to the Multiethnic Face Database Study!</h1>","0","6716795c1b7040129a5aa74b","1760814078149","A","0","","","","",""
"html-button-response","2","4514","0.0-2.0","1894.5","<div style=""text-align: left; margin: 50px 80px -60px 80px;""><p><span style='text-decoration: underline;'><strong>CONSENT FORM </strong></span></p><p><strong>McGill University </strong></p><p><strong>Title of Research:</strong> A Dual Process Theory of Theory of Mind</p><p><strong>Researchers:</strong><br>Ian Gold, Ph.D., Professor, McGill University<br />Elizaveta Solomonova, Ph.D., Researcher, McGill University <br />Fernanda Perez-Gay Juarez, M.D., Ph.D., Psychiatry Resident, McGill University<br />Sophie Serebryany, Undergraduate Student, McGill University <br />Ani Shahbazian, Undergraduate Student, Concordia University<br>Sophie Hoyer, Undergraduate Student, McGill University</p><p><strong>Contact Information:<br />Tel:</strong> 514-398-8939 (Dr. Ian Gold) <br /><strong>Email:</strong> neurophilosophylabmcgill@gmail.com (all researchers)</p><p><strong>Purpose of the research:</strong><br> This study aims to measure people's ability to understand what others are thinking and feeling across different contexts and modalities. Please read through the description of the research project, and take the opportunity to ask any questions that you have about the project.</p><p><strong>What is involved in participating:</strong><br>You will be asked to look at a series of videos of facial expressions and answer questions about them. The online study in its entirety will take around [insert time], divided into 3 blocks with two 5-minute breaks in between. You will be asked to respond by answering multiple choice questions about the video. You will only need a mouse and a keyboard to provide responses to the various tasks.</p><p><strong>Right to withdraw:</strong><br>Please note that your participation is voluntary, and you are free to withdraw at any time without any negative consequences. Once you consent to participate, you may proceed to complete the online tasks. At the end of the experiment, you will see the message 'This is the end of the study. Please click on the button 'Complete the Experiment' to save your data and obtain your payment code.' Once you click the button, your data will be automatically collected through Pavlovia. Since participants will be anonymized (identified only by an alphanumeric code assigned by Prolific), the data will not be able to be withdrawn anonymously once you have completed the experiment. If you wish to withdraw consent without data collection, do not click the button to end the experiment and just close your browser.</p><p><strong>Confidentiality:</strong><br>The study's data will be kept for 7 years, stored in a password-protected virtual drive under the jurisdiction of McGill University (Dr. Ian Gold McGill's OneDrive). Your responses will be kept strictly confidential and will be identified only by means of your Prolific ID and never with your name or other identifying information. Only members of Dr. Ian Gold's lab will have access to identifiable study materials. You will not be identified or identifiable in any report or reports that result from the research (peer reviewed publications, presentations at national and international conferences, etc).</p><p><strong>Compensation:</strong><br>You will be compensated with &pound;9 for the completion of the study which should take approximately 60 minutes. Please use the completion code given to you at the end of the study to retrieve your payment in your Prolific account. Please note that if you decide to withdraw before finishing a session, there will be no way to compensate you for the time you spent, given that your data will not be saved.</p><p><strong>Risks &amp; Benefits:</strong> The only associated risks associated with this study are screen fatigue. If you have questions or concerns regarding your rights or welfare as a participant in this research study, please contact the Manager, Research Ethics at 514-398-6831 or lynda.mcneil@mcgill.ca.</p><p><strong>Consent:</strong><br>Please click on the button below if you have read the above information and consent to participate in this study. Otherwise, you can just close this window and return to the experiment in Prolific. Agreeing to participate in this study does not waive any of your rights or release the researchers from their responsibilities. To ensure the study is being conducted properly, authorized individuals, such as a member of the Research Ethics Board, may have access to your information.</p></div>","0","","","","","false","","","",""
"survey-demo","3","40026","0.0-3.0","35507.299999952316","","","6716795c1b7040129a5aa74b","1760814078149","","","demo","{""age"":""33"",""gender"":""Woman"",""ethnicity"":[""Black""],""education"":""University/College (BA/BS/...)"",""religion"":""Muslim"",""birthcountry"":""Nigeria"",""residencecountry"":""United Kingdom of Great Britain and Northern Ireland"",""yearsresidence"":""6"",""internetspeed"":""120""}","","",""
"instructions","4","67265","0.0-6.0-0.0","27236.69999998808","","","","","","","","","[{""page_index"":0,""viewing_time"":991.5},{""page_index"":1,""viewing_time"":21200.5},{""page_index"":2,""viewing_time"":723.6000000238419},{""page_index"":3,""viewing_time"":3481},{""page_index"":4,""viewing_time"":839.8999999761581}]","",""
"html-keyboard-response","5","68274","0.0-6.0-1.0","null","<span style=""font-size:40px;"">+</span>","null","","","","","","","","",""
"html-keyboard-response","6","76685","0.0-6.0-2.0","","","","","","","","","","","",""
"image-keyboard-response","7","77201","0.0-6.0-3.0","null","stimuli/noise_texture.png","null","","","","","","","","",""
"custom-labels-response","8","78589","0.0-6.0-4.0","1385.5","","doubtful","","","","","tom-labels-practice","","","12","Doubtful"
"html-button-response","9","79414","0.0-7.0","824.8000000119209","<div style=""width: 1000px; height: 45px""><p>You will now be shown a series of short videos. Please select the label that best describes the emotion that the face was showing. Please provide one best guess for each item. Starting now, your responses will be recorded.</p><p>Click <strong>Continue</strong> to start. Good luck!</p></div>","0","","","","","false","","","",""
"html-keyboard-response","10","80417","0.0-8.0-0.0","null","<span style=""font-size:40px;"">+</span>","null","","","","","","","","",""
"html-keyboard-response","11","87408","0.0-8.0-1.0","","","","","","","","","","","",""
"image-keyboard-response","12","87917","0.0-8.0-2.0","null","stimuli/noise_texture.png","null","","","","","","","","",""
"custom-labels-response","13","89801","0.0-8.0-3.0","1881.800000011921","","enthused","","","","","tom-labels","","","M5","enthused"
"html-keyboard-response","14","90814","0.0-8.0-0.1","null","<span style=""font-size:40px;"">+</span>","null","","","","","","","","",""
"html-keyboard-response","15","97690","0.0-8.0-1.1","","","","","","","","","","","",""
"image-keyboard-response","16","98200","0.0-8.0-2.1","null","stimuli/noise_texture.png","null","","","","","","","","",""
"custom-labels-response","17","100727","0.0-8.0-3.1","2526.199999988079","","preoccupied","","","","","tom-labels","","","F5","serious"
"html-keyboard-response","18","101734","0.0-8.0-0.2","null","<span style=""font-size:40px;"">+</span>","null","","","","","","","","",""
"html-keyboard-response","19","109113","0.0-8.0-1.2","","","","","","","","","","","",""
"image-keyboard-response","20","109620","0.0-8.0-2.2","null","stimuli/noise_texture.png","null","","","","","","","","",""
"custom-labels-response","21","113707","0.0-8.0-3.2","4084.5","","reassuring","","","","","tom-labels","","","F5","intrigued"
"html-keyboard-response","22","114722","0.0-8.0-0.3","null","<span style=""font-size:40px;"">+</span>","null","","","","","","","","",""
"html-keyboard-response","23","122017","0.0-8.0-1.3","","","","","","","","","","","",""
"image-keyboard-response","24","122524","0.0-8.0-2.3","null","stimuli/noise_texture.png","null","","","","","","","","",""
"custom-labels-response","25","128343","0.0-8.0-3.3","5816.200000047684","","deciding","","","","","tom-labels","","","M5","hostile"
"html-keyboard-response","26","129359","0.0-8.0-0.4","null","<span style=""font-size:40px;"">+</span>","null","","","","","","","","",""
"html-keyboard-response","27","135871","0.0-8.0-1.4","","","","","","","","","","","",""
"image-keyboard-response","28","136378","0.0-8.0-2.4","null","stimuli/noise_texture.png","null","","","","","","","","",""
"custom-labels-response","29","138495","0.0-8.0-3.4","2114.899999976158","","enthused","","","","","tom-labels","","","F2","fantasizing"
"html-keyboard-response","30","139512","0.0-8.0-0.5","null","<span style=""font-size:40px;"">+</span>","null","","","","","","","","",""
"html-keyboard-response","31","146382","0.0-8.0-1.5","","","","","","","","","","","",""
"image-keyboard-response","32","146892","0.0-8.0-2.5","null","stimuli/noise_texture.png","null","","","","","","","","",""
"custom-labels-response","33","151836","0.0-8.0-3.5","4942.400000035763","","impatient","","","","","tom-labels","","","F4","impatient"
"html-keyboard-response","34","152841","0.0-8.0-0.6","null","<span style=""font-size:40px;"">+</span>","null","","","","","","","","",""
"html-keyboard-response","35","160550","0.0-8.0-1.6","","","","","","","","","","","",""
"image-keyboard-response","36","161069","0.0-8.0-2.6","null","stimuli/noise_texture.png","null","","","","","","","","",""
"custom-labels-response","37","163890","0.0-8.0-3.6","2818.5","","puzzled","","","","","tom-labels","","","M6","anticipating"
"html-keyboard-response","38","164903","0.0-8.0-0.7","null","<span style=""font-size:40px;"">+</span>","null","","","","","","","","",""
"html-keyboard-response","39","172552","0.0-8.0-1.7","","","","","","","","","","","",""
"image-keyboard-response","40","173063","0.0-8.0-2.7","null","stimuli/noise_texture.png","null","","","","","","","","",""
"custom-labels-response","41","175192","0.0-8.0-3.7","2127.100000023842","","doubtful","","","","","tom-labels","","","F3","insisting"
"html-keyboard-response","42","176206","0.0-8.0-0.8","null","<span style=""font-size:40px;"">+</span>","null","","","","","","","","",""
"html-keyboard-response","43","184597","0.0-8.0-1.8","","","","","","","","","","","",""
"image-keyboard-response","44","185110","0.0-8.0-2.8","null","stimuli/noise_texture.png","null","","","","","","","","",""
"custom-labels-response","45","190114","0.0-8.0-3.8","5001.899999976158","","thoughtful","","","","","tom-labels","","","F5","thoughtful"
"html-keyboard-response","46","191125","0.0-8.0-0.9","null","<span style=""font-size:40px;"">+</span>","null","","","","","","","","",""
"html-keyboard-response","47","197715","0.0-8.0-1.9","","","","","","","","","","","",""
"image-keyboard-response","48","198230","0.0-8.0-2.9","null","stimuli/noise_texture.png","null","","","","","","","","",""
"custom-labels-response","49","205002","0.0-8.0-3.9","6769.699999988079","","doubtful","","","","","tom-labels","","","F3","doubtful"
"html-keyboard-response","50","206016","0.0-8.0-0.10","null","<span style=""font-size:40px;"">+</span>","null","","","","","","","","",""
"html-keyboard-response","51","213441","0.0-8.0-1.10","","","","","","","","","","","",""
"image-keyboard-response","52","213952","0.0-8.0-2.10","null","stimuli/noise_texture.png","null","","","","","","","","",""
"custom-labels-response","53","215781","0.0-8.0-3.10","1826.8999999761581","","panicked","","","","","tom-labels","","","F5","panicked"
"html-keyboard-response","54","216788","0.0-8.0-0.11","null","<span style=""font-size:40px;"">+</span>","null","","","","","","","","",""
"html-keyboard-response","55","224495","0.0-8.0-1.11","","","","","","","","","","","",""
"image-keyboard-response","56","225005","0.0-8.0-2.11","null","stimuli/noise_texture.png","null","","","","","","","","",""
"custom-labels-response","57","228341","0.0-8.0-3.11","3333.599999964237","","regretful","","","","","tom-labels","","","M2","regretful"
"html-keyboard-response","58","229356","0.0-8.0-0.12","null","<span style=""font-size:40px;"">+</span>","null","","","","","","","","",""
"html-keyboard-response","59","236658","0.0-8.0-1.12","","","","","","","","","","","",""
"image-keyboard-response","60","237176","0.0-8.0-2.12","null","stimuli/noise_texture.png","null","","","","","","","","",""
"custom-labels-response","61","240396","0.0-8.0-3.12","3217.899999976158","","baffled","","","","","tom-labels","","","M2","distrustful"
"html-keyboard-response","62","241401","0.0-8.0-0.13","null","<span style=""font-size:40px;"">+</span>","null","","","","","","","","",""
"html-keyboard-response","63","248872","0.0-8.0-1.13","","","","","","","","","","","",""
"image-keyboard-response","64","249380","0.0-8.0-2.13","null","stimuli/noise_texture.png","null","","","","","","","","",""
"custom-labels-response","65","252033","0.0-8.0-3.13","2651.100000023842","","incredulous","","","","","tom-labels","","","F4","affectionate"
"html-keyboard-response","66","253047","0.0-8.0-0.14","null","<span style=""font-size:40px;"">+</span>","null","","","","","","","","",""
"html-keyboard-response","67","259579","0.0-8.0-1.14","","","","","","","","","","","",""
"image-keyboard-response","68","260090","0.0-8.0-2.14","null","stimuli/noise_texture.png","null","","","","","","","","",""
"custom-labels-response","69","262503","0.0-8.0-3.14","2410.099999964237","","stern","","","","","tom-labels","","","F3","offended"
"html-keyboard-response","70","263517","0.0-8.0-0.15","null","<span style=""font-size:40px;"">+</span>","null","","","","","","","","",""
"html-keyboard-response","71","270288","0.0-8.0-1.15","","","","","","","","","","","",""
"image-keyboard-response","72","270802","0.0-8.0-2.15","null","stimuli/noise_texture.png","null","","","","","","","","",""
"custom-labels-response","73","274306","0.0-8.0-3.15","3502.100000023842","","sarcastic","","","","","tom-labels","","","F3","sarcastic"
"html-keyboard-response","74","275310","0.0-8.0-0.16","null","<span style=""font-size:40px;"">+</span>","null","","","","","","","","",""
"html-keyboard-response","75","281354","0.0-8.0-1.16","","","","","","","","","","","",""
"image-keyboard-response","76","281874","0.0-8.0-2.16","null","stimuli/noise_texture.png","null","","","","","","","","",""
"custom-labels-response","77","286026","0.0-8.0-3.16","4150.5","","dominant","","","","","tom-labels","","","M3","imploring"
"html-keyboard-response","78","287041","0.0-8.0-0.17","null","<span style=""font-size:40px;"">+</span>","null","","","","","","","","",""
"html-keyboard-response","79","293875","0.0-8.0-1.17","","","","","","","","","","","",""
"image-keyboard-response","80","294393","0.0-8.0-2.17","null","stimuli/noise_texture.png","null","","","","","","","","",""
"custom-labels-response","81","301731","0.0-8.0-3.17","7335.699999988079","","contemplative","","","","","tom-labels","","","F6","sympathetic"
"html-keyboard-response","82","302748","0.0-8.0-0.18","null","<span style=""font-size:40px;"">+</span>","null","","","","","","","","",""
"html-keyboard-response","83","309592","0.0-8.0-1.18","","","","","","","","","","","",""
"image-keyboard-response","84","310103","0.0-8.0-2.18","null","stimuli/noise_texture.png","null","","","","","","","","",""
"custom-labels-response","85","313052","0.0-8.0-3.18","2946.100000023842","","hostile","","","","","tom-labels","","","M2","stern"
"html-keyboard-response","86","314063","0.0-8.0-0.19","null","<span style=""font-size:40px;"">+</span>","null","","","","","","","","",""
"html-keyboard-response","87","320592","0.0-8.0-1.19","","","","","","","","","","","",""
"image-keyboard-response","88","321101","0.0-8.0-2.19","null","stimuli/noise_texture.png","null","","","","","","","","",""
"custom-labels-response","89","325691","0.0-8.0-3.19","4588.400000035763","","curious","","","","","tom-labels","","","F2","curious"
"html-keyboard-response","90","326703","0.0-8.0-0.20","null","<span style=""font-size:40px;"">+</span>","null","","","","","","","","",""
"html-keyboard-response","91","333466","0.0-8.0-1.20","","","","","","","","","","","",""
"image-keyboard-response","92","333971","0.0-8.0-2.20","null","stimuli/noise_texture.png","null","","","","","","","","",""
"custom-labels-response","93","337826","0.0-8.0-3.20","3852.199999988079","","perplexed","","","","","tom-labels","","","F5","perplexed"
"html-keyboard-response","94","338838","0.0-8.0-0.21","null","<span style=""font-size:40px;"">+</span>","null","","","","","","","","",""
"html-keyboard-response","95","347670","0.0-8.0-1.21","","","","","","","","","","","",""
"image-keyboard-response","96","348176","0.0-8.0-2.21","null","stimuli/noise_texture.png","null","","","","","","","","",""
"custom-labels-response","97","356415","0.0-8.0-3.21","8236.600000023842","","incredulous","","","","","tom-labels","","","F7","threatening"
"html-keyboard-response","98","357429","0.0-8.0-0.22","null","<span style=""font-size:40px;"">+</span>","null","","","","","","","","",""
"html-keyboard-response","99","364583","0.0-8.0-1.22","","","","","","","","","","","",""
"image-keyboard-response","100","365095","0.0-8.0-2.22","null","stimuli/noise_texture.png","null","","","","","","","","",""
"custom-labels-response","101","367801","0.0-8.0-3.22","2703.800000011921","","doubtful","","","","","tom-labels","","","M2","doubtful"
"html-keyboard-response","102","368816","0.0-8.0-0.23","null","<span style=""font-size:40px;"">+</span>","null","","","","","","","","",""
"html-keyboard-response","103","375329","0.0-8.0-1.23","","","","","","","","","","","",""
"image-keyboard-response","104","375833","0.0-8.0-2.23","null","stimuli/noise_texture.png","null","","","","","","","","",""
"custom-labels-response","105","379655","0.0-8.0-3.23","3819.699999988079","","defiant","","","","","tom-labels","","","M2","defiant"
"html-keyboard-response","106","380669","0.0-8.0-0.24","null","<span style=""font-size:40px;"">+</span>","null","","","","","","","","",""
"html-keyboard-response","107","386718","0.0-8.0-1.24","","","","","","","","","","","",""
"image-keyboard-response","108","387221","0.0-8.0-2.24","null","stimuli/noise_texture.png","null","","","","","","","","",""
"custom-labels-response","109","391690","0.0-8.0-3.24","4466.899999976158","","enthused","","","","","tom-labels","","","F3","fascinated"
"html-keyboard-response","110","392706","0.0-8.0-0.25","null","<span style=""font-size:40px;"">+</span>","null","","","","","","","","",""
"html-keyboard-response","111","401198","0.0-8.0-1.25","","","","","","","","","","","",""
"image-keyboard-response","112","401709","0.0-8.0-2.25","null","stimuli/noise_texture.png","null","","","","","","","","",""
"custom-labels-response","113","404513","0.0-8.0-3.25","2802.400000035763","","encouraging","","","","","tom-labels","","","M2","encouraging"
"html-keyboard-response","114","405527","0.0-8.0-0.26","null","<span style=""font-size:40px;"">+</span>","null","","","","","","","","",""
"html-keyboard-response","115","412266","0.0-8.0-1.26","","","","","","","","","","","",""
"image-keyboard-response","116","412779","0.0-8.0-2.26","null","stimuli/noise_texture.png","null","","","","","","","","",""
"custom-labels-response","117","416650","0.0-8.0-3.26","3868.5","","indecisive","","","","","tom-labels","","","M6","indecisive"
"html-keyboard-response","118","417664","0.0-8.0-0.27","null","<span style=""font-size:40px;"">+</span>","null","","","","","","","","",""
"html-keyboard-response","119","424733","0.0-8.0-1.27","","","","","","","","","","","",""
"image-keyboard-response","120","425243","0.0-8.0-2.27","null","stimuli/noise_texture.png","null","","","","","","","","",""
"custom-labels-response","121","428769","0.0-8.0-3.27","3524.300000011921","","uneasy","","","","","tom-labels","","","F7","uneasy"
"html-keyboard-response","122","429772","0.0-8.0-0.28","null","<span style=""font-size:40px;"">+</span>","null","","","","","","","","",""
"html-keyboard-response","123","436330","0.0-8.0-1.28","","","","","","","","","","","",""
"image-keyboard-response","124","436836","0.0-8.0-2.28","null","stimuli/noise_texture.png","null","","","","","","","","",""
"custom-labels-response","125","439490","0.0-8.0-3.28","2651.599999964237","","sarcastic","","","","","tom-labels","","","M1","sarcastic"
"html-keyboard-response","126","440492","0.0-8.0-0.29","null","<span style=""font-size:40px;"">+</span>","null","","","","","","","","",""
"html-keyboard-response","127","451873","0.0-8.0-1.29","","","","","","","","","","","",""
"image-keyboard-response","128","452385","0.0-8.0-2.29","null","stimuli/noise_texture.png","null","","","","","","","","",""
"custom-labels-response","129","456395","0.0-8.0-3.29","4007.5","","convinced","","","","","tom-labels","","","M4","reassuring"
"html-keyboard-response","130","457409","0.0-8.0-0.30","null","<span style=""font-size:40px;"">+</span>","null","","","","","","","","",""
"html-keyboard-response","131","464931","0.0-8.0-1.30","","","","","","","","","","","",""
"image-keyboard-response","132","465444","0.0-8.0-2.30","null","stimuli/noise_texture.png","null","","","","","","","","",""
"custom-labels-response","133","469232","0.0-8.0-3.30","3785.5","","skeptical","","","","","tom-labels","","","F8","decisive"
"html-keyboard-response","134","470246","0.0-8.0-0.31","null","<span style=""font-size:40px;"">+</span>","null","","","","","","","","",""
"html-keyboard-response","135","477841","0.0-8.0-1.31","","","","","","","","","","","",""
"image-keyboard-response","136","478350","0.0-8.0-2.31","null","stimuli/noise_texture.png","null","","","","","","","","",""
"custom-labels-response","137","483129","0.0-8.0-3.31","4777.399999976158","","ashamed","","","","","tom-labels","","","F3","alarmed"
"html-keyboard-response","138","484134","0.0-8.0-0.32","null","<span style=""font-size:40px;"">+</span>","null","","","","","","","","",""
"html-keyboard-response","139","491505","0.0-8.0-1.32","","","","","","","","","","","",""
"image-keyboard-response","140","492020","0.0-8.0-2.32","null","stimuli/noise_texture.png","null","","","","","","","","",""
"custom-labels-response","141","503844","0.0-8.0-3.32","11821.600000023842","","insisting","","","","","tom-labels","","","M5","comforting"
"html-keyboard-response","142","504857","0.0-8.0-0.33","null","<span style=""font-size:40px;"">+</span>","null","","","","","","","","",""
"html-keyboard-response","143","511848","0.0-8.0-1.33","","","","","","","","","","","",""
"image-keyboard-response","144","512359","0.0-8.0-2.33","null","stimuli/noise_texture.png","null","","","","","","","","",""
"custom-labels-response","145","515013","0.0-8.0-3.33","2650.800000011921","","comforting","","","","","tom-labels","","","F7","contented"
"html-keyboard-response","146","516019","0.0-8.0-0.34","null","<span style=""font-size:40px;"">+</span>","null","","","","","","","","",""
"html-keyboard-response","147","523668","0.0-8.0-1.34","","","","","","","","","","","",""
"image-keyboard-response","148","524184","0.0-8.0-2.34","null","stimuli/noise_texture.png","null","","","","","","","","",""
"custom-labels-response","149","526133","0.0-8.0-3.34","1946.800000011921","","uneasy","","","","","tom-labels","","","M2","uneasy"
"html-keyboard-response","150","527147","0.0-8.0-0.35","null","<span style=""font-size:40px;"">+</span>","null","","","","","","","","",""
"html-keyboard-response","151","533528","0.0-8.0-1.35","","","","","","","","","","","",""
"image-keyboard-response","152","534040","0.0-8.0-2.35","null","stimuli/noise_texture.png","null","","","","","","","","",""
"custom-labels-response","153","536837","0.0-8.0-3.35","2795.899999976158","","offended","","","","","tom-labels","","","M3","offended"
"html-keyboard-response","154","537850","0.0-8.0-0.36","null","<span style=""font-size:40px;"">+</span>","null","","","","","","","","",""
"html-keyboard-response","155","545401","0.0-8.0-1.36","","","","","","","","","","","",""
"image-keyboard-response","156","545920","0.0-8.0-2.36","null","stimuli/noise_texture.png","null","","","","","","","","",""
"custom-labels-response","157","549017","0.0-8.0-3.36","3095.199999988079","","aghast","","","","","tom-labels","","","F7","aghast"
"html-keyboard-response","158","550021","0.0-8.0-0.37","null","<span style=""font-size:40px;"">+</span>","null","","","","","","","","",""
"html-keyboard-response","159","556857","0.0-8.0-1.37","","","","","","","","","","","",""
"image-keyboard-response","160","557372","0.0-8.0-2.37","null","stimuli/noise_texture.png","null","","","","","","","","",""
"custom-labels-response","161","561826","0.0-8.0-3.37","4452.5","","eager","","","","","tom-labels","","","F2","interested"
"html-keyboard-response","162","562841","0.0-8.0-0.38","null","<span style=""font-size:40px;"">+</span>","null","","","","","","","","",""
"html-keyboard-response","163","569885","0.0-8.0-1.38","","","","","","","","","","","",""
"image-keyboard-response","164","570394","0.0-8.0-2.38","null","stimuli/noise_texture.png","null","","","","","","","","",""
"custom-labels-response","165","575882","0.0-8.0-3.38","5485.900000035763","","reassuring","","","","","tom-labels","","","F6","reassuring"
"html-keyboard-response","166","576896","0.0-8.0-0.39","null","<span style=""font-size:40px;"">+</span>","null","","","","","","","","",""
"html-keyboard-response","167","583669","0.0-8.0-1.39","","","","","","","","","","","",""
"image-keyboard-response","168","584181","0.0-8.0-2.39","null","stimuli/noise_texture.png","null","","","","","","","","",""
"custom-labels-response","169","586501","0.0-8.0-3.39","2318.2000000476837","","friendly","","","","","tom-labels","","","M5","friendly"
"html-keyboard-response","170","587506","0.0-9.0-0.0","null","<span style=""font-size:40px;"">+</span>","null","","","","","","","","",""
"html-keyboard-response","171","594697","0.0-9.0-1.0","","","","","","","","","","","",""
"image-keyboard-response","172","595201","0.0-9.0-2.0","null","stimuli/noise_texture.png","null","","","","","","","","",""
"custom-labels-response","173","597612","0.0-9.0-3.0","2408.399999976158","","click","","","","","attention-check","","","F4","impatient"
"html-keyboard-response","174","598615","0.0-11.0-0.0","null","<span style=""font-size:40px;"">+</span>","null","","","","","","","","",""
"html-keyboard-response","175","605499","0.0-11.0-1.0","","","","","","","","","","","",""
"image-keyboard-response","176","606004","0.0-11.0-2.0","null","stimuli/noise_texture.png","null","","","","","","","","",""
"custom-labels-response","177","610859","0.0-11.0-3.0","4852.399999976158","","terrified","","","","","tom-labels","","","F2","despondent"
"html-keyboard-response","178","611863","0.0-11.0-0.1","null","<span style=""font-size:40px;"">+</span>","null","","","","","","","","",""
"html-keyboard-response","179","618597","0.0-11.0-1.1","","","","","","","","","","","",""
"image-keyboard-response","180","619108","0.0-11.0-2.1","null","stimuli/noise_texture.png","null","","","","","","","","",""
"custom-labels-response","181","622087","0.0-11.0-3.1","2976.199999988079","","indifferent","","","","","tom-labels","","","F4","indifferent"
"html-keyboard-response","182","623093","0.0-11.0-0.2","null","<span style=""font-size:40px;"">+</span>","null","","","","","","","","",""
"html-keyboard-response","183","635372","0.0-11.0-1.2","","","","","","","","","","","",""
"image-keyboard-response","184","635880","0.0-11.0-2.2","null","stimuli/noise_texture.png","null","","","","","","","","",""
"custom-labels-response","185","638382","0.0-11.0-3.2","2498.7000000476837","","fantasizing","","","","","tom-labels","","","M4","fantasizing"
"html-keyboard-response","186","639389","0.0-11.0-0.3","null","<span style=""font-size:40px;"">+</span>","null","","","","","","","","",""
"html-keyboard-response","187","646512","0.0-11.0-1.3","","","","","","","","","","","",""
"image-keyboard-response","188","647020","0.0-11.0-2.3","null","stimuli/noise_texture.png","null","","","","","","","","",""
"custom-labels-response","189","649170","0.0-11.0-3.3","2148.100000023842","","horrified","","","","","tom-labels","","","F8","horrified"
"html-keyboard-response","190","650185","0.0-11.0-0.4","null","<span style=""font-size:40px;"">+</span>","null","","","","","","","","",""
"html-keyboard-response","191","657705","0.0-11.0-1.4","","","","","","","","","","","",""
"image-keyboard-response","192","658213","0.0-11.0-2.4","null","stimuli/noise_texture.png","null","","","","","","","","",""
"custom-labels-response","193","662240","0.0-11.0-3.4","4024.699999988079","","alarmed","","","","","tom-labels","","","M2","alarmed"
"html-keyboard-response","194","663249","0.0-11.0-0.5","null","<span style=""font-size:40px;"">+</span>","null","","","","","","","","",""
"html-keyboard-response","195","670614","0.0-11.0-1.5","","","","","","","","","","","",""
"image-keyboard-response","196","671124","0.0-11.0-2.5","null","stimuli/noise_texture.png","null","","","","","","","","",""
"custom-labels-response","197","673678","0.0-11.0-3.5","2551.600000023842","","friendly","","","","","tom-labels","","","F2","confident"
"html-keyboard-response","198","674692","0.0-11.0-0.6","null","<span style=""font-size:40px;"">+</span>","null","","","","","","","","",""
"html-keyboard-response","199","681488","0.0-11.0-1.6","","","","","","","","","","","",""
"image-keyboard-response","200","681997","0.0-11.0-2.6","null","stimuli/noise_texture.png","null","","","","","","","","",""
"custom-labels-response","201","685815","0.0-11.0-3.6","3815.899999976158","","confused","","","","","tom-labels","","","F8","confused"
"html-keyboard-response","202","686829","0.0-11.0-0.7","null","<span style=""font-size:40px;"">+</span>","null","","","","","","","","",""
"html-keyboard-response","203","694238","0.0-11.0-1.7","","","","","","","","","","","",""
"image-keyboard-response","204","694748","0.0-11.0-2.7","null","stimuli/noise_texture.png","null","","","","","","","","",""
"custom-labels-response","205","699197","0.0-11.0-3.7","4446.699999988079","","suspicious","","","","","tom-labels","","","F4","flustered"
"html-keyboard-response","206","700200","0.0-11.0-0.8","null","<span style=""font-size:40px;"">+</span>","null","","","","","","","","",""
"html-keyboard-response","207","707663","0.0-11.0-1.8","","","","","","","","","","","",""
"image-keyboard-response","208","708169","0.0-11.0-2.8","null","stimuli/noise_texture.png","null","","","","","","","","",""
"custom-labels-response","209","710522","0.0-11.0-3.8","2350.900000035763","","concerned","","","","","tom-labels","","","M6","annoyed"
"html-keyboard-response","210","711534","0.0-11.0-0.9","null","<span style=""font-size:40px;"">+</span>","null","","","","","","","","",""
"html-keyboard-response","211","720110","0.0-11.0-1.9","","","","","","","","","","","",""
"image-keyboard-response","212","720623","0.0-11.0-2.9","null","stimuli/noise_texture.png","null","","","","","","","","",""
"custom-labels-response","213","723226","0.0-11.0-3.9","2600.699999988079","","confused","","","","","tom-labels","","","M4","confused"
"html-keyboard-response","214","724236","0.0-11.0-0.10","null","<span style=""font-size:40px;"">+</span>","null","","","","","","","","",""
"html-keyboard-response","215","735472","0.0-11.0-1.10","","","","","","","","","","","",""
"image-keyboard-response","216","735978","0.0-11.0-2.10","null","stimuli/noise_texture.png","null","","","","","","","","",""
"custom-labels-response","217","739003","0.0-11.0-3.10","3023.5","","upset","","","","","tom-labels","","","M6","indifferent"
"html-keyboard-response","218","740012","0.0-11.0-0.11","null","<span style=""font-size:40px;"">+</span>","null","","","","","","","","",""
"html-keyboard-response","219","746538","0.0-11.0-1.11","","","","","","","","","","","",""
"image-keyboard-response","220","747047","0.0-11.0-2.11","null","stimuli/noise_texture.png","null","","","","","","","","",""
"custom-labels-response","221","749898","0.0-11.0-3.11","2848.099999964237","","preoccupied","","","","","tom-labels","","","M5","preoccupied"
"html-keyboard-response","222","750901","0.0-11.0-0.12","null","<span style=""font-size:40px;"">+</span>","null","","","","","","","","",""
"html-keyboard-response","223","760422","0.0-11.0-1.12","","","","","","","","","","","",""
"image-keyboard-response","224","760939","0.0-11.0-2.12","null","stimuli/noise_texture.png","null","","","","","","","","",""
"custom-labels-response","225","764105","0.0-11.0-3.12","3164.399999976158","","hostile","","","","","tom-labels","","","F6","hostile"
"html-keyboard-response","226","765119","0.0-11.0-0.13","null","<span style=""font-size:40px;"">+</span>","null","","","","","","","","",""
"html-keyboard-response","227","772395","0.0-11.0-1.13","","","","","","","","","","","",""
"image-keyboard-response","228","772900","0.0-11.0-2.13","null","stimuli/noise_texture.png","null","","","","","","","","",""
"custom-labels-response","229","776808","0.0-11.0-3.13","3906","","perplexed","","","","","tom-labels","","","M4","tentative"
"html-keyboard-response","230","777824","0.0-11.0-0.14","null","<span style=""font-size:40px;"">+</span>","null","","","","","","","","",""
"html-keyboard-response","231","785527","0.0-11.0-1.14","","","","","","","","","","","",""
"image-keyboard-response","232","786037","0.0-11.0-2.14","null","stimuli/noise_texture.png","null","","","","","","","","",""
"custom-labels-response","233","792396","0.0-11.0-3.14","6356.5","","relieved","","","","","tom-labels","","","M2","flirtatious"
"html-keyboard-response","234","793412","0.0-11.0-0.15","null","<span style=""font-size:40px;"">+</span>","null","","","","","","","","",""
"html-keyboard-response","235","801822","0.0-11.0-1.15","","","","","","","","","","","",""
"image-keyboard-response","236","802330","0.0-11.0-2.15","null","stimuli/noise_texture.png","null","","","","","","","","",""
"custom-labels-response","237","805618","0.0-11.0-3.15","3285.5","","skeptical","","","","","tom-labels","","","M4","skeptical"
"html-keyboard-response","238","806633","0.0-11.0-0.16","null","<span style=""font-size:40px;"">+</span>","null","","","","","","","","",""
"html-keyboard-response","239","815335","0.0-11.0-1.16","","","","","","","","","","","",""
"image-keyboard-response","240","815852","0.0-11.0-2.16","null","stimuli/noise_texture.png","null","","","","","","","","",""
"custom-labels-response","241","818488","0.0-11.0-3.16","2634.400000035763","","curious","","","","","tom-labels","","","F3","pensive"
"html-keyboard-response","242","819504","0.0-11.0-0.17","null","<span style=""font-size:40px;"">+</span>","null","","","","","","","","",""
"html-keyboard-response","243","827865","0.0-11.0-1.17","","","","","","","","","","","",""
"image-keyboard-response","244","828372","0.0-11.0-2.17","null","stimuli/noise_texture.png","null","","","","","","","","",""
"custom-labels-response","245","832659","0.0-11.0-3.17","4284","","imploring","","","","","tom-labels","","","F4","imploring"
"html-keyboard-response","246","833674","0.0-11.0-0.18","null","<span style=""font-size:40px;"">+</span>","null","","","","","","","","",""
"html-keyboard-response","247","841971","0.0-11.0-1.18","","","","","","","","","","","",""
"image-keyboard-response","248","842488","0.0-11.0-2.18","null","stimuli/noise_texture.png","null","","","","","","","","",""
"custom-labels-response","249","860069","0.0-11.0-3.18","17578.30000001192","","terrified","","","","","tom-labels","","","M5","terrified"
"html-keyboard-response","250","861071","0.0-11.0-0.19","null","<span style=""font-size:40px;"">+</span>","null","","","","","","","","",""
"html-keyboard-response","251","868117","0.0-11.0-1.19","","","","","","","","","","","",""
"image-keyboard-response","252","868632","0.0-11.0-2.19","null","stimuli/noise_texture.png","null","","","","","","","","",""
"custom-labels-response","253","870855","0.0-11.0-3.19","2219.400000035763","","concerned","","","","","tom-labels","","","F7","concerned"
"html-keyboard-response","254","871869","0.0-11.0-0.20","null","<span style=""font-size:40px;"">+</span>","null","","","","","","","","",""
"html-keyboard-response","255","878781","0.0-11.0-1.20","","","","","","","","","","","",""
"image-keyboard-response","256","879285","0.0-11.0-2.20","null","stimuli/noise_texture.png","null","","","","","","","","",""
"custom-labels-response","257","882165","0.0-11.0-3.20","2878.399999976158","","disappointed","","","","","tom-labels","","","F5","disappointed"
"html-keyboard-response","258","883170","0.0-11.0-0.21","null","<span style=""font-size:40px;"">+</span>","null","","","","","","","","",""
"html-keyboard-response","259","889670","0.0-11.0-1.21","","","","","","","","","","","",""
"image-keyboard-response","260","890175","0.0-11.0-2.21","null","stimuli/noise_texture.png","null","","","","","","","","",""
"custom-labels-response","261","892169","0.0-11.0-3.21","1992.2999999523163","","anticipating","","","","","tom-labels","","","M1","arrogant"
"html-button-response","262","894259","0.0-12.0","2084.899999976158","You have completed the first part of the experiment.<br> Please take a five-minute break before moving on to the next trial.<p> Feel free to walk around the room and stretch. However, please make sure to return to the task<br> within 5 minutes, as extended delays may result in automatic withdrawal from the study.<br>Press <b>Continue</b> to proceed with the experiment.<p><span id=""clock"">5:00</span>","0","","","","","","","","",""
"instructions","263","899580","0.0-13.0","5317.700000047684","","","","","","","","","[{""page_index"":0,""viewing_time"":855.2000000476837},{""page_index"":1,""viewing_time"":3323.899999976158},{""page_index"":2,""viewing_time"":1137.8999999761581}]","",""
"html-keyboard-response","264","900592","0.0-14.0-0.0","null","<span style=""font-size:40px;"">+</span>","null","","","","","","","","",""
"html-keyboard-response","265","907187","0.0-14.0-1.0","","","","","","","","","","","",""
"image-keyboard-response","266","907696","0.0-14.0-2.0","null","stimuli/noise_texture.png","null","","","","","","","","",""
"custom-labels-response","267","910185","0.0-14.0-3.0","2486.800000011921","","anxious","","","","","tom-labels","","","F7","anxious"
"html-keyboard-response","268","911186","0.0-14.0-0.1","null","<span style=""font-size:40px;"">+</span>","null","","","","","","","","",""
"html-keyboard-response","269","917034","0.0-14.0-1.1","","","","","","","","","","","",""
"image-keyboard-response","270","917549","0.0-14.0-2.1","null","stimuli/noise_texture.png","null","","","","","","","","",""
"custom-labels-response","271","921341","0.0-14.0-3.1","3790.7000000476837","","confident","","","","","tom-labels","","","M1","confident"
"html-keyboard-response","272","922347","0.0-14.0-0.2","null","<span style=""font-size:40px;"">+</span>","null","","","","","","","","",""
"html-keyboard-response","273","929556","0.0-14.0-1.2","","","","","","","","","","","",""
"image-keyboard-response","274","930071","0.0-14.0-2.2","null","stimuli/noise_texture.png","null","","","","","","","","",""
"custom-labels-response","275","932822","0.0-14.0-3.2","2748.899999976158","","comforting","","","","","tom-labels","","","F6","comforting"
"html-keyboard-response","276","933838","0.0-14.0-0.3","null","<span style=""font-size:40px;"">+</span>","null","","","","","","","","",""
"html-keyboard-response","277","941042","0.0-14.0-1.3","","","","","","","","","","","",""
"image-keyboard-response","278","941556","0.0-14.0-2.3","null","stimuli/noise_texture.png","null","","","","","","","","",""
"custom-labels-response","279","943946","0.0-14.0-3.3","2389.300000011921","","curious","","","","","tom-labels","","","F8","desire"
"html-keyboard-response","280","944956","0.0-14.0-0.4","null","<span style=""font-size:40px;"">+</span>","null","","","","","","","","",""
"html-keyboard-response","281","951561","0.0-14.0-1.4","","","","","","","","","","","",""
"image-keyboard-response","282","952074","0.0-14.0-2.4","null","stimuli/noise_texture.png","null","","","","","","","","",""
"custom-labels-response","283","956447","0.0-14.0-3.4","4371.800000011921","","fascinated","","","","","tom-labels","","","F2","tentative"
"html-keyboard-response","284","957457","0.0-14.0-0.5","null","<span style=""font-size:40px;"">+</span>","null","","","","","","","","",""
"html-keyboard-response","285","963907","0.0-14.0-1.5","","","","","","","","","","","",""
"image-keyboard-response","286","964417","0.0-14.0-2.5","null","stimuli/noise_texture.png","null","","","","","","","","",""
"custom-labels-response","287","966802","0.0-14.0-3.5","2381.900000035763","","dispirited","","","","","tom-labels","","","F7","dispirited"
"html-keyboard-response","288","967808","0.0-14.0-0.6","null","<span style=""font-size:40px;"">+</span>","null","","","","","","","","",""
"html-keyboard-response","289","974366","0.0-14.0-1.6","","","","","","","","","","","",""
"image-keyboard-response","290","974879","0.0-14.0-2.6","null","stimuli/noise_texture.png","null","","","","","","","","",""
"custom-labels-response","291","977090","0.0-14.0-3.6","2207.800000011921","","encouraging","","","","","tom-labels","","","F5","encouraging"
"html-keyboard-response","292","978101","0.0-14.0-0.7","null","<span style=""font-size:40px;"">+</span>","null","","","","","","","","",""
"html-keyboard-response","293","984746","0.0-14.0-1.7","","","","","","","","","","","",""
"image-keyboard-response","294","985252","0.0-14.0-2.7","null","stimuli/noise_texture.png","null","","","","","","","","",""
"custom-labels-response","295","988940","0.0-14.0-3.7","3681.899999976158","","regretful","","","","","tom-labels","","","M3","dubious"
"html-keyboard-response","296","989951","0.0-14.0-0.8","null","<span style=""font-size:40px;"">+</span>","null","","","","","","","","",""
"html-keyboard-response","297","996330","0.0-14.0-1.8","","","","","","","","","","","",""
"image-keyboard-response","298","996850","0.0-14.0-2.8","null","stimuli/noise_texture.png","null","","","","","","","","",""
"custom-labels-response","299","999460","0.0-14.0-3.8","2607.2999999523163","","depressed","","","","","tom-labels","","","F3","depressed"
"html-keyboard-response","300","1000475","0.0-14.0-0.9","null","<span style=""font-size:40px;"">+</span>","null","","","","","","","","",""
"html-keyboard-response","301","1006742","0.0-14.0-1.9","","","","","","","","","","","",""
"image-keyboard-response","302","1007251","0.0-14.0-2.9","null","stimuli/noise_texture.png","null","","","","","","","","",""
"custom-labels-response","303","1009300","0.0-14.0-3.9","2046.199999988079","","annoyed","","","","","tom-labels","","","M3","hateful"
"html-keyboard-response","304","1010311","0.0-14.0-0.10","null","<span style=""font-size:40px;"">+</span>","null","","","","","","","","",""
"html-keyboard-response","305","1017098","0.0-14.0-1.10","","","","","","","","","","","",""
"image-keyboard-response","306","1017611","0.0-14.0-2.10","null","stimuli/noise_texture.png","null","","","","","","","","",""
"custom-labels-response","307","1020929","0.0-14.0-3.10","3315.399999976158","","resentful","","","","","tom-labels","","","F5","resentful"
"html-keyboard-response","308","1021944","0.0-14.0-0.11","null","<span style=""font-size:40px;"">+</span>","null","","","","","","","","",""
"html-keyboard-response","309","1028879","0.0-14.0-1.11","","","","","","","","","","","",""
"image-keyboard-response","310","1029393","0.0-14.0-2.11","null","stimuli/noise_texture.png","null","","","","","","","","",""
"custom-labels-response","311","1032431","0.0-14.0-3.11","3035.5","","indecisive","","","","","tom-labels","","","M4","intrigued"
"html-keyboard-response","312","1033435","0.0-14.0-0.12","null","<span style=""font-size:40px;"">+</span>","null","","","","","","","","",""
"html-keyboard-response","313","1039587","0.0-14.0-1.12","","","","","","","","","","","",""
"image-keyboard-response","314","1040095","0.0-14.0-2.12","null","stimuli/noise_texture.png","null","","","","","","","","",""
"custom-labels-response","315","1044893","0.0-14.0-3.12","4794.5","","annoyed","","","","","tom-labels","","","M3","resentful"
"html-keyboard-response","316","1045902","0.0-14.0-0.13","null","<span style=""font-size:40px;"">+</span>","null","","","","","","","","",""
"html-keyboard-response","317","1053466","0.0-14.0-1.13","","","","","","","","","","","",""
"image-keyboard-response","318","1053973","0.0-14.0-2.13","null","stimuli/noise_texture.png","null","","","","","","","","",""
"custom-labels-response","319","1057895","0.0-14.0-3.13","3919.5","","embarrassed","","","","","tom-labels","","","M2","thoughtful"
"html-keyboard-response","320","1058903","0.0-14.0-0.14","null","<span style=""font-size:40px;"">+</span>","null","","","","","","","","",""
"html-keyboard-response","321","1065621","0.0-14.0-1.14","","","","","","","","","","","",""
"image-keyboard-response","322","1066128","0.0-14.0-2.14","null","stimuli/noise_texture.png","null","","","","","","","","",""
"custom-labels-response","323","1069899","0.0-14.0-3.14","3769.099999964237","","doubtful","","","","","tom-labels","","","F7","apologetic"
"html-keyboard-response","324","1070908","0.0-14.0-0.15","null","<span style=""font-size:40px;"">+</span>","null","","","","","","","","",""
"html-keyboard-response","325","1085553","0.0-14.0-1.15","","","","","","","","","","","",""
"image-keyboard-response","326","1086068","0.0-14.0-2.15","null","stimuli/noise_texture.png","null","","","","","","","","",""
"custom-labels-response","327","1089221","0.0-14.0-3.15","3150.699999988079","","accusing","","","","","tom-labels","","","F6","accusing"
"html-keyboard-response","328","1090233","0.0-14.0-0.16","null","<span style=""font-size:40px;"">+</span>","null","","","","","","","","",""
"html-keyboard-response","329","1097580","0.0-14.0-1.16","","","","","","","","","","","",""
"image-keyboard-response","330","1098089","0.0-14.0-2.16","null","stimuli/noise_texture.png","null","","","","","","","","",""
"custom-labels-response","331","1101625","0.0-14.0-3.16","3533.199999988079","","nervous","","","","","tom-labels","","","F2","nervous"
"html-keyboard-response","332","1102631","0.0-14.0-0.17","null","<span style=""font-size:40px;"">+</span>","null","","","","","","","","",""
"html-keyboard-response","333","1110802","0.0-14.0-1.17","","","","","","","","","","","",""
"image-keyboard-response","334","1111306","0.0-14.0-2.17","null","stimuli/noise_texture.png","null","","","","","","","","",""
"custom-labels-response","335","1113829","0.0-14.0-3.17","2519.2999999523163","","defiant","","","","","tom-labels","","","F4","defiant"
"html-keyboard-response","336","1114846","0.0-14.0-0.18","null","<span style=""font-size:40px;"">+</span>","null","","","","","","","","",""
"html-keyboard-response","337","1125217","0.0-14.0-1.18","","","","","","","","","","","",""
"image-keyboard-response","338","1125729","0.0-14.0-2.18","null","stimuli/noise_texture.png","null","","","","","","","","",""
"custom-labels-response","339","1129302","0.0-14.0-3.18","3569.800000011921","","friendly","","","","","tom-labels","","","F8","friendly"
"html-keyboard-response","340","1130304","0.0-14.0-0.19","null","<span style=""font-size:40px;"">+</span>","null","","","","","","","","",""
"html-keyboard-response","341","1138991","0.0-14.0-1.19","","","","","","","","","","","",""
"image-keyboard-response","342","1139500","0.0-14.0-2.19","null","stimuli/noise_texture.png","null","","","","","","","","",""
"custom-labels-response","343","1144429","0.0-14.0-3.19","4926.899999976158","","dispirited","","","","","tom-labels","","","M6","convinced"
"html-keyboard-response","344","1145436","0.0-14.0-0.20","null","<span style=""font-size:40px;"">+</span>","null","","","","","","","","",""
"html-keyboard-response","345","1151665","0.0-14.0-1.20","","","","","","","","","","","",""
"image-keyboard-response","346","1152171","0.0-14.0-2.20","null","stimuli/noise_texture.png","null","","","","","","","","",""
"custom-labels-response","347","1156476","0.0-14.0-3.20","4302.5","","sympathetic","","","","","tom-labels","","","M3","sympathetic"
"html-keyboard-response","348","1157482","0.0-14.0-0.21","null","<span style=""font-size:40px;"">+</span>","null","","","","","","","","",""
"html-keyboard-response","349","1164271","0.0-14.0-1.21","","","","","","","","","","","",""
"image-keyboard-response","350","1164775","0.0-14.0-2.21","null","stimuli/noise_texture.png","null","","","","","","","","",""
"custom-labels-response","351","1166739","0.0-14.0-3.21","1962.6000000238419","","deciding","","","","","tom-labels","","","F5","skeptical"
"html-keyboard-response","352","1167748","0.0-14.0-0.22","null","<span style=""font-size:40px;"">+</span>","null","","","","","","","","",""
"html-keyboard-response","353","1174483","0.0-14.0-1.22","","","","","","","","","","","",""
"image-keyboard-response","354","1174997","0.0-14.0-2.22","null","stimuli/noise_texture.png","null","","","","","","","","",""
"custom-labels-response","355","1178581","0.0-14.0-3.22","3580.100000023842","","indecisive","","","","","tom-labels","","","M6","reflective"
"html-keyboard-response","356","1179596","0.0-14.0-0.23","null","<span style=""font-size:40px;"">+</span>","null","","","","","","","","",""
"html-keyboard-response","357","1186071","0.0-14.0-1.23","","","","","","","","","","","",""
"image-keyboard-response","358","1186581","0.0-14.0-2.23","null","stimuli/noise_texture.png","null","","","","","","","","",""
"custom-labels-response","359","1189135","0.0-14.0-3.23","2552.199999988079","","affectionate","","","","","tom-labels","","","M4","affectionate"
"html-keyboard-response","360","1190138","0.0-14.0-0.24","null","<span style=""font-size:40px;"">+</span>","null","","","","","","","","",""
"html-keyboard-response","361","1196211","0.0-14.0-1.24","","","","","","","","","","","",""
"image-keyboard-response","362","1196714","0.0-14.0-2.24","null","stimuli/noise_texture.png","null","","","","","","","","",""
"custom-labels-response","363","1200406","0.0-14.0-3.24","3690.699999988079","","threatening","","","","","tom-labels","","","M3","threatening"
"html-keyboard-response","364","1201419","0.0-14.0-0.25","null","<span style=""font-size:40px;"">+</span>","null","","","","","","","","",""
"html-keyboard-response","365","1209489","0.0-14.0-1.25","","","","","","","","","","","",""
"image-keyboard-response","366","1209996","0.0-14.0-2.25","null","stimuli/noise_texture.png","null","","","","","","","","",""
"custom-labels-response","367","1215660","0.0-14.0-3.25","5661.5","","dubious","","","","","tom-labels","","","M6","serious"
"html-keyboard-response","368","1216666","0.0-14.0-0.26","null","<span style=""font-size:40px;"">+</span>","null","","","","","","","","",""
"html-keyboard-response","369","1223577","0.0-14.0-1.26","","","","","","","","","","","",""
"image-keyboard-response","370","1224084","0.0-14.0-2.26","null","stimuli/noise_texture.png","null","","","","","","","","",""
"custom-labels-response","371","1227580","0.0-14.0-3.26","3493.300000011921","","sympathetic","","","","","tom-labels","","","M5","interested"
"html-keyboard-response","372","1228586","0.0-14.0-0.27","null","<span style=""font-size:40px;"">+</span>","null","","","","","","","","",""
"html-keyboard-response","373","1234306","0.0-14.0-1.27","","","","","","","","","","","",""
"image-keyboard-response","374","1234816","0.0-14.0-2.27","null","stimuli/noise_texture.png","null","","","","","","","","",""
"custom-labels-response","375","1238350","0.0-14.0-3.27","3531","","ashamed","","","","","tom-labels","","","M1","ashamed"
"html-keyboard-response","376","1239365","0.0-14.0-0.28","null","<span style=""font-size:40px;"">+</span>","null","","","","","","","","",""
"html-keyboard-response","377","1246146","0.0-14.0-1.28","","","","","","","","","","","",""
"image-keyboard-response","378","1246653","0.0-14.0-2.28","null","stimuli/noise_texture.png","null","","","","","","","","",""
"custom-labels-response","379","1251023","0.0-14.0-3.28","4366","","curious","","","","","tom-labels","","","M1","relaxed"
"html-keyboard-response","380","1252025","0.0-14.0-0.29","null","<span style=""font-size:40px;"">+</span>","null","","","","","","","","",""
"html-keyboard-response","381","1262105","0.0-14.0-1.29","","","","","","","","","","","",""
"image-keyboard-response","382","1262613","0.0-14.0-2.29","null","stimuli/noise_texture.png","null","","","","","","","","",""
"custom-labels-response","383","1264870","0.0-14.0-3.29","2255.7999999523163","","dominant","","","","","tom-labels","","","F4","dominant"
"html-keyboard-response","384","1265877","0.0-15.0-0.0","null","<span style=""font-size:40px;"">+</span>","null","","","","","","","","",""
"html-keyboard-response","385","1272613","0.0-15.0-1.0","","","","","","","","","","","",""
"image-keyboard-response","386","1273129","0.0-15.0-2.0","null","stimuli/noise_texture.png","null","","","","","","","","",""
"custom-labels-response","387","1276016","0.0-15.0-3.0","2883.400000035763","","click","","","","","attention-check","","","F8","decisive"
"html-keyboard-response","388","1277032","0.0-17.0-0.0","null","<span style=""font-size:40px;"">+</span>","null","","","","","","","","",""
"html-keyboard-response","389","1285461","0.0-17.0-1.0","","","","","","","","","","","",""
"image-keyboard-response","390","1285976","0.0-17.0-2.0","null","stimuli/noise_texture.png","null","","","","","","","","",""
"custom-labels-response","391","1288532","0.0-17.0-3.0","2554.2000000476837","","deciding","","","","","tom-labels","","","F6","flirtatious"
"html-keyboard-response","392","1289546","0.0-17.0-0.1","null","<span style=""font-size:40px;"">+</span>","null","","","","","","","","",""
"html-keyboard-response","393","1297078","0.0-17.0-1.1","","","","","","","","","","","",""
"image-keyboard-response","394","1297581","0.0-17.0-2.1","null","stimuli/noise_texture.png","null","","","","","","","","",""
"custom-labels-response","395","1300964","0.0-17.0-3.1","3380.899999976158","","baffled","","","","","tom-labels","","","M4","baffled"
"html-keyboard-response","396","1301982","0.0-17.0-0.2","null","<span style=""font-size:40px;"">+</span>","null","","","","","","","","",""
"html-keyboard-response","397","1308958","0.0-17.0-1.2","","","","","","","","","","","",""
"image-keyboard-response","398","1309463","0.0-17.0-2.2","null","stimuli/noise_texture.png","null","","","","","","","","",""
"custom-labels-response","399","1313380","0.0-17.0-3.2","3915.800000011921","","guilty","","","","","tom-labels","","","F7","insulting"
"html-keyboard-response","400","1314390","0.0-17.0-0.3","null","<span style=""font-size:40px;"">+</span>","null","","","","","","","","",""
"html-keyboard-response","401","1320838","0.0-17.0-1.3","","","","","","","","","","","",""
"image-keyboard-response","402","1321350","0.0-17.0-2.3","null","stimuli/noise_texture.png","null","","","","","","","","",""
"custom-labels-response","403","1324664","0.0-17.0-3.3","3311.199999988079","","impatient","","","","","tom-labels","","","M3","impatient"
"html-keyboard-response","404","1325674","0.0-17.0-0.4","null","<span style=""font-size:40px;"">+</span>","null","","","","","","","","",""
"html-keyboard-response","405","1333293","0.0-17.0-1.4","","","","","","","","","","","",""
"image-keyboard-response","406","1333809","0.0-17.0-2.4","null","stimuli/noise_texture.png","null","","","","","","","","",""
"custom-labels-response","407","1338088","0.0-17.0-3.4","4276.799999952316","","resentful","","","","","tom-labels","","","M2","cautious"
"html-keyboard-response","408","1339099","0.0-17.0-0.5","null","<span style=""font-size:40px;"">+</span>","null","","","","","","","","",""
"html-keyboard-response","409","1346988","0.0-17.0-1.5","","","","","","","","","","","",""
"image-keyboard-response","410","1347497","0.0-17.0-2.5","null","stimuli/noise_texture.png","null","","","","","","","","",""
"custom-labels-response","411","1350518","0.0-17.0-3.5","3018.5","","dispirited","","","","","tom-labels","","","M1","incredulous"
"html-keyboard-response","412","1351528","0.0-17.0-0.6","null","<span style=""font-size:40px;"">+</span>","null","","","","","","","","",""
"html-keyboard-response","413","1360309","0.0-17.0-1.6","","","","","","","","","","","",""
"image-keyboard-response","414","1360811","0.0-17.0-2.6","null","stimuli/noise_texture.png","null","","","","","","","","",""
"custom-labels-response","415","1364539","0.0-17.0-3.6","3725","","impatient","","","","","tom-labels","","","M4","panicked"
"html-keyboard-response","416","1365553","0.0-17.0-0.7","null","<span style=""font-size:40px;"">+</span>","null","","","","","","","","",""
"html-keyboard-response","417","1378776","0.0-17.0-1.7","","","","","","","","","","","",""
"image-keyboard-response","418","1379284","0.0-17.0-2.7","null","stimuli/noise_texture.png","null","","","","","","","","",""
"custom-labels-response","419","1381568","0.0-17.0-3.7","2282.5","","deciding","","","","","tom-labels","","","F6","deciding"
"html-keyboard-response","420","1382574","0.0-17.0-0.8","null","<span style=""font-size:40px;"">+</span>","null","","","","","","","","",""
"html-keyboard-response","421","1389590","0.0-17.0-1.8","","","","","","","","","","","",""
"image-keyboard-response","422","1390095","0.0-17.0-2.8","null","stimuli/noise_texture.png","null","","","","","","","","",""
"custom-labels-response","423","1393399","0.0-17.0-3.8","3302.5","","despondent","","","","","tom-labels","","","F2","relaxed"
"html-keyboard-response","424","1394404","0.0-17.0-0.9","null","<span style=""font-size:40px;"">+</span>","null","","","","","","","","",""
"html-keyboard-response","425","1402354","0.0-17.0-1.9","","","","","","","","","","","",""
"image-keyboard-response","426","1402866","0.0-17.0-2.9","null","stimuli/noise_texture.png","null","","","","","","","","",""
"custom-labels-response","427","1405329","0.0-17.0-3.9","2460.600000023842","","concerned","","","","","tom-labels","","","F6","contemplative"
"html-keyboard-response","428","1406349","0.0-17.0-0.10","null","<span style=""font-size:40px;"">+</span>","null","","","","","","","","",""
"html-keyboard-response","429","1413500","0.0-17.0-1.10","","","","","","","","","","","",""
"image-keyboard-response","430","1414006","0.0-17.0-2.10","null","stimuli/noise_texture.png","null","","","","","","","","",""
"custom-labels-response","431","1417838","0.0-17.0-3.10","3829.300000011921","","entertained","","","","","tom-labels","","","F3","entertained"
"html-keyboard-response","432","1418852","0.0-17.0-0.11","null","<span style=""font-size:40px;"">+</span>","null","","","","","","","","",""
"html-keyboard-response","433","1425993","0.0-17.0-1.11","","","","","","","","","","","",""
"image-keyboard-response","434","1426504","0.0-17.0-2.11","null","stimuli/noise_texture.png","null","","","","","","","","",""
"custom-labels-response","435","1429575","0.0-17.0-3.11","3068.5","","arrogant","","","","","tom-labels","","","F4","arrogant"
"html-keyboard-response","436","1430580","0.0-17.0-0.12","null","<span style=""font-size:40px;"">+</span>","null","","","","","","","","",""
"html-keyboard-response","437","1438480","0.0-17.0-1.12","","","","","","","","","","","",""
"image-keyboard-response","438","1438985","0.0-17.0-2.12","null","stimuli/noise_texture.png","null","","","","","","","","",""
"custom-labels-response","439","1440776","0.0-17.0-3.12","1789.2999999523163","","aghast","","","","","tom-labels","","","M3","aghast"
"html-keyboard-response","440","1441789","0.0-17.0-0.13","null","<span style=""font-size:40px;"">+</span>","null","","","","","","","","",""
"html-keyboard-response","441","1450906","0.0-17.0-1.13","","","","","","","","","","","",""
"image-keyboard-response","442","1451411","0.0-17.0-2.13","null","stimuli/noise_texture.png","null","","","","","","","","",""
"custom-labels-response","443","1453284","0.0-17.0-3.13","1871.0999999642372","","deciding","","","","","tom-labels","","","M4","worried"
"html-keyboard-response","444","1454297","0.0-17.0-0.14","null","<span style=""font-size:40px;"">+</span>","null","","","","","","","","",""
"html-keyboard-response","445","1462737","0.0-17.0-1.14","","","","","","","","","","","",""
"image-keyboard-response","446","1463246","0.0-17.0-2.14","null","stimuli/noise_texture.png","null","","","","","","","","",""
"custom-labels-response","447","1464938","0.0-17.0-3.14","1690.800000011921","","indecisive","","","","","tom-labels","","","F3","indecisive"
"html-keyboard-response","448","1465952","0.0-17.0-0.15","null","<span style=""font-size:40px;"">+</span>","null","","","","","","","","",""
"html-keyboard-response","449","1473915","0.0-17.0-1.15","","","","","","","","","","","",""
"image-keyboard-response","450","1474419","0.0-17.0-2.15","null","stimuli/noise_texture.png","null","","","","","","","","",""
"custom-labels-response","451","1479384","0.0-17.0-3.15","4961.799999952316","","puzzled","","","","","tom-labels","","","F6","puzzled"
"html-keyboard-response","452","1480388","0.0-17.0-0.16","null","<span style=""font-size:40px;"">+</span>","null","","","","","","","","",""
"html-keyboard-response","453","1488565","0.0-17.0-1.16","","","","","","","","","","","",""
"image-keyboard-response","454","1489076","0.0-17.0-2.16","null","stimuli/noise_texture.png","null","","","","","","","","",""
"custom-labels-response","455","1491771","0.0-17.0-3.16","2692.599999964237","","entertained","","","","","tom-labels","","","M2","entertained"
"html-keyboard-response","456","1492779","0.0-17.0-0.17","null","<span style=""font-size:40px;"">+</span>","null","","","","","","","","",""
"html-keyboard-response","457","1499854","0.0-17.0-1.17","","","","","","","","","","","",""
"image-keyboard-response","458","1500360","0.0-17.0-2.17","null","stimuli/noise_texture.png","null","","","","","","","","",""
"custom-labels-response","459","1502332","0.0-17.0-3.17","1968.9000000357628","","baffled","","","","","tom-labels","","","F7","embarrassed"
"html-keyboard-response","460","1503343","0.0-17.0-0.18","null","<span style=""font-size:40px;"">+</span>","null","","","","","","","","",""
"html-keyboard-response","461","1509103","0.0-17.0-1.18","","","","","","","","","","","",""
"image-keyboard-response","462","1509613","0.0-17.0-2.18","null","stimuli/noise_texture.png","null","","","","","","","","",""
"custom-labels-response","463","1511533","0.0-17.0-3.18","1918","","skeptical","","","","","tom-labels","","","M1","disappointed"
"html-keyboard-response","464","1512547","0.0-17.0-0.19","null","<span style=""font-size:40px;"">+</span>","null","","","","","","","","",""
"html-keyboard-response","465","1519074","0.0-17.0-1.19","","","","","","","","","","","",""
"image-keyboard-response","466","1519583","0.0-17.0-2.19","null","stimuli/noise_texture.png","null","","","","","","","","",""
"custom-labels-response","467","1522285","0.0-17.0-3.19","2700.699999988079","","amused","","","","","tom-labels","","","M1","amused"
"html-keyboard-response","468","1523301","0.0-17.0-0.20","null","<span style=""font-size:40px;"">+</span>","null","","","","","","","","",""
"html-keyboard-response","469","1530145","0.0-17.0-1.20","","","","","","","","","","","",""
"image-keyboard-response","470","1530650","0.0-17.0-2.20","null","stimuli/noise_texture.png","null","","","","","","","","",""
"custom-labels-response","471","1534058","0.0-17.0-3.20","3397.900000035763","","hateful","","","","","tom-labels","","","F2","hateful"
"html-keyboard-response","472","1535062","0.0-17.0-0.21","null","<span style=""font-size:40px;"">+</span>","null","","","","","","","","",""
"html-keyboard-response","473","1541680","0.0-17.0-1.21","","","","","","","","","","","",""
"image-keyboard-response","474","1542193","0.0-17.0-2.21","null","stimuli/noise_texture.png","null","","","","","","","","",""
"custom-labels-response","475","1544140","0.0-17.0-3.21","1944.5","","amused","","","","","tom-labels","","","F5","amused"
"html-keyboard-response","476","1545145","0.0-17.0-0.22","null","<span style=""font-size:40px;"">+</span>","null","","","","","","","","",""
"html-keyboard-response","477","1551737","0.0-17.0-1.22","","","","","","","","","","","",""
"image-keyboard-response","478","1552243","0.0-17.0-2.22","null","stimuli/noise_texture.png","null","","","","","","","","",""
"custom-labels-response","479","1555438","0.0-17.0-3.22","3192.199999988079","","dominant","","","","","tom-labels","","","M1","dominant"
"html-keyboard-response","480","1556442","0.0-17.0-0.23","null","<span style=""font-size:40px;"">+</span>","null","","","","","","","","",""
"html-keyboard-response","481","1563422","0.0-17.0-1.23","","","","","","","","","","","",""
"image-keyboard-response","482","1563930","0.0-17.0-2.23","null","stimuli/noise_texture.png","null","","","","","","","","",""
"custom-labels-response","483","1569005","0.0-17.0-3.23","5071.900000035763","","preoccupied","","","","","tom-labels","","","M6","relieved"
"html-keyboard-response","484","1570015","0.0-17.0-0.24","null","<span style=""font-size:40px;"">+</span>","null","","","","","","","","",""
"html-keyboard-response","485","1576948","0.0-17.0-1.24","","","","","","","","","","","",""
"image-keyboard-response","486","1577468","0.0-17.0-2.24","null","stimuli/noise_texture.png","null","","","","","","","","",""
"custom-labels-response","487","1581381","0.0-17.0-3.24","3911.699999988079","","reflective","","","","","tom-labels","","","F2","reflective"
"html-keyboard-response","488","1582386","0.0-17.0-0.25","null","<span style=""font-size:40px;"">+</span>","null","","","","","","","","",""
"html-keyboard-response","489","1588773","0.0-17.0-1.25","","","","","","","","","","","",""
"image-keyboard-response","490","1589295","0.0-17.0-2.25","null","stimuli/noise_texture.png","null","","","","","","","","",""
"custom-labels-response","491","1591425","0.0-17.0-3.25","2127.300000011921","","distrustful","","","","","tom-labels","","","F3","distrustful"
"html-keyboard-response","492","1592442","0.0-17.0-0.26","null","<span style=""font-size:40px;"">+</span>","null","","","","","","","","",""
"html-keyboard-response","493","1599488","0.0-17.0-1.26","","","","","","","","","","","",""
"image-keyboard-response","494","1599990","0.0-17.0-2.26","null","stimuli/noise_texture.png","null","","","","","","","","",""
"custom-labels-response","495","1602545","0.0-17.0-3.26","2552.5","","insisting","","","","","tom-labels","","","M2","insisting"
"html-keyboard-response","496","1603548","0.0-17.0-0.27","null","<span style=""font-size:40px;"">+</span>","null","","","","","","","","",""
"html-keyboard-response","497","1610085","0.0-17.0-1.27","","","","","","","","","","","",""
"image-keyboard-response","498","1610593","0.0-17.0-2.27","null","stimuli/noise_texture.png","null","","","","","","","","",""
"custom-labels-response","499","1613234","0.0-17.0-3.27","2637.800000011921","","defiant","","","","","tom-labels","","","M5","earnest"
"html-keyboard-response","500","1614248","0.0-17.0-0.28","null","<span style=""font-size:40px;"">+</span>","null","","","","","","","","",""
"html-keyboard-response","501","1620892","0.0-17.0-1.28","","","","","","","","","","","",""
"image-keyboard-response","502","1621399","0.0-17.0-2.28","null","stimuli/noise_texture.png","null","","","","","","","","",""
"custom-labels-response","503","1625785","0.0-17.0-3.28","4384","","upset","","","","","tom-labels","","","F4","upset"
"html-keyboard-response","504","1626789","0.0-17.0-0.29","null","<span style=""font-size:40px;"">+</span>","null","","","","","","","","",""
"html-keyboard-response","505","1633523","0.0-17.0-1.29","","","","","","","","","","","",""
"image-keyboard-response","506","1634035","0.0-17.0-2.29","null","stimuli/noise_texture.png","null","","","","","","","","",""
"custom-labels-response","507","1636100","0.0-17.0-3.29","2062","","irritated","","","","","tom-labels","","","M6","irritated"
"html-keyboard-response","508","1637108","0.0-17.0-0.30","null","<span style=""font-size:40px;"">+</span>","null","","","","","","","","",""
"html-keyboard-response","509","1643988","0.0-17.0-1.30","","","","","","","","","","","",""
"image-keyboard-response","510","1644494","0.0-17.0-2.30","null","stimuli/noise_texture.png","null","","","","","","","","",""
"custom-labels-response","511","1648293","0.0-17.0-3.30","3796.5","","accusing","","","","","tom-labels","","","F8","jealous"
"html-keyboard-response","512","1649306","0.0-17.0-0.31","null","<span style=""font-size:40px;"">+</span>","null","","","","","","","","",""
"html-keyboard-response","513","1656152","0.0-17.0-1.31","","","","","","","","","","","",""
"image-keyboard-response","514","1656665","0.0-17.0-2.31","null","stimuli/noise_texture.png","null","","","","","","","","",""
"custom-labels-response","515","1659079","0.0-17.0-3.31","2412.400000035763","","horrified","","","","","tom-labels","","","M5","embarrassed"
"html-button-response","516","1661301","0.0-18.0","2218.300000011921","You have completed the second part of the experiment.<br> Please take a five-minute break before moving on to the next trial.<p> Feel free to walk around the room and stretch. However, please make sure to return to the task<br> within 5 minutes, as extended delays may result in automatic withdrawal from the study.<br>Press <b>Continue</b> to proceed with the experiment.<p><span id=""clock"">5:00</span>","0","","","","","","","","",""
"instructions","517","1669207","0.0-19.0","7904.299999952316","","","","","","","","","[{""page_index"":0,""viewing_time"":1860},{""page_index"":1,""viewing_time"":4578},{""page_index"":2,""viewing_time"":1466.0999999642372}]","",""
"html-keyboard-response","518","1670219","0.0-20.0-0.0","null","<span style=""font-size:40px;"">+</span>","null","","","","","","","","",""
"html-keyboard-response","519","1676983","0.0-20.0-1.0","","","","","","","","","","","",""
"image-keyboard-response","520","1677485","0.0-20.0-2.0","null","stimuli/noise_texture.png","null","","","","","","","","",""
"custom-labels-response","521","1680287","0.0-20.0-3.0","2800","","concerned","","","","","tom-labels","","","M4","concerned"
"html-keyboard-response","522","1681290","0.0-20.0-0.1","null","<span style=""font-size:40px;"">+</span>","null","","","","","","","","",""
"html-keyboard-response","523","1687100","0.0-20.0-1.1","","","","","","","","","","","",""
"image-keyboard-response","524","1687617","0.0-20.0-2.1","null","stimuli/noise_texture.png","null","","","","","","","","",""
"custom-labels-response","525","1691177","0.0-20.0-3.1","3555.199999988079","","fascinated","","","","","tom-labels","","","M1","fascinated"
"html-keyboard-response","526","1692187","0.0-20.0-0.2","null","<span style=""font-size:40px;"">+</span>","null","","","","","","","","",""
"html-keyboard-response","527","1698903","0.0-20.0-1.2","","","","","","","","","","","",""
"image-keyboard-response","528","1699412","0.0-20.0-2.2","null","stimuli/noise_texture.png","null","","","","","","","","",""
"custom-labels-response","529","1702300","0.0-20.0-3.2","2886.300000011921","","worried","","","","","tom-labels","","","M5","suspicious"
"html-keyboard-response","530","1703306","0.0-20.0-0.3","null","<span style=""font-size:40px;"">+</span>","null","","","","","","","","",""
"html-keyboard-response","531","1710096","0.0-20.0-1.3","","","","","","","","","","","",""
"image-keyboard-response","532","1710599","0.0-20.0-2.3","null","stimuli/noise_texture.png","null","","","","","","","","",""
"custom-labels-response","533","1713945","0.0-20.0-3.3","3344.400000035763","","baffled","","","","","tom-labels","","","F2","baffled"
"html-keyboard-response","534","1714949","0.0-20.0-0.4","null","<span style=""font-size:40px;"">+</span>","null","","","","","","","","",""
"html-keyboard-response","535","1722264","0.0-20.0-1.4","","","","","","","","","","","",""
"image-keyboard-response","536","1722770","0.0-20.0-2.4","null","stimuli/noise_texture.png","null","","","","","","","","",""
"custom-labels-response","537","1725632","0.0-20.0-3.4","2860.099999964237","","grateful","","","","","tom-labels","","","M5","playful"
"html-keyboard-response","538","1726640","0.0-20.0-0.5","null","<span style=""font-size:40px;"">+</span>","null","","","","","","","","",""
"html-keyboard-response","539","1733568","0.0-20.0-1.5","","","","","","","","","","","",""
"image-keyboard-response","540","1734083","0.0-20.0-2.5","null","stimuli/noise_texture.png","null","","","","","","","","",""
"custom-labels-response","541","1735880","0.0-20.0-3.5","1794.1000000238419","","sarcastic","","","","","tom-labels","","","M2","desire"
"html-keyboard-response","542","1736887","0.0-20.0-0.6","null","<span style=""font-size:40px;"">+</span>","null","","","","","","","","",""
"html-keyboard-response","543","1743953","0.0-20.0-1.6","","","","","","","","","","","",""
"image-keyboard-response","544","1744463","0.0-20.0-2.6","null","stimuli/noise_texture.png","null","","","","","","","","",""
"custom-labels-response","545","1746521","0.0-20.0-3.6","2055.599999964237","","nervous","","","","","tom-labels","","","M2","nervous"
"html-keyboard-response","546","1747535","0.0-20.0-0.7","null","<span style=""font-size:40px;"">+</span>","null","","","","","","","","",""
"html-keyboard-response","547","1754143","0.0-20.0-1.7","","","","","","","","","","","",""
"image-keyboard-response","548","1754648","0.0-20.0-2.7","null","stimuli/noise_texture.png","null","","","","","","","","",""
"custom-labels-response","549","1758777","0.0-20.0-3.7","4126.799999952316","","hopeful","","","","","tom-labels","","","M4","hopeful"
"html-keyboard-response","550","1759789","0.0-20.0-0.8","null","<span style=""font-size:40px;"">+</span>","null","","","","","","","","",""
"html-keyboard-response","551","1767623","0.0-20.0-1.8","","","","","","","","","","","",""
"image-keyboard-response","552","1768132","0.0-20.0-2.8","null","stimuli/noise_texture.png","null","","","","","","","","",""
"custom-labels-response","553","1772651","0.0-20.0-3.8","4517.100000023842","","dubious","","","","","tom-labels","","","M2","insulting"
"html-keyboard-response","554","1773660","0.0-20.0-0.9","null","<span style=""font-size:40px;"">+</span>","null","","","","","","","","",""
"html-keyboard-response","555","1780509","0.0-20.0-1.9","","","","","","","","","","","",""
"image-keyboard-response","556","1781019","0.0-20.0-2.9","null","stimuli/noise_texture.png","null","","","","","","","","",""
"custom-labels-response","557","1784359","0.0-20.0-3.9","3337.400000035763","","curious","","","","","tom-labels","","","F4","dubious"
"html-keyboard-response","558","1785364","0.0-20.0-0.10","null","<span style=""font-size:40px;"">+</span>","null","","","","","","","","",""
"html-keyboard-response","559","1791844","0.0-20.0-1.10","","","","","","","","","","","",""
"image-keyboard-response","560","1792355","0.0-20.0-2.10","null","stimuli/noise_texture.png","null","","","","","","","","",""
"custom-labels-response","561","1794881","0.0-20.0-3.10","2523.300000011921","","dispirited","","","","","tom-labels","","","M1","dispirited"
"html-keyboard-response","562","1795889","0.0-20.0-0.11","null","<span style=""font-size:40px;"">+</span>","null","","","","","","","","",""
"html-keyboard-response","563","1807878","0.0-20.0-1.11","","","","","","","","","","","",""
"image-keyboard-response","564","1808388","0.0-20.0-2.11","null","stimuli/noise_texture.png","null","","","","","","","","",""
"custom-labels-response","565","1813368","0.0-20.0-3.11","4977.699999988079","","baffled","","","","","tom-labels","","","F4","satisfied"
"html-keyboard-response","566","1814373","0.0-20.0-0.12","null","<span style=""font-size:40px;"">+</span>","null","","","","","","","","",""
"html-keyboard-response","567","1821180","0.0-20.0-1.12","","","","","","","","","","","",""
"image-keyboard-response","568","1821691","0.0-20.0-2.12","null","stimuli/noise_texture.png","null","","","","","","","","",""
"custom-labels-response","569","1824706","0.0-20.0-3.12","3012.699999988079","","friendly","","","","","tom-labels","","","M3","grateful"
"html-keyboard-response","570","1825710","0.0-20.0-0.13","null","<span style=""font-size:40px;"">+</span>","null","","","","","","","","",""
"html-keyboard-response","571","1832228","0.0-20.0-1.13","","","","","","","","","","","",""
"image-keyboard-response","572","1832738","0.0-20.0-2.13","null","stimuli/noise_texture.png","null","","","","","","","","",""
"custom-labels-response","573","1835465","0.0-20.0-3.13","2726","","doubtful","","","","","tom-labels","","","F3","preoccupied"
"html-keyboard-response","574","1836475","0.0-20.0-0.14","null","<span style=""font-size:40px;"">+</span>","null","","","","","","","","",""
"html-keyboard-response","575","1843825","0.0-20.0-1.14","","","","","","","","","","","",""
"image-keyboard-response","576","1844333","0.0-20.0-2.14","null","stimuli/noise_texture.png","null","","","","","","","","",""
"custom-labels-response","577","1847619","0.0-20.0-3.14","3283.800000011921","","threatening","","","","","tom-labels","","","M1","upset"
"html-keyboard-response","578","1848628","0.0-20.0-0.15","null","<span style=""font-size:40px;"">+</span>","null","","","","","","","","",""
"html-keyboard-response","579","1855196","0.0-20.0-1.15","","","","","","","","","","","",""
"image-keyboard-response","580","1855702","0.0-20.0-2.15","null","stimuli/noise_texture.png","null","","","","","","","","",""
"custom-labels-response","581","1859243","0.0-20.0-3.15","3538.099999964237","","baffled","","","","","tom-labels","","","F3","ashamed"
"html-keyboard-response","582","1860254","0.0-20.0-0.16","null","<span style=""font-size:40px;"">+</span>","null","","","","","","","","",""
"html-keyboard-response","583","1866816","0.0-20.0-1.16","","","","","","","","","","","",""
"image-keyboard-response","584","1867324","0.0-20.0-2.16","null","stimuli/noise_texture.png","null","","","","","","","","",""
"custom-labels-response","585","1869446","0.0-20.0-3.16","2118.699999988079","","horrified","","","","","tom-labels","","","M1","horrified"
"html-keyboard-response","586","1870450","0.0-20.0-0.17","null","<span style=""font-size:40px;"">+</span>","null","","","","","","","","",""
"html-keyboard-response","587","1880058","0.0-20.0-1.17","","","","","","","","","","","",""
"image-keyboard-response","588","1880575","0.0-20.0-2.17","null","stimuli/noise_texture.png","null","","","","","","","","",""
"custom-labels-response","589","1883211","0.0-20.0-3.17","2633.199999988079","","regretful","","","","","tom-labels","","","F3","regretful"
"html-keyboard-response","590","1884228","0.0-20.0-0.18","null","<span style=""font-size:40px;"">+</span>","null","","","","","","","","",""
"html-keyboard-response","591","1890021","0.0-20.0-1.18","","","","","","","","","","","",""
"image-keyboard-response","592","1890529","0.0-20.0-2.18","null","stimuli/noise_texture.png","null","","","","","","","","",""
"custom-labels-response","593","1895144","0.0-20.0-3.18","4612.600000023842","","nervous","","","","","tom-labels","","","M1","pensive"
"html-keyboard-response","594","1896150","0.0-20.0-0.19","null","<span style=""font-size:40px;"">+</span>","null","","","","","","","","",""
"html-keyboard-response","595","1907023","0.0-20.0-1.19","","","","","","","","","","","",""
"image-keyboard-response","596","1907534","0.0-20.0-2.19","null","stimuli/noise_texture.png","null","","","","","","","","",""
"custom-labels-response","597","1910434","0.0-20.0-3.19","2897.199999988079","","resentful","","","","","tom-labels","","","M6","despondent"
"html-keyboard-response","598","1911455","0.0-20.0-0.20","null","<span style=""font-size:40px;"">+</span>","null","","","","","","","","",""
"html-keyboard-response","599","1923091","0.0-20.0-1.20","","","","","","","","","","","",""
"image-keyboard-response","600","1923606","0.0-20.0-2.20","null","stimuli/noise_texture.png","null","","","","","","","","",""
"custom-labels-response","601","1926361","0.0-20.0-3.20","2752.400000035763","","hopeful","","","","","tom-labels","","","F2","hopeful"
"html-keyboard-response","602","1927368","0.0-20.0-0.21","null","<span style=""font-size:40px;"">+</span>","null","","","","","","","","",""
"html-keyboard-response","603","1936388","0.0-20.0-1.21","","","","","","","","","","","",""
"image-keyboard-response","604","1936889","0.0-20.0-2.21","null","stimuli/noise_texture.png","null","","","","","","","","",""
"custom-labels-response","605","1938663","0.0-20.0-3.21","1772.300000011921","","skeptical","","","","","tom-labels","","","M4","flustered"
"html-keyboard-response","606","1939676","0.0-20.0-0.22","null","<span style=""font-size:40px;"">+</span>","null","","","","","","","","",""
"html-keyboard-response","607","1946672","0.0-20.0-1.22","","","","","","","","","","","",""
"image-keyboard-response","608","1947181","0.0-20.0-2.22","null","stimuli/noise_texture.png","null","","","","","","","","",""
"custom-labels-response","609","1949267","0.0-20.0-3.22","2083.900000035763","","convinced","","","","","tom-labels","","","F4","convinced"
"html-keyboard-response","610","1950282","0.0-20.0-0.23","null","<span style=""font-size:40px;"">+</span>","null","","","","","","","","",""
"html-keyboard-response","611","1958006","0.0-20.0-1.23","","","","","","","","","","","",""
"image-keyboard-response","612","1958516","0.0-20.0-2.23","null","stimuli/noise_texture.png","null","","","","","","","","",""
"custom-labels-response","613","1962255","0.0-20.0-3.23","3736.399999976158","","preoccupied","","","","","tom-labels","","","M3","decisive"
"html-keyboard-response","614","1963269","0.0-20.0-0.24","null","<span style=""font-size:40px;"">+</span>","null","","","","","","","","",""
"html-keyboard-response","615","1970292","0.0-20.0-1.24","","","","","","","","","","","",""
"image-keyboard-response","616","1970805","0.0-20.0-2.24","null","stimuli/noise_texture.png","null","","","","","","","","",""
"custom-labels-response","617","1979442","0.0-20.0-3.24","8635.5","","cautious","","","","","tom-labels","","","M6","puzzled"
"html-keyboard-response","618","1980457","0.0-20.0-0.25","null","<span style=""font-size:40px;"">+</span>","null","","","","","","","","",""
"html-keyboard-response","619","1987508","0.0-20.0-1.25","","","","","","","","","","","",""
"image-keyboard-response","620","1988024","0.0-20.0-2.25","null","stimuli/noise_texture.png","null","","","","","","","","",""
"custom-labels-response","621","1990319","0.0-20.0-3.25","2293.699999988079","","aghast","","","","","tom-labels","","","M3","jealous"
"html-keyboard-response","622","1991325","0.0-20.0-0.26","null","<span style=""font-size:40px;"">+</span>","null","","","","","","","","",""
"html-keyboard-response","623","1997875","0.0-20.0-1.26","","","","","","","","","","","",""
"image-keyboard-response","624","1998379","0.0-20.0-2.26","null","stimuli/noise_texture.png","null","","","","","","","","",""
"custom-labels-response","625","2003236","0.0-20.0-3.26","4854.800000011921","","irritated","","","","","tom-labels","","","F5","anticipating"
"html-keyboard-response","626","2004248","0.0-20.0-0.27","null","<span style=""font-size:40px;"">+</span>","null","","","","","","","","",""
"html-keyboard-response","627","2011289","0.0-20.0-1.27","","","","","","","","","","","",""
"image-keyboard-response","628","2011800","0.0-20.0-2.27","null","stimuli/noise_texture.png","null","","","","","","","","",""
"custom-labels-response","629","2014643","0.0-20.0-3.27","2841.300000011921","","enthused","","","","","tom-labels","","","F2","enthused"
"html-keyboard-response","630","2015652","0.0-20.0-0.28","null","<span style=""font-size:40px;"">+</span>","null","","","","","","","","",""
"html-keyboard-response","631","2022726","0.0-20.0-1.28","","","","","","","","","","","",""
"image-keyboard-response","632","2023237","0.0-20.0-2.28","null","stimuli/noise_texture.png","null","","","","","","","","",""
"custom-labels-response","633","2024996","0.0-20.0-3.28","1755.8999999761581","","fearful","","","","","tom-labels","","","M5","fearful"
"html-keyboard-response","634","2026004","0.0-20.0-0.29","null","<span style=""font-size:40px;"">+</span>","null","","","","","","","","",""
"html-keyboard-response","635","2033050","0.0-20.0-1.29","","","","","","","","","","","",""
"image-keyboard-response","636","2033557","0.0-20.0-2.29","null","stimuli/noise_texture.png","null","","","","","","","","",""
"custom-labels-response","637","2038284","0.0-20.0-3.29","4724.400000035763","","guilty","","","","","tom-labels","","","M5","guilty"
"html-keyboard-response","638","2039295","0.0-21.0-0.0","null","<span style=""font-size:40px;"">+</span>","null","","","","","","","","",""
"html-keyboard-response","639","2046314","0.0-21.0-1.0","","","","","","","","","","","",""
"image-keyboard-response","640","2046829","0.0-21.0-2.0","null","stimuli/noise_texture.png","null","","","","","","","","",""
"custom-labels-response","641","2048950","0.0-21.0-3.0","2116.399999976158","","click","","","","","attention-check","","","F3","depressed"
"html-keyboard-response","642","2049954","0.0-23.0-0.0","null","<span style=""font-size:40px;"">+</span>","null","","","","","","","","",""
"html-keyboard-response","643","2056778","0.0-23.0-1.0","","","","","","","","","","","",""
"image-keyboard-response","644","2057291","0.0-23.0-2.0","null","stimuli/noise_texture.png","null","","","","","","","","",""
"custom-labels-response","645","2059934","0.0-23.0-3.0","2640.300000011921","","flustered","","","","","tom-labels","","","M3","accusing"
"html-keyboard-response","646","2060939","0.0-23.0-0.1","null","<span style=""font-size:40px;"">+</span>","null","","","","","","","","",""
"html-keyboard-response","647","2067433","0.0-23.0-1.1","","","","","","","","","","","",""
"image-keyboard-response","648","2067950","0.0-23.0-2.1","null","stimuli/noise_texture.png","null","","","","","","","","",""
"custom-labels-response","649","2069844","0.0-23.0-3.1","1891.2999999523163","","doubtful","","","","","tom-labels","","","F3","fearful"
"html-keyboard-response","650","2070848","0.0-23.0-0.2","null","<span style=""font-size:40px;"">+</span>","null","","","","","","","","",""
"html-keyboard-response","651","2077577","0.0-23.0-1.2","","","","","","","","","","","",""
"image-keyboard-response","652","2078087","0.0-23.0-2.2","null","stimuli/noise_texture.png","null","","","","","","","","",""
"custom-labels-response","653","2083193","0.0-23.0-3.2","5103.5","","irritated","","","","","tom-labels","","","F4","irritated"
"html-keyboard-response","654","2084205","0.0-23.0-0.3","null","<span style=""font-size:40px;"">+</span>","null","","","","","","","","",""
"html-keyboard-response","655","2091821","0.0-23.0-1.3","","","","","","","","","","","",""
"image-keyboard-response","656","2092330","0.0-23.0-2.3","null","stimuli/noise_texture.png","null","","","","","","","","",""
"custom-labels-response","657","2095895","0.0-23.0-3.3","3562.100000023842","","stern","","","","","tom-labels","","","F4","stern"
"html-keyboard-response","658","2096906","0.0-23.0-0.4","null","<span style=""font-size:40px;"">+</span>","null","","","","","","","","",""
"html-keyboard-response","659","2103729","0.0-23.0-1.4","","","","","","","","","","","",""
"image-keyboard-response","660","2104244","0.0-23.0-2.4","null","stimuli/noise_texture.png","null","","","","","","","","",""
"custom-labels-response","661","2107232","0.0-23.0-3.4","2985.5","","playful","","","","","tom-labels","","","F2","playful"
"html-keyboard-response","662","2108246","0.0-23.0-0.5","null","<span style=""font-size:40px;"">+</span>","null","","","","","","","","",""
"html-keyboard-response","663","2115238","0.0-23.0-1.5","","","","","","","","","","","",""
"image-keyboard-response","664","2115749","0.0-23.0-2.5","null","stimuli/noise_texture.png","null","","","","","","","","",""
"custom-labels-response","665","2119843","0.0-23.0-3.5","4091.699999988079","","curious","","","","","tom-labels","","","M6","curious"
"html-keyboard-response","666","2120855","0.0-23.0-0.6","null","<span style=""font-size:40px;"">+</span>","null","","","","","","","","",""
"html-keyboard-response","667","2128297","0.0-23.0-1.6","","","","","","","","","","","",""
"image-keyboard-response","668","2128807","0.0-23.0-2.6","null","stimuli/noise_texture.png","null","","","","","","","","",""
"custom-labels-response","669","2133937","0.0-23.0-3.6","5127.900000035763","","resentful","","","","","tom-labels","","","F8","cautious"
"html-keyboard-response","670","2134945","0.0-23.0-0.7","null","<span style=""font-size:40px;"">+</span>","null","","","","","","","","",""
"html-keyboard-response","671","2142034","0.0-23.0-1.7","","","","","","","","","","","",""
"image-keyboard-response","672","2142539","0.0-23.0-2.7","null","stimuli/noise_texture.png","null","","","","","","","","",""
"custom-labels-response","673","2144311","0.0-23.0-3.7","1769","","contemplative","","","","","tom-labels","","","M4","contemplative"
"html-keyboard-response","674","2145327","0.0-23.0-0.8","null","<span style=""font-size:40px;"">+</span>","null","","","","","","","","",""
"html-keyboard-response","675","2152636","0.0-23.0-1.8","","","","","","","","","","","",""
"image-keyboard-response","676","2153144","0.0-23.0-2.8","null","stimuli/noise_texture.png","null","","","","","","","","",""
"custom-labels-response","677","2155748","0.0-23.0-3.8","2600.600000023842","","worried","","","","","tom-labels","","","M6","perplexed"
"html-keyboard-response","678","2156752","0.0-23.0-0.9","null","<span style=""font-size:40px;"">+</span>","null","","","","","","","","",""
"html-keyboard-response","679","2163842","0.0-23.0-1.9","","","","","","","","","","","",""
"image-keyboard-response","680","2164349","0.0-23.0-2.9","null","stimuli/noise_texture.png","null","","","","","","","","",""
"custom-labels-response","681","2167100","0.0-23.0-3.9","2746.800000011921","","apologetic","","","","","tom-labels","","","M3","apologetic"
"html-keyboard-response","682","2168114","0.0-23.0-0.10","null","<span style=""font-size:40px;"">+</span>","null","","","","","","","","",""
"html-keyboard-response","683","2176442","0.0-23.0-1.10","","","","","","","","","","","",""
"image-keyboard-response","684","2176948","0.0-23.0-2.10","null","stimuli/noise_texture.png","null","","","","","","","","",""
"custom-labels-response","685","2179603","0.0-23.0-3.10","2651","","terrified","","","","","tom-labels","","","F6","terrified"
"html-keyboard-response","686","2180615","0.0-23.0-0.11","null","<span style=""font-size:40px;"">+</span>","null","","","","","","","","",""
"html-keyboard-response","687","2187961","0.0-23.0-1.11","","","","","","","","","","","",""
"image-keyboard-response","688","2188477","0.0-23.0-2.11","null","stimuli/noise_texture.png","null","","","","","","","","",""
"custom-labels-response","689","2191009","0.0-23.0-3.11","2528.300000011921","","enthused","","","","","tom-labels","","","F5","joking"
"html-keyboard-response","690","2192019","0.0-23.0-0.12","null","<span style=""font-size:40px;"">+</span>","null","","","","","","","","",""
"html-keyboard-response","691","2199082","0.0-23.0-1.12","","","","","","","","","","","",""
"image-keyboard-response","692","2199590","0.0-23.0-2.12","null","stimuli/noise_texture.png","null","","","","","","","","",""
"custom-labels-response","693","2202989","0.0-23.0-3.12","3397.5","","annoyed","","","","","tom-labels","","","F2","annoyed"
"html-keyboard-response","694","2204006","0.0-23.0-0.13","null","<span style=""font-size:40px;"">+</span>","null","","","","","","","","",""
"html-keyboard-response","695","2211018","0.0-23.0-1.13","","","","","","","","","","","",""
"image-keyboard-response","696","2211527","0.0-23.0-2.13","null","stimuli/noise_texture.png","null","","","","","","","","",""
"custom-labels-response","697","2214459","0.0-23.0-3.13","2929.5","","comforting","","","","","tom-labels","","","F5","eager"
"html-keyboard-response","698","2215472","0.0-23.0-0.14","null","<span style=""font-size:40px;"">+</span>","null","","","","","","","","",""
"html-keyboard-response","699","2223163","0.0-23.0-1.14","","","","","","","","","","","",""
"image-keyboard-response","700","2223680","0.0-23.0-2.14","null","stimuli/noise_texture.png","null","","","","","","","","",""
"custom-labels-response","701","2226901","0.0-23.0-3.14","3217.899999976158","","decisive","","","","","tom-labels","","","M5","contented"
"html-keyboard-response","702","2227915","0.0-23.0-0.15","null","<span style=""font-size:40px;"">+</span>","null","","","","","","","","",""
"html-keyboard-response","703","2242520","0.0-23.0-1.15","","","","","","","","","","","",""
"image-keyboard-response","704","2243036","0.0-23.0-2.15","null","stimuli/noise_texture.png","null","","","","","","","","",""
"custom-labels-response","705","2248459","0.0-23.0-3.15","5420.699999988079","","baffled","","","","","tom-labels","","","F6","suspicious"
"html-keyboard-response","706","2249472","0.0-23.0-0.16","null","<span style=""font-size:40px;"">+</span>","null","","","","","","","","",""
"html-keyboard-response","707","2256535","0.0-23.0-1.16","","","","","","","","","","","",""
"image-keyboard-response","708","2257043","0.0-23.0-2.16","null","stimuli/noise_texture.png","null","","","","","","","","",""
"custom-labels-response","709","2260211","0.0-23.0-3.16","3165.5","","satisfied","","","","","tom-labels","","","M5","eager"
"html-keyboard-response","710","2261222","0.0-23.0-0.17","null","<span style=""font-size:40px;"">+</span>","null","","","","","","","","",""
"html-keyboard-response","711","2267764","0.0-23.0-1.17","","","","","","","","","","","",""
"image-keyboard-response","712","2268279","0.0-23.0-2.17","null","stimuli/noise_texture.png","null","","","","","","","","",""
"custom-labels-response","713","2273234","0.0-23.0-3.17","4952.300000011921","","incredulous","","","","","tom-labels","","","F3","incredulous"
"html-keyboard-response","714","2274247","0.0-23.0-0.18","null","<span style=""font-size:40px;"">+</span>","null","","","","","","","","",""
"html-keyboard-response","715","2281604","0.0-23.0-1.18","","","","","","","","","","","",""
"image-keyboard-response","716","2282115","0.0-23.0-2.18","null","stimuli/noise_texture.png","null","","","","","","","","",""
"custom-labels-response","717","2284715","0.0-23.0-3.18","2598","","relieved","","","","","tom-labels","","","F6","relieved"
"html-keyboard-response","718","2285719","0.0-23.0-0.19","null","<span style=""font-size:40px;"">+</span>","null","","","","","","","","",""
"html-keyboard-response","719","2292949","0.0-23.0-1.19","","","","","","","","","","","",""
"image-keyboard-response","720","2293470","0.0-23.0-2.19","null","stimuli/noise_texture.png","null","","","","","","","","",""
"custom-labels-response","721","2296347","0.0-23.0-3.19","2874.599999964237","","assertive","","","","","tom-labels","","","M3","assertive"
"html-keyboard-response","722","2297355","0.0-23.0-0.20","null","<span style=""font-size:40px;"">+</span>","null","","","","","","","","",""
"html-keyboard-response","723","2309849","0.0-23.0-1.20","","","","","","","","","","","",""
"image-keyboard-response","724","2310352","0.0-23.0-2.20","null","stimuli/noise_texture.png","null","","","","","","","","",""
"custom-labels-response","725","2314162","0.0-23.0-3.20","3809","","guilty","","","","","tom-labels","","","F6","guilty"
"html-keyboard-response","726","2315177","0.0-23.0-0.21","null","<span style=""font-size:40px;"">+</span>","null","","","","","","","","",""
"html-keyboard-response","727","2322462","0.0-23.0-1.21","","","","","","","","","","","",""
"image-keyboard-response","728","2322975","0.0-23.0-2.21","null","stimuli/noise_texture.png","null","","","","","","","","",""
"custom-labels-response","729","2325450","0.0-23.0-3.21","2464.399999976158","","indecisive","","","","","tom-labels","","","F4","assertive"
"html-keyboard-response","730","2326456","0.0-23.0-0.22","null","<span style=""font-size:40px;"">+</span>","null","","","","","","","","",""
"html-keyboard-response","731","2334112","0.0-23.0-1.22","","","","","","","","","","","",""
"image-keyboard-response","732","2334616","0.0-23.0-2.22","null","stimuli/noise_texture.png","null","","","","","","","","",""
"custom-labels-response","733","2339419","0.0-23.0-3.22","4799.600000023842","","upset","","","","","tom-labels","","","M6","satisfied"
"html-keyboard-response","734","2340434","0.0-23.0-0.23","null","<span style=""font-size:40px;"">+</span>","null","","","","","","","","",""
"html-keyboard-response","735","2346751","0.0-23.0-1.23","","","","","","","","","","","",""
"image-keyboard-response","736","2347268","0.0-23.0-2.23","null","stimuli/noise_texture.png","null","","","","","","","","",""
"custom-labels-response","737","2350139","0.0-23.0-3.23","2869.199999988079","","joking","","","","","tom-labels","","","M2","joking"
"html-keyboard-response","738","2351154","0.0-23.0-0.24","null","<span style=""font-size:40px;"">+</span>","null","","","","","","","","",""
"html-keyboard-response","739","2357882","0.0-23.0-1.24","","","","","","","","","","","",""
"image-keyboard-response","740","2358388","0.0-23.0-2.24","null","stimuli/noise_texture.png","null","","","","","","","","",""
"custom-labels-response","741","2361492","0.0-23.0-3.24","3101.400000035763","","relaxed","","","","","tom-labels","","","F3","earnest"
"html-keyboard-response","742","2362502","0.0-23.0-0.25","null","<span style=""font-size:40px;"">+</span>","null","","","","","","","","",""
"html-keyboard-response","743","2369649","0.0-23.0-1.25","","","","","","","","","","","",""
"image-keyboard-response","744","2370159","0.0-23.0-2.25","null","stimuli/noise_texture.png","null","","","","","","","","",""
"custom-labels-response","745","2373405","0.0-23.0-3.25","3243.5","","grateful","","","","","tom-labels","","","F5","grateful"
"html-keyboard-response","746","2374410","0.0-23.0-0.26","null","<span style=""font-size:40px;"">+</span>","null","","","","","","","","",""
"html-keyboard-response","747","2381540","0.0-23.0-1.26","","","","","","","","","","","",""
"image-keyboard-response","748","2382049","0.0-23.0-2.26","null","stimuli/noise_texture.png","null","","","","","","","","",""
"custom-labels-response","749","2387552","0.0-23.0-3.26","5500.199999988079","","cautious","","","","","tom-labels","","","M4","anxious"
"html-keyboard-response","750","2388564","0.0-23.0-0.27","null","<span style=""font-size:40px;"">+</span>","null","","","","","","","","",""
"html-keyboard-response","751","2396446","0.0-23.0-1.27","","","","","","","","","","","",""
"image-keyboard-response","752","2396952","0.0-23.0-2.27","null","stimuli/noise_texture.png","null","","","","","","","","",""
"custom-labels-response","753","2400879","0.0-23.0-3.27","3925.2999999523163","","worried","","","","","tom-labels","","","F5","worried"
"html-keyboard-response","754","2401885","0.0-23.0-0.28","null","<span style=""font-size:40px;"">+</span>","null","","","","","","","","",""
"html-keyboard-response","755","2407862","0.0-23.0-1.28","","","","","","","","","","","",""
"image-keyboard-response","756","2408371","0.0-23.0-2.28","null","stimuli/noise_texture.png","null","","","","","","","","",""
"custom-labels-response","757","2410692","0.0-23.0-3.28","2319","","deciding","","","","","tom-labels","","","M1","deciding"
"html-keyboard-response","758","2411701","0.0-23.0-0.29","null","<span style=""font-size:40px;"">+</span>","null","","","","","","","","",""
"html-keyboard-response","759","2418781","0.0-23.0-1.29","","","","","","","","","","","",""
"image-keyboard-response","760","2419285","0.0-23.0-2.29","null","stimuli/noise_texture.png","null","","","","","","","","",""
"custom-labels-response","761","2422980","0.0-23.0-3.29","3693.399999976158","","anxious","","","","","tom-labels","","","M6","depressed"
"html-button-response","762","2458872","0.0-24.0","35888.200000047684","<h3>Thank you for participating!</h1><p>You are done with the experiment. You will receive the full payment for your participation. Thank you for your time and contribution.</p><p>You will be automatically redirected to Prolific upon clicking <strong>Complete Experiment</strong>.</p><p>Please DO NOT close this tab until you have been redirected to Prolific. Please take note of your Prolific Completion Code before clicking <strong>Complete Experiment</strong>: <strong>C1HPV5RI</strong>.</p>","0","6716795c1b7040129a5aa74b","1760814078149","A","0","","","","",""
