"trial_type","trial_index","time_elapsed","internal_node_id","rt","stimulus","response","PID","START_TIME","EXP_AB","ATTENTION_FAILURES","trial","responses","view_history","actor","target_emotion"
"pavlovia","0","1197","0.0-0.0","","","","","","","","","","","",""
"html-button-response","1","3236","0.0-1.0","2037.3000001907349","<h1>Welcome to the Multiethnic Face Database Study!</h1>","0","5c01bf7d4c14cf00019ce2a4","1760810847542","A","0","","","","",""
"html-button-response","2","22147","0.0-2.0","18910.900000095367","<div style=""text-align: left; margin: 50px 80px -60px 80px;""><p><span style='text-decoration: underline;'><strong>CONSENT FORM </strong></span></p><p><strong>McGill University </strong></p><p><strong>Title of Research:</strong> A Dual Process Theory of Theory of Mind</p><p><strong>Researchers:</strong><br>Ian Gold, Ph.D., Professor, McGill University<br />Elizaveta Solomonova, Ph.D., Researcher, McGill University <br />Fernanda Perez-Gay Juarez, M.D., Ph.D., Psychiatry Resident, McGill University<br />Sophie Serebryany, Undergraduate Student, McGill University <br />Ani Shahbazian, Undergraduate Student, Concordia University<br>Sophie Hoyer, Undergraduate Student, McGill University</p><p><strong>Contact Information:<br />Tel:</strong> 514-398-8939 (Dr. Ian Gold) <br /><strong>Email:</strong> neurophilosophylabmcgill@gmail.com (all researchers)</p><p><strong>Purpose of the research:</strong><br> This study aims to measure people's ability to understand what others are thinking and feeling across different contexts and modalities. Please read through the description of the research project, and take the opportunity to ask any questions that you have about the project.</p><p><strong>What is involved in participating:</strong><br>You will be asked to look at a series of videos of facial expressions and answer questions about them. The online study in its entirety will take around [insert time], divided into 3 blocks with two 5-minute breaks in between. You will be asked to respond by answering multiple choice questions about the video. You will only need a mouse and a keyboard to provide responses to the various tasks.</p><p><strong>Right to withdraw:</strong><br>Please note that your participation is voluntary, and you are free to withdraw at any time without any negative consequences. Once you consent to participate, you may proceed to complete the online tasks. At the end of the experiment, you will see the message 'This is the end of the study. Please click on the button 'Complete the Experiment' to save your data and obtain your payment code.' Once you click the button, your data will be automatically collected through Pavlovia. Since participants will be anonymized (identified only by an alphanumeric code assigned by Prolific), the data will not be able to be withdrawn anonymously once you have completed the experiment. If you wish to withdraw consent without data collection, do not click the button to end the experiment and just close your browser.</p><p><strong>Confidentiality:</strong><br>The study's data will be kept for 7 years, stored in a password-protected virtual drive under the jurisdiction of McGill University (Dr. Ian Gold McGill's OneDrive). Your responses will be kept strictly confidential and will be identified only by means of your Prolific ID and never with your name or other identifying information. Only members of Dr. Ian Gold's lab will have access to identifiable study materials. You will not be identified or identifiable in any report or reports that result from the research (peer reviewed publications, presentations at national and international conferences, etc).</p><p><strong>Compensation:</strong><br>You will be compensated with &pound;9 for the completion of the study which should take approximately 60 minutes. Please use the completion code given to you at the end of the study to retrieve your payment in your Prolific account. Please note that if you decide to withdraw before finishing a session, there will be no way to compensate you for the time you spent, given that your data will not be saved.</p><p><strong>Risks &amp; Benefits:</strong> The only associated risks associated with this study are screen fatigue. If you have questions or concerns regarding your rights or welfare as a participant in this research study, please contact the Manager, Research Ethics at 514-398-6831 or lynda.mcneil@mcgill.ca.</p><p><strong>Consent:</strong><br>Please click on the button below if you have read the above information and consent to participate in this study. Otherwise, you can just close this window and return to the experiment in Prolific. Agreeing to participate in this study does not waive any of your rights or release the researchers from their responsibilities. To ensure the study is being conducted properly, authorized individuals, such as a member of the Research Ethics Board, may have access to your information.</p></div>","0","","","","","false","","","",""
"survey-demo","3","176550","0.0-3.0","154397.59999990463","","","5c01bf7d4c14cf00019ce2a4","1760810847542","","","demo","{""age"":""37"",""gender"":""Man"",""ethnicity"":[""South Asian.""],""education"":""University/College (BA/BS/...)"",""religion"":""No Religion"",""birthcountry"":""Thailand"",""residencecountry"":""Canada"",""yearsresidence"":""35"",""internetspeed"":""560""}","","",""
"instructions","4","247842","0.0-6.0-0.0","71291.5","","","","","","","","","[{""page_index"":0,""viewing_time"":16163.39999961853},{""page_index"":1,""viewing_time"":12968.10000038147},{""page_index"":2,""viewing_time"":7943.799999713898},{""page_index"":3,""viewing_time"":29152.700000286102},{""page_index"":4,""viewing_time"":5063.299999713898}]","",""
"html-keyboard-response","5","248844","0.0-6.0-1.0","null","<span style=""font-size:40px;"">+</span>","null","","","","","","","","",""
"html-keyboard-response","6","253355","0.0-6.0-2.0","","","","","","","","","","","",""
"image-keyboard-response","7","253859","0.0-6.0-3.0","null","stimuli/noise_texture.png","null","","","","","","","","",""
"custom-labels-response","8","259075","0.0-6.0-4.0","5214.400000095367","","doubtful","","","","","tom-labels-practice","","","12","Doubtful"
"html-button-response","9","261810","0.0-7.0","2734.9000000953674","<div style=""width: 1000px; height: 45px""><p>You will now be shown a series of short videos. Please select the label that best describes the emotion that the face was showing. Please provide one best guess for each item. Starting now, your responses will be recorded.</p><p>Click <strong>Continue</strong> to start. Good luck!</p></div>","0","","","","","false","","","",""
"html-keyboard-response","10","262824","0.0-8.0-0.0","null","<span style=""font-size:40px;"">+</span>","null","","","","","","","","",""
"html-keyboard-response","11","267209","0.0-8.0-1.0","","","","","","","","","","","",""
"image-keyboard-response","12","267717","0.0-8.0-2.0","null","stimuli/noise_texture.png","null","","","","","","","","",""
"custom-labels-response","13","269955","0.0-8.0-3.0","2236.3999996185303","","curious","","","","","tom-labels","","","M6","curious"
"html-keyboard-response","14","270966","0.0-8.0-0.1","null","<span style=""font-size:40px;"">+</span>","null","","","","","","","","",""
"html-keyboard-response","15","275589","0.0-8.0-1.1","","","","","","","","","","","",""
"image-keyboard-response","16","276096","0.0-8.0-2.1","null","stimuli/noise_texture.png","null","","","","","","","","",""
"custom-labels-response","17","279882","0.0-8.0-3.1","3785.4000000953674","","worried","","","","","tom-labels","","","M6","despondent"
"html-keyboard-response","18","280888","0.0-8.0-0.2","null","<span style=""font-size:40px;"">+</span>","null","","","","","","","","",""
"html-keyboard-response","19","285077","0.0-8.0-1.2","","","","","","","","","","","",""
"image-keyboard-response","20","285583","0.0-8.0-2.2","null","stimuli/noise_texture.png","null","","","","","","","","",""
"custom-labels-response","21","288186","0.0-8.0-3.2","2602.9000000953674","","disappointed","","","","","tom-labels","","","F5","disappointed"
"html-keyboard-response","22","289202","0.0-8.0-0.3","null","<span style=""font-size:40px;"">+</span>","null","","","","","","","","",""
"html-keyboard-response","23","293300","0.0-8.0-1.3","","","","","","","","","","","",""
"image-keyboard-response","24","293809","0.0-8.0-2.3","null","stimuli/noise_texture.png","null","","","","","","","","",""
"custom-labels-response","25","296586","0.0-8.0-3.3","2777.199999809265","","despondent","","","","","tom-labels","","","F2","despondent"
"html-keyboard-response","26","297590","0.0-8.0-0.4","null","<span style=""font-size:40px;"">+</span>","null","","","","","","","","",""
"html-keyboard-response","27","301778","0.0-8.0-1.4","","","","","","","","","","","",""
"image-keyboard-response","28","302292","0.0-8.0-2.4","null","stimuli/noise_texture.png","null","","","","","","","","",""
"custom-labels-response","29","307242","0.0-8.0-3.4","4949.599999904633","","tentative","","","","","tom-labels","","","F4","irritated"
"html-keyboard-response","30","308244","0.0-8.0-0.5","null","<span style=""font-size:40px;"">+</span>","null","","","","","","","","",""
"html-keyboard-response","31","312450","0.0-8.0-1.5","","","","","","","","","","","",""
"image-keyboard-response","32","312966","0.0-8.0-2.5","null","stimuli/noise_texture.png","null","","","","","","","","",""
"custom-labels-response","33","317458","0.0-8.0-3.5","4491.800000190735","","suspicious","","","","","tom-labels","","","F5","intrigued"
"html-keyboard-response","34","318474","0.0-8.0-0.6","null","<span style=""font-size:40px;"">+</span>","null","","","","","","","","",""
"html-keyboard-response","35","322834","0.0-8.0-1.6","","","","","","","","","","","",""
"image-keyboard-response","36","323344","0.0-8.0-2.6","null","stimuli/noise_texture.png","null","","","","","","","","",""
"custom-labels-response","37","327314","0.0-8.0-3.6","3970.0999999046326","","hostile","","","","","tom-labels","","","M5","hostile"
"html-keyboard-response","38","328318","0.0-8.0-0.7","null","<span style=""font-size:40px;"">+</span>","null","","","","","","","","",""
"html-keyboard-response","39","332431","0.0-8.0-1.7","","","","","","","","","","","",""
"image-keyboard-response","40","332940","0.0-8.0-2.7","null","stimuli/noise_texture.png","null","","","","","","","","",""
"custom-labels-response","41","336898","0.0-8.0-3.7","3958","","alarmed","","","","","tom-labels","","","F3","alarmed"
"html-keyboard-response","42","337914","0.0-8.0-0.8","null","<span style=""font-size:40px;"">+</span>","null","","","","","","","","",""
"html-keyboard-response","43","342322","0.0-8.0-1.8","","","","","","","","","","","",""
"image-keyboard-response","44","342833","0.0-8.0-2.8","null","stimuli/noise_texture.png","null","","","","","","","","",""
"custom-labels-response","45","345954","0.0-8.0-3.8","3120.7000002861023","","grateful","","","","","tom-labels","","","M3","grateful"
"html-keyboard-response","46","346965","0.0-8.0-0.9","null","<span style=""font-size:40px;"">+</span>","null","","","","","","","","",""
"html-keyboard-response","47","350997","0.0-8.0-1.9","","","","","","","","","","","",""
"image-keyboard-response","48","351510","0.0-8.0-2.9","null","stimuli/noise_texture.png","null","","","","","","","","",""
"custom-labels-response","49","357963","0.0-8.0-3.9","6452.200000286102","","comforting","","","","","tom-labels","","","F3","insisting"
"html-keyboard-response","50","358965","0.0-8.0-0.10","null","<span style=""font-size:40px;"">+</span>","null","","","","","","","","",""
"html-keyboard-response","51","363253","0.0-8.0-1.10","","","","","","","","","","","",""
"image-keyboard-response","52","363765","0.0-8.0-2.10","null","stimuli/noise_texture.png","null","","","","","","","","",""
"custom-labels-response","53","370970","0.0-8.0-3.10","7204.599999904633","","interested","","","","","tom-labels","","","M5","eager"
"html-keyboard-response","54","371977","0.0-8.0-0.11","null","<span style=""font-size:40px;"">+</span>","null","","","","","","","","",""
"html-keyboard-response","55","375997","0.0-8.0-1.11","","","","","","","","","","","",""
"image-keyboard-response","56","376504","0.0-8.0-2.11","null","stimuli/noise_texture.png","null","","","","","","","","",""
"custom-labels-response","57","379482","0.0-8.0-3.11","2977.800000190735","","deciding","","","","","tom-labels","","","M1","deciding"
"html-keyboard-response","58","380490","0.0-8.0-0.12","null","<span style=""font-size:40px;"">+</span>","null","","","","","","","","",""
"html-keyboard-response","59","384643","0.0-8.0-1.12","","","","","","","","","","","",""
"image-keyboard-response","60","385156","0.0-8.0-2.12","null","stimuli/noise_texture.png","null","","","","","","","","",""
"custom-labels-response","61","388458","0.0-8.0-3.12","3301.7000002861023","","grateful","","","","","tom-labels","","","F5","grateful"
"html-keyboard-response","62","389461","0.0-8.0-0.13","null","<span style=""font-size:40px;"">+</span>","null","","","","","","","","",""
"html-keyboard-response","63","393481","0.0-8.0-1.13","","","","","","","","","","","",""
"image-keyboard-response","64","393988","0.0-8.0-2.13","null","stimuli/noise_texture.png","null","","","","","","","","",""
"custom-labels-response","65","397947","0.0-8.0-3.13","3957.5","","dominant","","","","","tom-labels","","","M1","dominant"
"html-keyboard-response","66","398955","0.0-8.0-0.14","null","<span style=""font-size:40px;"">+</span>","null","","","","","","","","",""
"html-keyboard-response","67","403129","0.0-8.0-1.14","","","","","","","","","","","",""
"image-keyboard-response","68","403633","0.0-8.0-2.14","null","stimuli/noise_texture.png","null","","","","","","","","",""
"custom-labels-response","69","406364","0.0-8.0-3.14","2729.4000000953674","","tentative","","","","","tom-labels","","","M4","concerned"
"html-keyboard-response","70","407378","0.0-8.0-0.15","null","<span style=""font-size:40px;"">+</span>","null","","","","","","","","",""
"html-keyboard-response","71","411514","0.0-8.0-1.15","","","","","","","","","","","",""
"image-keyboard-response","72","412018","0.0-8.0-2.15","null","stimuli/noise_texture.png","null","","","","","","","","",""
"custom-labels-response","73","417866","0.0-8.0-3.15","5847.5","","disappointed","","","","","tom-labels","","","F6","hostile"
"html-keyboard-response","74","418867","0.0-8.0-0.16","null","<span style=""font-size:40px;"">+</span>","null","","","","","","","","",""
"html-keyboard-response","75","423041","0.0-8.0-1.16","","","","","","","","","","","",""
"image-keyboard-response","76","423549","0.0-8.0-2.16","null","stimuli/noise_texture.png","null","","","","","","","","",""
"custom-labels-response","77","427250","0.0-8.0-3.16","3700.6000003814697","","perplexed","","","","","tom-labels","","","M4","tentative"
"html-keyboard-response","78","428254","0.0-8.0-0.17","null","<span style=""font-size:40px;"">+</span>","null","","","","","","","","",""
"html-keyboard-response","79","432190","0.0-8.0-1.17","","","","","","","","","","","",""
"image-keyboard-response","80","432696","0.0-8.0-2.17","null","stimuli/noise_texture.png","null","","","","","","","","",""
"custom-labels-response","81","436994","0.0-8.0-3.17","4297.60000038147","","alarmed","","","","","tom-labels","","","M2","alarmed"
"html-keyboard-response","82","438010","0.0-8.0-0.18","null","<span style=""font-size:40px;"">+</span>","null","","","","","","","","",""
"html-keyboard-response","83","442289","0.0-8.0-1.18","","","","","","","","","","","",""
"image-keyboard-response","84","442797","0.0-8.0-2.18","null","stimuli/noise_texture.png","null","","","","","","","","",""
"custom-labels-response","85","444986","0.0-8.0-3.18","2189.0999999046326","","perplexed","","","","","tom-labels","","","F5","perplexed"
"html-keyboard-response","86","446000","0.0-8.0-0.19","null","<span style=""font-size:40px;"">+</span>","null","","","","","","","","",""
"html-keyboard-response","87","450243","0.0-8.0-1.19","","","","","","","","","","","",""
"image-keyboard-response","88","450757","0.0-8.0-2.19","null","stimuli/noise_texture.png","null","","","","","","","","",""
"custom-labels-response","89","454634","0.0-8.0-3.19","3876.300000190735","","amused","","","","","tom-labels","","","F5","amused"
"html-keyboard-response","90","455646","0.0-8.0-0.20","null","<span style=""font-size:40px;"">+</span>","null","","","","","","","","",""
"html-keyboard-response","91","459833","0.0-8.0-1.20","","","","","","","","","","","",""
"image-keyboard-response","92","460346","0.0-8.0-2.20","null","stimuli/noise_texture.png","null","","","","","","","","",""
"custom-labels-response","93","465554","0.0-8.0-3.20","5207","","earnest","","","","","tom-labels","","","F4","affectionate"
"html-keyboard-response","94","466559","0.0-8.0-0.21","null","<span style=""font-size:40px;"">+</span>","null","","","","","","","","",""
"html-keyboard-response","95","470786","0.0-8.0-1.21","","","","","","","","","","","",""
"image-keyboard-response","96","471290","0.0-8.0-2.21","null","stimuli/noise_texture.png","null","","","","","","","","",""
"custom-labels-response","97","478042","0.0-8.0-3.21","6751.300000190735","","contented","","","","","tom-labels","","","F6","reassuring"
"html-keyboard-response","98","479043","0.0-8.0-0.22","null","<span style=""font-size:40px;"">+</span>","null","","","","","","","","",""
"html-keyboard-response","99","483249","0.0-8.0-1.22","","","","","","","","","","","",""
"image-keyboard-response","100","483756","0.0-8.0-2.22","null","stimuli/noise_texture.png","null","","","","","","","","",""
"custom-labels-response","101","486930","0.0-8.0-3.22","3173.800000190735","","distrustful","","","","","tom-labels","","","M2","distrustful"
"html-keyboard-response","102","487943","0.0-8.0-0.23","null","<span style=""font-size:40px;"">+</span>","null","","","","","","","","",""
"html-keyboard-response","103","492064","0.0-8.0-1.23","","","","","","","","","","","",""
"image-keyboard-response","104","492566","0.0-8.0-2.23","null","stimuli/noise_texture.png","null","","","","","","","","",""
"custom-labels-response","105","495890","0.0-8.0-3.23","3323.5999999046326","","panicked","","","","","tom-labels","","","F5","panicked"
"html-keyboard-response","106","496895","0.0-8.0-0.24","null","<span style=""font-size:40px;"">+</span>","null","","","","","","","","",""
"html-keyboard-response","107","501120","0.0-8.0-1.24","","","","","","","","","","","",""
"image-keyboard-response","108","501628","0.0-8.0-2.24","null","stimuli/noise_texture.png","null","","","","","","","","",""
"custom-labels-response","109","505674","0.0-8.0-3.24","4045.0999999046326","","uneasy","","","","","tom-labels","","","F4","assertive"
"html-keyboard-response","110","506680","0.0-8.0-0.25","null","<span style=""font-size:40px;"">+</span>","null","","","","","","","","",""
"html-keyboard-response","111","510699","0.0-8.0-1.25","","","","","","","","","","","",""
"image-keyboard-response","112","511205","0.0-8.0-2.25","null","stimuli/noise_texture.png","null","","","","","","","","",""
"custom-labels-response","113","523322","0.0-8.0-3.25","12116.5","","preoccupied","","","","","tom-labels","","","F3","fascinated"
"html-keyboard-response","114","524325","0.0-8.0-0.26","null","<span style=""font-size:40px;"">+</span>","null","","","","","","","","",""
"html-keyboard-response","115","528508","0.0-8.0-1.26","","","","","","","","","","","",""
"image-keyboard-response","116","529020","0.0-8.0-2.26","null","stimuli/noise_texture.png","null","","","","","","","","",""
"custom-labels-response","117","540522","0.0-8.0-3.26","11501.400000095367","","indecisive","","","","","tom-labels","","","F4","indifferent"
"html-keyboard-response","118","541523","0.0-8.0-0.27","null","<span style=""font-size:40px;"">+</span>","null","","","","","","","","",""
"html-keyboard-response","119","545711","0.0-8.0-1.27","","","","","","","","","","","",""
"image-keyboard-response","120","546212","0.0-8.0-2.27","null","stimuli/noise_texture.png","null","","","","","","","","",""
"custom-labels-response","121","551882","0.0-8.0-3.27","5669.400000095367","","confident","","","","","tom-labels","","","F2","confident"
"html-keyboard-response","122","552897","0.0-8.0-0.28","null","<span style=""font-size:40px;"">+</span>","null","","","","","","","","",""
"html-keyboard-response","123","556915","0.0-8.0-1.28","","","","","","","","","","","",""
"image-keyboard-response","124","557425","0.0-8.0-2.28","null","stimuli/noise_texture.png","null","","","","","","","","",""
"custom-labels-response","125","562890","0.0-8.0-3.28","5464.799999713898","","guilty","","","","","tom-labels","","","F3","preoccupied"
"html-keyboard-response","126","563900","0.0-8.0-0.29","null","<span style=""font-size:40px;"">+</span>","null","","","","","","","","",""
"html-keyboard-response","127","568165","0.0-8.0-1.29","","","","","","","","","","","",""
"image-keyboard-response","128","568669","0.0-8.0-2.29","null","stimuli/noise_texture.png","null","","","","","","","","",""
"custom-labels-response","129","571514","0.0-8.0-3.29","2844.5","","dispirited","","","","","tom-labels","","","F7","dispirited"
"html-keyboard-response","130","572521","0.0-8.0-0.30","null","<span style=""font-size:40px;"">+</span>","null","","","","","","","","",""
"html-keyboard-response","131","576566","0.0-8.0-1.30","","","","","","","","","","","",""
"image-keyboard-response","132","577075","0.0-8.0-2.30","null","stimuli/noise_texture.png","null","","","","","","","","",""
"custom-labels-response","133","580482","0.0-8.0-3.30","3405.9000000953674","","dubious","","","","","tom-labels","","","M3","dubious"
"html-keyboard-response","134","581494","0.0-8.0-0.31","null","<span style=""font-size:40px;"">+</span>","null","","","","","","","","",""
"html-keyboard-response","135","585788","0.0-8.0-1.31","","","","","","","","","","","",""
"image-keyboard-response","136","586304","0.0-8.0-2.31","null","stimuli/noise_texture.png","null","","","","","","","","",""
"custom-labels-response","137","589282","0.0-8.0-3.31","2977.699999809265","","perplexed","","","","","tom-labels","","","M6","perplexed"
"html-keyboard-response","138","590285","0.0-8.0-0.32","null","<span style=""font-size:40px;"">+</span>","null","","","","","","","","",""
"html-keyboard-response","139","594471","0.0-8.0-1.32","","","","","","","","","","","",""
"image-keyboard-response","140","594979","0.0-8.0-2.32","null","stimuli/noise_texture.png","null","","","","","","","","",""
"custom-labels-response","141","600554","0.0-8.0-3.32","5573.800000190735","","baffled","","","","","tom-labels","","","F2","baffled"
"html-keyboard-response","142","601558","0.0-8.0-0.33","null","<span style=""font-size:40px;"">+</span>","null","","","","","","","","",""
"html-keyboard-response","143","605731","0.0-8.0-1.33","","","","","","","","","","","",""
"image-keyboard-response","144","606236","0.0-8.0-2.33","null","stimuli/noise_texture.png","null","","","","","","","","",""
"custom-labels-response","145","612890","0.0-8.0-3.33","6653.699999809265","","anxious","","","","","tom-labels","","","F7","anxious"
"html-keyboard-response","146","613903","0.0-8.0-0.34","null","<span style=""font-size:40px;"">+</span>","null","","","","","","","","",""
"html-keyboard-response","147","618120","0.0-8.0-1.34","","","","","","","","","","","",""
"image-keyboard-response","148","618627","0.0-8.0-2.34","null","stimuli/noise_texture.png","null","","","","","","","","",""
"custom-labels-response","149","627547","0.0-8.0-3.34","8919.300000190735","","embarrassed","","","","","tom-labels","","","M5","embarrassed"
"html-keyboard-response","150","628561","0.0-8.0-0.35","null","<span style=""font-size:40px;"">+</span>","null","","","","","","","","",""
"html-keyboard-response","151","632829","0.0-8.0-1.35","","","","","","","","","","","",""
"image-keyboard-response","152","633335","0.0-8.0-2.35","null","stimuli/noise_texture.png","null","","","","","","","","",""
"custom-labels-response","153","664202","0.0-8.0-3.35","30865.900000095367","","suspicious","","","","","tom-labels","","","F6","suspicious"
"html-keyboard-response","154","665205","0.0-8.0-0.36","null","<span style=""font-size:40px;"">+</span>","null","","","","","","","","",""
"html-keyboard-response","155","668510","0.0-8.0-1.36","","","","","","","","","","","",""
"image-keyboard-response","156","669013","0.0-8.0-2.36","null","stimuli/noise_texture.png","null","","","","","","","","",""
"custom-labels-response","157","671930","0.0-8.0-3.36","2916.5","","joking","","","","","tom-labels","","","M2","joking"
"html-keyboard-response","158","672931","0.0-8.0-0.37","null","<span style=""font-size:40px;"">+</span>","null","","","","","","","","",""
"html-keyboard-response","159","677077","0.0-8.0-1.37","","","","","","","","","","","",""
"image-keyboard-response","160","677592","0.0-8.0-2.37","null","stimuli/noise_texture.png","null","","","","","","","","",""
"custom-labels-response","161","682122","0.0-8.0-3.37","4529.699999809265","","enthused","","","","","tom-labels","","","F2","enthused"
"html-keyboard-response","162","683132","0.0-8.0-0.38","null","<span style=""font-size:40px;"">+</span>","null","","","","","","","","",""
"html-keyboard-response","163","687291","0.0-8.0-1.38","","","","","","","","","","","",""
"image-keyboard-response","164","687797","0.0-8.0-2.38","null","stimuli/noise_texture.png","null","","","","","","","","",""
"custom-labels-response","165","697930","0.0-8.0-3.38","10131.599999904633","","doubtful","","","","","tom-labels","","","M2","doubtful"
"html-keyboard-response","166","698931","0.0-8.0-0.39","null","<span style=""font-size:40px;"">+</span>","null","","","","","","","","",""
"html-keyboard-response","167","703131","0.0-8.0-1.39","","","","","","","","","","","",""
"image-keyboard-response","168","703644","0.0-8.0-2.39","null","stimuli/noise_texture.png","null","","","","","","","","",""
"custom-labels-response","169","706850","0.0-8.0-3.39","3204.7000002861023","","curious","","","","","tom-labels","","","F2","curious"
"html-keyboard-response","170","707851","0.0-9.0-0.0","null","<span style=""font-size:40px;"">+</span>","null","","","","","","","","",""
"html-keyboard-response","171","712156","0.0-9.0-1.0","","","","","","","","","","","",""
"image-keyboard-response","172","712666","0.0-9.0-2.0","null","stimuli/noise_texture.png","null","","","","","","","","",""
"custom-labels-response","173","719826","0.0-9.0-3.0","7159.099999904633","","click","","","","","attention-check","","","F5","intrigued"
"html-keyboard-response","174","720832","0.0-11.0-0.0","null","<span style=""font-size:40px;"">+</span>","null","","","","","","","","",""
"html-keyboard-response","175","725066","0.0-11.0-1.0","","","","","","","","","","","",""
"image-keyboard-response","176","725571","0.0-11.0-2.0","null","stimuli/noise_texture.png","null","","","","","","","","",""
"custom-labels-response","177","728147","0.0-11.0-3.0","2575.5","","baffled","","","","","tom-labels","","","M4","baffled"
"html-keyboard-response","178","729154","0.0-11.0-0.1","null","<span style=""font-size:40px;"">+</span>","null","","","","","","","","",""
"html-keyboard-response","179","733350","0.0-11.0-1.1","","","","","","","","","","","",""
"image-keyboard-response","180","733853","0.0-11.0-2.1","null","stimuli/noise_texture.png","null","","","","","","","","",""
"custom-labels-response","181","744642","0.0-11.0-3.1","10788.400000095367","","impatient","","","","","tom-labels","","","F4","arrogant"
"html-keyboard-response","182","745648","0.0-11.0-0.2","null","<span style=""font-size:40px;"">+</span>","null","","","","","","","","",""
"html-keyboard-response","183","749761","0.0-11.0-1.2","","","","","","","","","","","",""
"image-keyboard-response","184","750265","0.0-11.0-2.2","null","stimuli/noise_texture.png","null","","","","","","","","",""
"custom-labels-response","185","754042","0.0-11.0-3.2","3776.2000002861023","","skeptical","","","","","tom-labels","","","M3","apologetic"
"html-keyboard-response","186","755056","0.0-11.0-0.3","null","<span style=""font-size:40px;"">+</span>","null","","","","","","","","",""
"html-keyboard-response","187","759373","0.0-11.0-1.3","","","","","","","","","","","",""
"image-keyboard-response","188","759874","0.0-11.0-2.3","null","stimuli/noise_texture.png","null","","","","","","","","",""
"custom-labels-response","189","762194","0.0-11.0-3.3","2318.7000002861023","","nervous","","","","","tom-labels","","","M2","nervous"
"html-keyboard-response","190","763208","0.0-11.0-0.4","null","<span style=""font-size:40px;"">+</span>","null","","","","","","","","",""
"html-keyboard-response","191","767515","0.0-11.0-1.4","","","","","","","","","","","",""
"image-keyboard-response","192","768017","0.0-11.0-2.4","null","stimuli/noise_texture.png","null","","","","","","","","",""
"custom-labels-response","193","771498","0.0-11.0-3.4","3480.5","","flustered","","","","","tom-labels","","","F4","flustered"
"html-keyboard-response","194","772501","0.0-11.0-0.5","null","<span style=""font-size:40px;"">+</span>","null","","","","","","","","",""
"html-keyboard-response","195","776807","0.0-11.0-1.5","","","","","","","","","","","",""
"image-keyboard-response","196","777313","0.0-11.0-2.5","null","stimuli/noise_texture.png","null","","","","","","","","",""
"custom-labels-response","197","780762","0.0-11.0-3.5","3448","","fantasizing","","","","","tom-labels","","","F4","defiant"
"html-keyboard-response","198","781769","0.0-11.0-0.6","null","<span style=""font-size:40px;"">+</span>","null","","","","","","","","",""
"html-keyboard-response","199","785731","0.0-11.0-1.6","","","","","","","","","","","",""
"image-keyboard-response","200","786240","0.0-11.0-2.6","null","stimuli/noise_texture.png","null","","","","","","","","",""
"custom-labels-response","201","792402","0.0-11.0-3.6","6160.700000286102","","depressed","","","","","tom-labels","","","F3","depressed"
"html-keyboard-response","202","793415","0.0-11.0-0.7","null","<span style=""font-size:40px;"">+</span>","null","","","","","","","","",""
"html-keyboard-response","203","797706","0.0-11.0-1.7","","","","","","","","","","","",""
"image-keyboard-response","204","798207","0.0-11.0-2.7","null","stimuli/noise_texture.png","null","","","","","","","","",""
"custom-labels-response","205","804122","0.0-11.0-3.7","5913.700000286102","","sympathetic","","","","","tom-labels","","","F6","sympathetic"
"html-keyboard-response","206","805134","0.0-11.0-0.8","null","<span style=""font-size:40px;"">+</span>","null","","","","","","","","",""
"html-keyboard-response","207","809181","0.0-11.0-1.8","","","","","","","","","","","",""
"image-keyboard-response","208","809688","0.0-11.0-2.8","null","stimuli/noise_texture.png","null","","","","","","","","",""
"custom-labels-response","209","835170","0.0-11.0-3.8","25481.199999809265","","imploring","","","","","tom-labels","","","M3","imploring"
"html-keyboard-response","210","836177","0.0-11.0-0.9","null","<span style=""font-size:40px;"">+</span>","null","","","","","","","","",""
"html-keyboard-response","211","840318","0.0-11.0-1.9","","","","","","","","","","","",""
"image-keyboard-response","212","840829","0.0-11.0-2.9","null","stimuli/noise_texture.png","null","","","","","","","","",""
"custom-labels-response","213","847186","0.0-11.0-3.9","6356.200000286102","","friendly","","","","","tom-labels","","","M5","friendly"
"html-keyboard-response","214","848198","0.0-11.0-0.10","null","<span style=""font-size:40px;"">+</span>","null","","","","","","","","",""
"html-keyboard-response","215","852359","0.0-11.0-1.10","","","","","","","","","","","",""
"image-keyboard-response","216","852871","0.0-11.0-2.10","null","stimuli/noise_texture.png","null","","","","","","","","",""
"custom-labels-response","217","864809","0.0-11.0-3.10","11938","","dispirited","","","","","tom-labels","","","F2","hopeful"
"html-keyboard-response","218","865821","0.0-11.0-0.11","null","<span style=""font-size:40px;"">+</span>","null","","","","","","","","",""
"html-keyboard-response","219","870068","0.0-11.0-1.11","","","","","","","","","","","",""
"image-keyboard-response","220","870574","0.0-11.0-2.11","null","stimuli/noise_texture.png","null","","","","","","","","",""
"custom-labels-response","221","877098","0.0-11.0-3.11","6522.800000190735","","worried","","","","","tom-labels","","","M4","worried"
"html-keyboard-response","222","878113","0.0-11.0-0.12","null","<span style=""font-size:40px;"">+</span>","null","","","","","","","","",""
"html-keyboard-response","223","882284","0.0-11.0-1.12","","","","","","","","","","","",""
"image-keyboard-response","224","882788","0.0-11.0-2.12","null","stimuli/noise_texture.png","null","","","","","","","","",""
"custom-labels-response","225","886585","0.0-11.0-3.12","3796.4000000953674","","confused","","","","","tom-labels","","","M4","confused"
"html-keyboard-response","226","887591","0.0-11.0-0.13","null","<span style=""font-size:40px;"">+</span>","null","","","","","","","","",""
"html-keyboard-response","227","891617","0.0-11.0-1.13","","","","","","","","","","","",""
"image-keyboard-response","228","892130","0.0-11.0-2.13","null","stimuli/noise_texture.png","null","","","","","","","","",""
"custom-labels-response","229","895857","0.0-11.0-3.13","3726.4000000953674","","aghast","","","","","tom-labels","","","M1","fascinated"
"html-keyboard-response","230","896874","0.0-11.0-0.14","null","<span style=""font-size:40px;"">+</span>","null","","","","","","","","",""
"html-keyboard-response","231","900865","0.0-11.0-1.14","","","","","","","","","","","",""
"image-keyboard-response","232","901369","0.0-11.0-2.14","null","stimuli/noise_texture.png","null","","","","","","","","",""
"custom-labels-response","233","904201","0.0-11.0-3.14","2832.199999809265","","horrified","","","","","tom-labels","","","M1","horrified"
"html-keyboard-response","234","905208","0.0-11.0-0.15","null","<span style=""font-size:40px;"">+</span>","null","","","","","","","","",""
"html-keyboard-response","235","909567","0.0-11.0-1.15","","","","","","","","","","","",""
"image-keyboard-response","236","910073","0.0-11.0-2.15","null","stimuli/noise_texture.png","null","","","","","","","","",""
"custom-labels-response","237","915201","0.0-11.0-3.15","5128.199999809265","","dominant","","","","","tom-labels","","","M3","decisive"
"html-keyboard-response","238","916203","0.0-11.0-0.16","null","<span style=""font-size:40px;"">+</span>","null","","","","","","","","",""
"html-keyboard-response","239","920297","0.0-11.0-1.16","","","","","","","","","","","",""
"image-keyboard-response","240","920800","0.0-11.0-2.16","null","stimuli/noise_texture.png","null","","","","","","","","",""
"custom-labels-response","241","925530","0.0-11.0-3.16","4729.900000095367","","tentative","","","","","tom-labels","","","F2","tentative"
"html-keyboard-response","242","926545","0.0-11.0-0.17","null","<span style=""font-size:40px;"">+</span>","null","","","","","","","","",""
"html-keyboard-response","243","930536","0.0-11.0-1.17","","","","","","","","","","","",""
"image-keyboard-response","244","931037","0.0-11.0-2.17","null","stimuli/noise_texture.png","null","","","","","","","","",""
"custom-labels-response","245","935873","0.0-11.0-3.17","4835.099999904633","","jealous","","","","","tom-labels","","","M3","jealous"
"html-keyboard-response","246","936885","0.0-11.0-0.18","null","<span style=""font-size:40px;"">+</span>","null","","","","","","","","",""
"html-keyboard-response","247","941542","0.0-11.0-1.18","","","","","","","","","","","",""
"image-keyboard-response","248","942055","0.0-11.0-2.18","null","stimuli/noise_texture.png","null","","","","","","","","",""
"custom-labels-response","249","953969","0.0-11.0-3.18","11913.599999904633","","contemplative","","","","","tom-labels","","","F6","contemplative"
"html-keyboard-response","250","954972","0.0-11.0-0.19","null","<span style=""font-size:40px;"">+</span>","null","","","","","","","","",""
"html-keyboard-response","251","959399","0.0-11.0-1.19","","","","","","","","","","","",""
"image-keyboard-response","252","959901","0.0-11.0-2.19","null","stimuli/noise_texture.png","null","","","","","","","","",""
"custom-labels-response","253","964514","0.0-11.0-3.19","4611.599999904633","","indifferent","","","","","tom-labels","","","M6","indifferent"
"html-keyboard-response","254","965518","0.0-11.0-0.20","null","<span style=""font-size:40px;"">+</span>","null","","","","","","","","",""
"html-keyboard-response","255","969703","0.0-11.0-1.20","","","","","","","","","","","",""
"image-keyboard-response","256","970213","0.0-11.0-2.20","null","stimuli/noise_texture.png","null","","","","","","","","",""
"custom-labels-response","257","976825","0.0-11.0-3.20","6612","","uneasy","","","","","tom-labels","","","F7","uneasy"
"html-keyboard-response","258","977826","0.0-11.0-0.21","null","<span style=""font-size:40px;"">+</span>","null","","","","","","","","",""
"html-keyboard-response","259","981965","0.0-11.0-1.21","","","","","","","","","","","",""
"image-keyboard-response","260","982475","0.0-11.0-2.21","null","stimuli/noise_texture.png","null","","","","","","","","",""
"custom-labels-response","261","989657","0.0-11.0-3.21","7182","","accusing","","","","","tom-labels","","","M3","accusing"
"html-button-response","262","1291166","0.0-12.0","301507.09999990463","You have completed the first part of the experiment.<br> Please take a five-minute break before moving on to the next trial.<p> Feel free to walk around the room and stretch. However, please make sure to return to the task<br> within 5 minutes, as extended delays may result in automatic withdrawal from the study.<br>Press <b>Continue</b> to proceed with the experiment.<p><span id=""clock"">5:00</span>","0","","","","","","","","",""
"instructions","263","1305633","0.0-13.0","14466.599999904633","","","","","","","","","[{""page_index"":0,""viewing_time"":3354.5999999046326},{""page_index"":1,""viewing_time"":7639.900000095367},{""page_index"":2,""viewing_time"":3471.9000000953674}]","",""
"html-keyboard-response","264","1306640","0.0-14.0-0.0","null","<span style=""font-size:40px;"">+</span>","null","","","","","","","","",""
"html-keyboard-response","265","1311038","0.0-14.0-1.0","","","","","","","","","","","",""
"image-keyboard-response","266","1311552","0.0-14.0-2.0","null","stimuli/noise_texture.png","null","","","","","","","","",""
"custom-labels-response","267","1315657","0.0-14.0-3.0","4103.700000286102","","intrigued","","","","","tom-labels","","","M2","thoughtful"
"html-keyboard-response","268","1316672","0.0-14.0-0.1","null","<span style=""font-size:40px;"">+</span>","null","","","","","","","","",""
"html-keyboard-response","269","1321057","0.0-14.0-1.1","","","","","","","","","","","",""
"image-keyboard-response","270","1321568","0.0-14.0-2.1","null","stimuli/noise_texture.png","null","","","","","","","","",""
"custom-labels-response","271","1324289","0.0-14.0-3.1","2720.4000000953674","","uneasy","","","","","tom-labels","","","M2","uneasy"
"html-keyboard-response","272","1325302","0.0-14.0-0.2","null","<span style=""font-size:40px;"">+</span>","null","","","","","","","","",""
"html-keyboard-response","273","1329297","0.0-14.0-1.2","","","","","","","","","","","",""
"image-keyboard-response","274","1329801","0.0-14.0-2.2","null","stimuli/noise_texture.png","null","","","","","","","","",""
"custom-labels-response","275","1332330","0.0-14.0-3.2","2527.5999999046326","","distrustful","","","","","tom-labels","","","F3","distrustful"
"html-keyboard-response","276","1333341","0.0-14.0-0.3","null","<span style=""font-size:40px;"">+</span>","null","","","","","","","","",""
"html-keyboard-response","277","1337489","0.0-14.0-1.3","","","","","","","","","","","",""
"image-keyboard-response","278","1337992","0.0-14.0-2.3","null","stimuli/noise_texture.png","null","","","","","","","","",""
"custom-labels-response","279","1340393","0.0-14.0-3.3","2399.800000190735","","indifferent","","","","","tom-labels","","","F4","dominant"
"html-keyboard-response","280","1341396","0.0-14.0-0.4","null","<span style=""font-size:40px;"">+</span>","null","","","","","","","","",""
"html-keyboard-response","281","1345465","0.0-14.0-1.4","","","","","","","","","","","",""
"image-keyboard-response","282","1345968","0.0-14.0-2.4","null","stimuli/noise_texture.png","null","","","","","","","","",""
"custom-labels-response","283","1357848","0.0-14.0-3.4","11879.299999713898","","incredulous","","","","","tom-labels","","","F3","incredulous"
"html-keyboard-response","284","1358858","0.0-14.0-0.5","null","<span style=""font-size:40px;"">+</span>","null","","","","","","","","",""
"html-keyboard-response","285","1363343","0.0-14.0-1.5","","","","","","","","","","","",""
"image-keyboard-response","286","1363845","0.0-14.0-2.5","null","stimuli/noise_texture.png","null","","","","","","","","",""
"custom-labels-response","287","1379889","0.0-14.0-3.5","16042.599999904633","","confident","","","","","tom-labels","","","M5","enthused"
"html-keyboard-response","288","1380896","0.0-14.0-0.6","null","<span style=""font-size:40px;"">+</span>","null","","","","","","","","",""
"html-keyboard-response","289","1385216","0.0-14.0-1.6","","","","","","","","","","","",""
"image-keyboard-response","290","1385728","0.0-14.0-2.6","null","stimuli/noise_texture.png","null","","","","","","","","",""
"custom-labels-response","291","1403785","0.0-14.0-3.6","18056.400000095367","","indifferent","","","","","tom-labels","","","M1","upset"
"html-keyboard-response","292","1404792","0.0-14.0-0.7","null","<span style=""font-size:40px;"">+</span>","null","","","","","","","","",""
"html-keyboard-response","293","1409148","0.0-14.0-1.7","","","","","","","","","","","",""
"image-keyboard-response","294","1409651","0.0-14.0-2.7","null","stimuli/noise_texture.png","null","","","","","","","","",""
"custom-labels-response","295","1418617","0.0-14.0-3.7","8964.900000095367","","confused","","","","","tom-labels","","","M3","sympathetic"
"html-keyboard-response","296","1419626","0.0-14.0-0.8","null","<span style=""font-size:40px;"">+</span>","null","","","","","","","","",""
"html-keyboard-response","297","1424016","0.0-14.0-1.8","","","","","","","","","","","",""
"image-keyboard-response","298","1424518","0.0-14.0-2.8","null","stimuli/noise_texture.png","null","","","","","","","","",""
"custom-labels-response","299","1428272","0.0-14.0-3.8","3753.5999999046326","","encouraging","","","","","tom-labels","","","M2","encouraging"
"html-keyboard-response","300","1429277","0.0-14.0-0.9","null","<span style=""font-size:40px;"">+</span>","null","","","","","","","","",""
"html-keyboard-response","301","1433868","0.0-14.0-1.9","","","","","","","","","","","",""
"image-keyboard-response","302","1434376","0.0-14.0-2.9","null","stimuli/noise_texture.png","null","","","","","","","","",""
"custom-labels-response","303","1440809","0.0-14.0-3.9","6432.200000286102","","preoccupied","","","","","tom-labels","","","M6","relieved"
"html-keyboard-response","304","1441812","0.0-14.0-0.10","null","<span style=""font-size:40px;"">+</span>","null","","","","","","","","",""
"html-keyboard-response","305","1446331","0.0-14.0-1.10","","","","","","","","","","","",""
"image-keyboard-response","306","1446832","0.0-14.0-2.10","null","stimuli/noise_texture.png","null","","","","","","","","",""
"custom-labels-response","307","1450145","0.0-14.0-3.10","3311.8999996185303","","insulting","","","","","tom-labels","","","M2","insulting"
"html-keyboard-response","308","1451152","0.0-14.0-0.11","null","<span style=""font-size:40px;"">+</span>","null","","","","","","","","",""
"html-keyboard-response","309","1455428","0.0-14.0-1.11","","","","","","","","","","","",""
"image-keyboard-response","310","1455932","0.0-14.0-2.11","null","stimuli/noise_texture.png","null","","","","","","","","",""
"custom-labels-response","311","1458657","0.0-14.0-3.11","2724.300000190735","","friendly","","","","","tom-labels","","","F8","friendly"
"html-keyboard-response","312","1459671","0.0-14.0-0.12","null","<span style=""font-size:40px;"">+</span>","null","","","","","","","","",""
"html-keyboard-response","313","1463937","0.0-14.0-1.12","","","","","","","","","","","",""
"image-keyboard-response","314","1464446","0.0-14.0-2.12","null","stimuli/noise_texture.png","null","","","","","","","","",""
"custom-labels-response","315","1466825","0.0-14.0-3.12","2377.6000003814697","","fearful","","","","","tom-labels","","","M5","fearful"
"html-keyboard-response","316","1467825","0.0-14.0-0.13","null","<span style=""font-size:40px;"">+</span>","null","","","","","","","","",""
"html-keyboard-response","317","1472219","0.0-14.0-1.13","","","","","","","","","","","",""
"image-keyboard-response","318","1472729","0.0-14.0-2.13","null","stimuli/noise_texture.png","null","","","","","","","","",""
"custom-labels-response","319","1482769","0.0-14.0-3.13","10039","","insisting","","","","","tom-labels","","","M2","insisting"
"html-keyboard-response","320","1483775","0.0-14.0-0.14","null","<span style=""font-size:40px;"">+</span>","null","","","","","","","","",""
"html-keyboard-response","321","1488328","0.0-14.0-1.14","","","","","","","","","","","",""
"image-keyboard-response","322","1488839","0.0-14.0-2.14","null","stimuli/noise_texture.png","null","","","","","","","","",""
"custom-labels-response","323","1505080","0.0-14.0-3.14","16240.400000095367","","despondent","","","","","tom-labels","","","F7","concerned"
"html-keyboard-response","324","1506094","0.0-14.0-0.15","null","<span style=""font-size:40px;"">+</span>","null","","","","","","","","",""
"html-keyboard-response","325","1510182","0.0-14.0-1.15","","","","","","","","","","","",""
"image-keyboard-response","326","1510697","0.0-14.0-2.15","null","stimuli/noise_texture.png","null","","","","","","","","",""
"custom-labels-response","327","1514049","0.0-14.0-3.15","3351.4000000953674","","hateful","","","","","tom-labels","","","M3","hateful"
"html-keyboard-response","328","1515059","0.0-14.0-0.16","null","<span style=""font-size:40px;"">+</span>","null","","","","","","","","",""
"html-keyboard-response","329","1519239","0.0-14.0-1.16","","","","","","","","","","","",""
"image-keyboard-response","330","1519752","0.0-14.0-2.16","null","stimuli/noise_texture.png","null","","","","","","","","",""
"custom-labels-response","331","1531897","0.0-14.0-3.16","12144.400000095367","","relaxed","","","","","tom-labels","","","F2","relaxed"
"html-keyboard-response","332","1532899","0.0-14.0-0.17","null","<span style=""font-size:40px;"">+</span>","null","","","","","","","","",""
"html-keyboard-response","333","1537220","0.0-14.0-1.17","","","","","","","","","","","",""
"image-keyboard-response","334","1537728","0.0-14.0-2.17","null","stimuli/noise_texture.png","null","","","","","","","","",""
"custom-labels-response","335","1541649","0.0-14.0-3.17","3919.5999999046326","","stern","","","","","tom-labels","","","M2","stern"
"html-keyboard-response","336","1542665","0.0-14.0-0.18","null","<span style=""font-size:40px;"">+</span>","null","","","","","","","","",""
"html-keyboard-response","337","1546873","0.0-14.0-1.18","","","","","","","","","","","",""
"image-keyboard-response","338","1547376","0.0-14.0-2.18","null","stimuli/noise_texture.png","null","","","","","","","","",""
"custom-labels-response","339","1566568","0.0-14.0-3.18","19191.200000286102","","dubious","","","","","tom-labels","","","F4","dubious"
"html-keyboard-response","340","1567572","0.0-14.0-0.19","null","<span style=""font-size:40px;"">+</span>","null","","","","","","","","",""
"html-keyboard-response","341","1571764","0.0-14.0-1.19","","","","","","","","","","","",""
"image-keyboard-response","342","1572269","0.0-14.0-2.19","null","stimuli/noise_texture.png","null","","","","","","","","",""
"custom-labels-response","343","1584680","0.0-14.0-3.19","12410.5","","arrogant","","","","","tom-labels","","","F7","insulting"
"html-keyboard-response","344","1585685","0.0-14.0-0.20","null","<span style=""font-size:40px;"">+</span>","null","","","","","","","","",""
"html-keyboard-response","345","1589987","0.0-14.0-1.20","","","","","","","","","","","",""
"image-keyboard-response","346","1590499","0.0-14.0-2.20","null","stimuli/noise_texture.png","null","","","","","","","","",""
"custom-labels-response","347","1594424","0.0-14.0-3.20","3925.0999999046326","","bewildered","","","","","tom-labels","","","F5","worried"
"html-keyboard-response","348","1595438","0.0-14.0-0.21","null","<span style=""font-size:40px;"">+</span>","null","","","","","","","","",""
"html-keyboard-response","349","1599587","0.0-14.0-1.21","","","","","","","","","","","",""
"image-keyboard-response","350","1600088","0.0-14.0-2.21","null","stimuli/noise_texture.png","null","","","","","","","","",""
"custom-labels-response","351","1602713","0.0-14.0-3.21","2623.5999999046326","","skeptical","","","","","tom-labels","","","M4","skeptical"
"html-keyboard-response","352","1603724","0.0-14.0-0.22","null","<span style=""font-size:40px;"">+</span>","null","","","","","","","","",""
"html-keyboard-response","353","1607954","0.0-14.0-1.22","","","","","","","","","","","",""
"image-keyboard-response","354","1608455","0.0-14.0-2.22","null","stimuli/noise_texture.png","null","","","","","","","","",""
"custom-labels-response","355","1612384","0.0-14.0-3.22","3928.699999809265","","playful","","","","","tom-labels","","","F2","playful"
"html-keyboard-response","356","1613400","0.0-14.0-0.23","null","<span style=""font-size:40px;"">+</span>","null","","","","","","","","",""
"html-keyboard-response","357","1617519","0.0-14.0-1.23","","","","","","","","","","","",""
"image-keyboard-response","358","1618025","0.0-14.0-2.23","null","stimuli/noise_texture.png","null","","","","","","","","",""
"custom-labels-response","359","1620984","0.0-14.0-3.23","2959.0999999046326","","contented","","","","","tom-labels","","","F7","contented"
"html-keyboard-response","360","1621985","0.0-14.0-0.24","null","<span style=""font-size:40px;"">+</span>","null","","","","","","","","",""
"html-keyboard-response","361","1625665","0.0-14.0-1.24","","","","","","","","","","","",""
"image-keyboard-response","362","1626178","0.0-14.0-2.24","null","stimuli/noise_texture.png","null","","","","","","","","",""
"custom-labels-response","363","1642432","0.0-14.0-3.24","16253.5","","relaxed","","","","","tom-labels","","","M1","relaxed"
"html-keyboard-response","364","1643438","0.0-14.0-0.25","null","<span style=""font-size:40px;"">+</span>","null","","","","","","","","",""
"html-keyboard-response","365","1647430","0.0-14.0-1.25","","","","","","","","","","","",""
"image-keyboard-response","366","1647935","0.0-14.0-2.25","null","stimuli/noise_texture.png","null","","","","","","","","",""
"custom-labels-response","367","1653736","0.0-14.0-3.25","5801","","contemplative","","","","","tom-labels","","","F3","indecisive"
"html-keyboard-response","368","1654746","0.0-14.0-0.26","null","<span style=""font-size:40px;"">+</span>","null","","","","","","","","",""
"html-keyboard-response","369","1658830","0.0-14.0-1.26","","","","","","","","","","","",""
"image-keyboard-response","370","1659343","0.0-14.0-2.26","null","stimuli/noise_texture.png","null","","","","","","","","",""
"custom-labels-response","371","1666008","0.0-14.0-3.26","6664.799999713898","","offended","","","","","tom-labels","","","F3","offended"
"html-keyboard-response","372","1667012","0.0-14.0-0.27","null","<span style=""font-size:40px;"">+</span>","null","","","","","","","","",""
"html-keyboard-response","373","1671182","0.0-14.0-1.27","","","","","","","","","","","",""
"image-keyboard-response","374","1671689","0.0-14.0-2.27","null","stimuli/noise_texture.png","null","","","","","","","","",""
"custom-labels-response","375","1676408","0.0-14.0-3.27","4718.199999809265","","hopeful","","","","","tom-labels","","","M4","hopeful"
"html-keyboard-response","376","1677413","0.0-14.0-0.28","null","<span style=""font-size:40px;"">+</span>","null","","","","","","","","",""
"html-keyboard-response","377","1681591","0.0-14.0-1.28","","","","","","","","","","","",""
"image-keyboard-response","378","1682098","0.0-14.0-2.28","null","stimuli/noise_texture.png","null","","","","","","","","",""
"custom-labels-response","379","1684384","0.0-14.0-3.28","2285.5","","interested","","","","","tom-labels","","","F2","interested"
"html-keyboard-response","380","1685389","0.0-14.0-0.29","null","<span style=""font-size:40px;"">+</span>","null","","","","","","","","",""
"html-keyboard-response","381","1689647","0.0-14.0-1.29","","","","","","","","","","","",""
"image-keyboard-response","382","1690158","0.0-14.0-2.29","null","stimuli/noise_texture.png","null","","","","","","","","",""
"custom-labels-response","383","1696496","0.0-14.0-3.29","6337.800000190735","","intrigued","","","","","tom-labels","","","M4","intrigued"
"html-keyboard-response","384","1697509","0.0-15.0-0.0","null","<span style=""font-size:40px;"">+</span>","null","","","","","","","","",""
"html-keyboard-response","385","1701513","0.0-15.0-1.0","","","","","","","","","","","",""
"image-keyboard-response","386","1702024","0.0-15.0-2.0","null","stimuli/noise_texture.png","null","","","","","","","","",""
"custom-labels-response","387","1707416","0.0-15.0-3.0","5391.5","","click","","","","","attention-check","","","M3","dubious"
"html-keyboard-response","388","1708417","0.0-17.0-0.0","null","<span style=""font-size:40px;"">+</span>","null","","","","","","","","",""
"html-keyboard-response","389","1712431","0.0-17.0-1.0","","","","","","","","","","","",""
"image-keyboard-response","390","1712933","0.0-17.0-2.0","null","stimuli/noise_texture.png","null","","","","","","","","",""
"custom-labels-response","391","1725616","0.0-17.0-3.0","12683.099999904633","","amused","","","","","tom-labels","","","M1","amused"
"html-keyboard-response","392","1726624","0.0-17.0-0.1","null","<span style=""font-size:40px;"">+</span>","null","","","","","","","","",""
"html-keyboard-response","393","1730771","0.0-17.0-1.1","","","","","","","","","","","",""
"image-keyboard-response","394","1731273","0.0-17.0-2.1","null","stimuli/noise_texture.png","null","","","","","","","","",""
"custom-labels-response","395","1741344","0.0-17.0-3.1","10070.900000095367","","hateful","","","","","tom-labels","","","F2","hateful"
"html-keyboard-response","396","1742353","0.0-17.0-0.2","null","<span style=""font-size:40px;"">+</span>","null","","","","","","","","",""
"html-keyboard-response","397","1750028","0.0-17.0-1.2","","","","","","","","","","","",""
"image-keyboard-response","398","1750538","0.0-17.0-2.2","null","stimuli/noise_texture.png","null","","","","","","","","",""
"custom-labels-response","399","1753600","0.0-17.0-3.2","3061.300000190735","","accusing","","","","","tom-labels","","","F6","accusing"
"html-keyboard-response","400","1754603","0.0-17.0-0.3","null","<span style=""font-size:40px;"">+</span>","null","","","","","","","","",""
"html-keyboard-response","401","1758785","0.0-17.0-1.3","","","","","","","","","","","",""
"image-keyboard-response","402","1759297","0.0-17.0-2.3","null","stimuli/noise_texture.png","null","","","","","","","","",""
"custom-labels-response","403","1764176","0.0-17.0-3.3","4878.300000190735","","stern","","","","","tom-labels","","","F4","stern"
"html-keyboard-response","404","1765183","0.0-17.0-0.4","null","<span style=""font-size:40px;"">+</span>","null","","","","","","","","",""
"html-keyboard-response","405","1769231","0.0-17.0-1.4","","","","","","","","","","","",""
"image-keyboard-response","406","1769747","0.0-17.0-2.4","null","stimuli/noise_texture.png","null","","","","","","","","",""
"custom-labels-response","407","1772800","0.0-17.0-3.4","3052.7000002861023","","doubtful","","","","","tom-labels","","","F3","doubtful"
"html-keyboard-response","408","1773809","0.0-17.0-0.5","null","<span style=""font-size:40px;"">+</span>","null","","","","","","","","",""
"html-keyboard-response","409","1777830","0.0-17.0-1.5","","","","","","","","","","","",""
"image-keyboard-response","410","1778333","0.0-17.0-2.5","null","stimuli/noise_texture.png","null","","","","","","","","",""
"custom-labels-response","411","1783304","0.0-17.0-3.5","4970.199999809265","","impatient","","","","","tom-labels","","","M3","impatient"
"html-keyboard-response","412","1784308","0.0-17.0-0.6","null","<span style=""font-size:40px;"">+</span>","null","","","","","","","","",""
"html-keyboard-response","413","1788313","0.0-17.0-1.6","","","","","","","","","","","",""
"image-keyboard-response","414","1788816","0.0-17.0-2.6","null","stimuli/noise_texture.png","null","","","","","","","","",""
"custom-labels-response","415","1792912","0.0-17.0-3.6","4095.300000190735","","offended","","","","","tom-labels","","","M3","offended"
"html-keyboard-response","416","1793920","0.0-17.0-0.7","null","<span style=""font-size:40px;"">+</span>","null","","","","","","","","",""
"html-keyboard-response","417","1798193","0.0-17.0-1.7","","","","","","","","","","","",""
"image-keyboard-response","418","1798694","0.0-17.0-2.7","null","stimuli/noise_texture.png","null","","","","","","","","",""
"custom-labels-response","419","1803592","0.0-17.0-3.7","4897.200000286102","","encouraging","","","","","tom-labels","","","F5","encouraging"
"html-keyboard-response","420","1804596","0.0-17.0-0.8","null","<span style=""font-size:40px;"">+</span>","null","","","","","","","","",""
"html-keyboard-response","421","1808695","0.0-17.0-1.8","","","","","","","","","","","",""
"image-keyboard-response","422","1809196","0.0-17.0-2.8","null","stimuli/noise_texture.png","null","","","","","","","","",""
"custom-labels-response","423","1813576","0.0-17.0-3.8","4379.199999809265","","reassuring","","","","","tom-labels","","","M4","reassuring"
"html-keyboard-response","424","1814590","0.0-17.0-0.9","null","<span style=""font-size:40px;"">+</span>","null","","","","","","","","",""
"html-keyboard-response","425","1818787","0.0-17.0-1.9","","","","","","","","","","","",""
"image-keyboard-response","426","1819292","0.0-17.0-2.9","null","stimuli/noise_texture.png","null","","","","","","","","",""
"custom-labels-response","427","1839010","0.0-17.0-3.9","19717.400000095367","","playful","","","","","tom-labels","","","M5","playful"
"html-keyboard-response","428","1840015","0.0-17.0-0.10","null","<span style=""font-size:40px;"">+</span>","null","","","","","","","","",""
"html-keyboard-response","429","1844148","0.0-17.0-1.10","","","","","","","","","","","",""
"image-keyboard-response","430","1844655","0.0-17.0-2.10","null","stimuli/noise_texture.png","null","","","","","","","","",""
"custom-labels-response","431","1847960","0.0-17.0-3.10","3304.2000002861023","","sarcastic","","","","","tom-labels","","","F3","sarcastic"
"html-keyboard-response","432","1848968","0.0-17.0-0.11","null","<span style=""font-size:40px;"">+</span>","null","","","","","","","","",""
"html-keyboard-response","433","1853217","0.0-17.0-1.11","","","","","","","","","","","",""
"image-keyboard-response","434","1853729","0.0-17.0-2.11","null","stimuli/noise_texture.png","null","","","","","","","","",""
"custom-labels-response","435","1857176","0.0-17.0-3.11","3446.699999809265","","cautious","","","","","tom-labels","","","M2","cautious"
"html-keyboard-response","436","1858189","0.0-17.0-0.12","null","<span style=""font-size:40px;"">+</span>","null","","","","","","","","",""
"html-keyboard-response","437","1862163","0.0-17.0-1.12","","","","","","","","","","","",""
"image-keyboard-response","438","1862679","0.0-17.0-2.12","null","stimuli/noise_texture.png","null","","","","","","","","",""
"custom-labels-response","439","1866912","0.0-17.0-3.12","4232.199999809265","","fearful","","","","","tom-labels","","","F3","fearful"
"html-keyboard-response","440","1867918","0.0-17.0-0.13","null","<span style=""font-size:40px;"">+</span>","null","","","","","","","","",""
"html-keyboard-response","441","1872097","0.0-17.0-1.13","","","","","","","","","","","",""
"image-keyboard-response","442","1872602","0.0-17.0-2.13","null","stimuli/noise_texture.png","null","","","","","","","","",""
"custom-labels-response","443","1875104","0.0-17.0-3.13","2501.199999809265","","serious","","","","","tom-labels","","","F5","serious"
"html-keyboard-response","444","1876115","0.0-17.0-0.14","null","<span style=""font-size:40px;"">+</span>","null","","","","","","","","",""
"html-keyboard-response","445","1880365","0.0-17.0-1.14","","","","","","","","","","","",""
"image-keyboard-response","446","1880868","0.0-17.0-2.14","null","stimuli/noise_texture.png","null","","","","","","","","",""
"custom-labels-response","447","1888336","0.0-17.0-3.14","7467.199999809265","","terrified","","","","","tom-labels","","","M4","flustered"
"html-keyboard-response","448","1889343","0.0-17.0-0.15","null","<span style=""font-size:40px;"">+</span>","null","","","","","","","","",""
"html-keyboard-response","449","1893536","0.0-17.0-1.15","","","","","","","","","","","",""
"image-keyboard-response","450","1894037","0.0-17.0-2.15","null","stimuli/noise_texture.png","null","","","","","","","","",""
"custom-labels-response","451","1905256","0.0-17.0-3.15","11218.699999809265","","guilty","","","","","tom-labels","","","M5","guilty"
"html-keyboard-response","452","1906258","0.0-17.0-0.16","null","<span style=""font-size:40px;"">+</span>","null","","","","","","","","",""
"html-keyboard-response","453","1910405","0.0-17.0-1.16","","","","","","","","","","","",""
"image-keyboard-response","454","1910912","0.0-17.0-2.16","null","stimuli/noise_texture.png","null","","","","","","","","",""
"custom-labels-response","455","1919872","0.0-17.0-3.16","8959.400000095367","","eager","","","","","tom-labels","","","F5","eager"
"html-keyboard-response","456","1920883","0.0-17.0-0.17","null","<span style=""font-size:40px;"">+</span>","null","","","","","","","","",""
"html-keyboard-response","457","1925071","0.0-17.0-1.17","","","","","","","","","","","",""
"image-keyboard-response","458","1925586","0.0-17.0-2.17","null","stimuli/noise_texture.png","null","","","","","","","","",""
"custom-labels-response","459","1933272","0.0-17.0-3.17","7685.699999809265","","thoughtful","","","","","tom-labels","","","F5","thoughtful"
"html-keyboard-response","460","1934283","0.0-17.0-0.18","null","<span style=""font-size:40px;"">+</span>","null","","","","","","","","",""
"html-keyboard-response","461","1938717","0.0-17.0-1.18","","","","","","","","","","","",""
"image-keyboard-response","462","1939222","0.0-17.0-2.18","null","stimuli/noise_texture.png","null","","","","","","","","",""
"custom-labels-response","463","1941912","0.0-17.0-3.18","2689.7999997138977","","entertained","","","","","tom-labels","","","M2","entertained"
"html-keyboard-response","464","1942925","0.0-17.0-0.19","null","<span style=""font-size:40px;"">+</span>","null","","","","","","","","",""
"html-keyboard-response","465","1947167","0.0-17.0-1.19","","","","","","","","","","","",""
"image-keyboard-response","466","1947680","0.0-17.0-2.19","null","stimuli/noise_texture.png","null","","","","","","","","",""
"custom-labels-response","467","1951000","0.0-17.0-3.19","3319.5","","impatient","","","","","tom-labels","","","F4","impatient"
"html-keyboard-response","468","1952006","0.0-17.0-0.20","null","<span style=""font-size:40px;"">+</span>","null","","","","","","","","",""
"html-keyboard-response","469","1956284","0.0-17.0-1.20","","","","","","","","","","","",""
"image-keyboard-response","470","1956793","0.0-17.0-2.20","null","stimuli/noise_texture.png","null","","","","","","","","",""
"custom-labels-response","471","1964912","0.0-17.0-3.20","8118.799999713898","","upset","","","","","tom-labels","","","M4","panicked"
"html-keyboard-response","472","1965919","0.0-17.0-0.21","null","<span style=""font-size:40px;"">+</span>","null","","","","","","","","",""
"html-keyboard-response","473","1970376","0.0-17.0-1.21","","","","","","","","","","","",""
"image-keyboard-response","474","1970877","0.0-17.0-2.21","null","stimuli/noise_texture.png","null","","","","","","","","",""
"custom-labels-response","475","1978960","0.0-17.0-3.21","8082.199999809265","","perplexed","","","","","tom-labels","","","M6","anticipating"
"html-keyboard-response","476","1979972","0.0-17.0-0.22","null","<span style=""font-size:40px;"">+</span>","null","","","","","","","","",""
"html-keyboard-response","477","1984266","0.0-17.0-1.22","","","","","","","","","","","",""
"image-keyboard-response","478","1984778","0.0-17.0-2.22","null","stimuli/noise_texture.png","null","","","","","","","","",""
"custom-labels-response","479","1987784","0.0-17.0-3.22","3004.699999809265","","confused","","","","","tom-labels","","","F8","confused"
"html-keyboard-response","480","1988788","0.0-17.0-0.23","null","<span style=""font-size:40px;"">+</span>","null","","","","","","","","",""
"html-keyboard-response","481","1992989","0.0-17.0-1.23","","","","","","","","","","","",""
"image-keyboard-response","482","1993495","0.0-17.0-2.23","null","stimuli/noise_texture.png","null","","","","","","","","",""
"custom-labels-response","483","1997816","0.0-17.0-3.23","4320","","convinced","","","","","tom-labels","","","F4","convinced"
"html-keyboard-response","484","1998817","0.0-17.0-0.24","null","<span style=""font-size:40px;"">+</span>","null","","","","","","","","",""
"html-keyboard-response","485","2002864","0.0-17.0-1.24","","","","","","","","","","","",""
"image-keyboard-response","486","2003366","0.0-17.0-2.24","null","stimuli/noise_texture.png","null","","","","","","","","",""
"custom-labels-response","487","2014984","0.0-17.0-3.24","11617","","pensive","","","","","tom-labels","","","F3","pensive"
"html-keyboard-response","488","2015990","0.0-17.0-0.25","null","<span style=""font-size:40px;"">+</span>","null","","","","","","","","",""
"html-keyboard-response","489","2020265","0.0-17.0-1.25","","","","","","","","","","","",""
"image-keyboard-response","490","2020773","0.0-17.0-2.25","null","stimuli/noise_texture.png","null","","","","","","","","",""
"custom-labels-response","491","2027704","0.0-17.0-3.25","6929.699999809265","","relieved","","","","","tom-labels","","","F6","relieved"
"html-keyboard-response","492","2028711","0.0-17.0-0.26","null","<span style=""font-size:40px;"">+</span>","null","","","","","","","","",""
"html-keyboard-response","493","2032843","0.0-17.0-1.26","","","","","","","","","","","",""
"image-keyboard-response","494","2033356","0.0-17.0-2.26","null","stimuli/noise_texture.png","null","","","","","","","","",""
"custom-labels-response","495","2039056","0.0-17.0-3.26","5699","","affectionate","","","","","tom-labels","","","F8","desire"
"html-keyboard-response","496","2040057","0.0-17.0-0.27","null","<span style=""font-size:40px;"">+</span>","null","","","","","","","","",""
"html-keyboard-response","497","2044463","0.0-17.0-1.27","","","","","","","","","","","",""
"image-keyboard-response","498","2044968","0.0-17.0-2.27","null","stimuli/noise_texture.png","null","","","","","","","","",""
"custom-labels-response","499","2049992","0.0-17.0-3.27","5022.900000095367","","relaxed","","","","","tom-labels","","","F6","comforting"
"html-keyboard-response","500","2050997","0.0-17.0-0.28","null","<span style=""font-size:40px;"">+</span>","null","","","","","","","","",""
"html-keyboard-response","501","2054980","0.0-17.0-1.28","","","","","","","","","","","",""
"image-keyboard-response","502","2055491","0.0-17.0-2.28","null","stimuli/noise_texture.png","null","","","","","","","","",""
"custom-labels-response","503","2059696","0.0-17.0-3.28","4203.799999713898","","earnest","","","","","tom-labels","","","F3","earnest"
"html-keyboard-response","504","2060703","0.0-17.0-0.29","null","<span style=""font-size:40px;"">+</span>","null","","","","","","","","",""
"html-keyboard-response","505","2065116","0.0-17.0-1.29","","","","","","","","","","","",""
"image-keyboard-response","506","2065632","0.0-17.0-2.29","null","stimuli/noise_texture.png","null","","","","","","","","",""
"custom-labels-response","507","2070120","0.0-17.0-3.29","4487.5","","serious","","","","","tom-labels","","","M6","serious"
"html-keyboard-response","508","2071122","0.0-17.0-0.30","null","<span style=""font-size:40px;"">+</span>","null","","","","","","","","",""
"html-keyboard-response","509","2075408","0.0-17.0-1.30","","","","","","","","","","","",""
"image-keyboard-response","510","2075924","0.0-17.0-2.30","null","stimuli/noise_texture.png","null","","","","","","","","",""
"custom-labels-response","511","2080568","0.0-17.0-3.30","4643.300000190735","","irritated","","","","","tom-labels","","","M6","irritated"
"html-keyboard-response","512","2081576","0.0-17.0-0.31","null","<span style=""font-size:40px;"">+</span>","null","","","","","","","","",""
"html-keyboard-response","513","2085823","0.0-17.0-1.31","","","","","","","","","","","",""
"image-keyboard-response","514","2086330","0.0-17.0-2.31","null","stimuli/noise_texture.png","null","","","","","","","","",""
"custom-labels-response","515","2091576","0.0-17.0-3.31","5244.699999809265","","encouraging","","","","","tom-labels","","","M6","indecisive"
"html-button-response","516","2390119","0.0-18.0","298542.30000019073","You have completed the second part of the experiment.<br> Please take a five-minute break before moving on to the next trial.<p> Feel free to walk around the room and stretch. However, please make sure to return to the task<br> within 5 minutes, as extended delays may result in automatic withdrawal from the study.<br>Press <b>Continue</b> to proceed with the experiment.<p><span id=""clock"">5:00</span>","0","","","","","","","","",""
"instructions","517","2456176","0.0-19.0","66056.09999990463","","","","","","","","","[{""page_index"":0,""viewing_time"":1983},{""page_index"":1,""viewing_time"":49712},{""page_index"":2,""viewing_time"":14360.900000095367}]","",""
"html-keyboard-response","518","2457177","0.0-20.0-0.0","null","<span style=""font-size:40px;"">+</span>","null","","","","","","","","",""
"html-keyboard-response","519","2461419","0.0-20.0-1.0","","","","","","","","","","","",""
"image-keyboard-response","520","2461922","0.0-20.0-2.0","null","stimuli/noise_texture.png","null","","","","","","","","",""
"custom-labels-response","521","2469248","0.0-20.0-3.0","7324.200000286102","","ashamed","","","","","tom-labels","","","F3","ashamed"
"html-keyboard-response","522","2470251","0.0-20.0-0.1","null","<span style=""font-size:40px;"">+</span>","null","","","","","","","","",""
"html-keyboard-response","523","2474542","0.0-20.0-1.1","","","","","","","","","","","",""
"image-keyboard-response","524","2475050","0.0-20.0-2.1","null","stimuli/noise_texture.png","null","","","","","","","","",""
"custom-labels-response","525","2477671","0.0-20.0-3.1","2620.5","","annoyed","","","","","tom-labels","","","F2","annoyed"
"html-keyboard-response","526","2478679","0.0-20.0-0.2","null","<span style=""font-size:40px;"">+</span>","null","","","","","","","","",""
"html-keyboard-response","527","2482990","0.0-20.0-1.2","","","","","","","","","","","",""
"image-keyboard-response","528","2483504","0.0-20.0-2.2","null","stimuli/noise_texture.png","null","","","","","","","","",""
"custom-labels-response","529","2492743","0.0-20.0-3.2","9238.700000286102","","interested","","","","","tom-labels","","","M5","interested"
"html-keyboard-response","530","2493754","0.0-20.0-0.3","null","<span style=""font-size:40px;"">+</span>","null","","","","","","","","",""
"html-keyboard-response","531","2498073","0.0-20.0-1.3","","","","","","","","","","","",""
"image-keyboard-response","532","2498575","0.0-20.0-2.3","null","stimuli/noise_texture.png","null","","","","","","","","",""
"custom-labels-response","533","2501887","0.0-20.0-3.3","3311.8999996185303","","deciding","","","","","tom-labels","","","F6","deciding"
"html-keyboard-response","534","2502900","0.0-20.0-0.4","null","<span style=""font-size:40px;"">+</span>","null","","","","","","","","",""
"html-keyboard-response","535","2507122","0.0-20.0-1.4","","","","","","","","","","","",""
"image-keyboard-response","536","2507639","0.0-20.0-2.4","null","stimuli/noise_texture.png","null","","","","","","","","",""
"custom-labels-response","537","2514935","0.0-20.0-3.4","7295.5","","reassuring","","","","","tom-labels","","","F2","reflective"
"html-keyboard-response","538","2515950","0.0-20.0-0.5","null","<span style=""font-size:40px;"">+</span>","null","","","","","","","","",""
"html-keyboard-response","539","2520210","0.0-20.0-1.5","","","","","","","","","","","",""
"image-keyboard-response","540","2520712","0.0-20.0-2.5","null","stimuli/noise_texture.png","null","","","","","","","","",""
"custom-labels-response","541","2523855","0.0-20.0-3.5","3142.300000190735","","flirtatious","","","","","tom-labels","","","F6","flirtatious"
"html-keyboard-response","542","2524867","0.0-20.0-0.6","null","<span style=""font-size:40px;"">+</span>","null","","","","","","","","",""
"html-keyboard-response","543","2529209","0.0-20.0-1.6","","","","","","","","","","","",""
"image-keyboard-response","544","2529714","0.0-20.0-2.6","null","stimuli/noise_texture.png","null","","","","","","","","",""
"custom-labels-response","545","2531743","0.0-20.0-3.6","2028.1999998092651","","terrified","","","","","tom-labels","","","F6","terrified"
"html-keyboard-response","546","2532749","0.0-20.0-0.7","null","<span style=""font-size:40px;"">+</span>","null","","","","","","","","",""
"html-keyboard-response","547","2536801","0.0-20.0-1.7","","","","","","","","","","","",""
"image-keyboard-response","548","2537304","0.0-20.0-2.7","null","stimuli/noise_texture.png","null","","","","","","","","",""
"custom-labels-response","549","2560759","0.0-20.0-3.7","23454.099999904633","","distrustful","","","","","tom-labels","","","M1","pensive"
"html-keyboard-response","550","2561771","0.0-20.0-0.8","null","<span style=""font-size:40px;"">+</span>","null","","","","","","","","",""
"html-keyboard-response","551","2565931","0.0-20.0-1.8","","","","","","","","","","","",""
"image-keyboard-response","552","2566434","0.0-20.0-2.8","null","stimuli/noise_texture.png","null","","","","","","","","",""
"custom-labels-response","553","2576143","0.0-20.0-3.8","9708","","depressed","","","","","tom-labels","","","M4","contemplative"
"html-keyboard-response","554","2577156","0.0-20.0-0.9","null","<span style=""font-size:40px;"">+</span>","null","","","","","","","","",""
"html-keyboard-response","555","2581410","0.0-20.0-1.9","","","","","","","","","","","",""
"image-keyboard-response","556","2581913","0.0-20.0-2.9","null","stimuli/noise_texture.png","null","","","","","","","","",""
"custom-labels-response","557","2586207","0.0-20.0-3.9","4293.699999809265","","threatening","","","","","tom-labels","","","F7","threatening"
"html-keyboard-response","558","2587208","0.0-20.0-0.10","null","<span style=""font-size:40px;"">+</span>","null","","","","","","","","",""
"html-keyboard-response","559","2591571","0.0-20.0-1.10","","","","","","","","","","","",""
"image-keyboard-response","560","2592085","0.0-20.0-2.10","null","stimuli/noise_texture.png","null","","","","","","","","",""
"custom-labels-response","561","2596703","0.0-20.0-3.10","4617.199999809265","","puzzled","","","","","tom-labels","","","F6","puzzled"
"html-keyboard-response","562","2597715","0.0-20.0-0.11","null","<span style=""font-size:40px;"">+</span>","null","","","","","","","","",""
"html-keyboard-response","563","2602232","0.0-20.0-1.11","","","","","","","","","","","",""
"image-keyboard-response","564","2602736","0.0-20.0-2.11","null","stimuli/noise_texture.png","null","","","","","","","","",""
"custom-labels-response","565","2605791","0.0-20.0-3.11","3054","","contented","","","","","tom-labels","","","M5","contented"
"html-keyboard-response","566","2606792","0.0-20.0-0.12","null","<span style=""font-size:40px;"">+</span>","null","","","","","","","","",""
"html-keyboard-response","567","2611123","0.0-20.0-1.12","","","","","","","","","","","",""
"image-keyboard-response","568","2611625","0.0-20.0-2.12","null","stimuli/noise_texture.png","null","","","","","","","","",""
"custom-labels-response","569","2613919","0.0-20.0-3.12","2293.7999997138977","","resentful","","","","","tom-labels","","","F5","resentful"
"html-keyboard-response","570","2614934","0.0-20.0-0.13","null","<span style=""font-size:40px;"">+</span>","null","","","","","","","","",""
"html-keyboard-response","571","2619204","0.0-20.0-1.13","","","","","","","","","","","",""
"image-keyboard-response","572","2619709","0.0-20.0-2.13","null","stimuli/noise_texture.png","null","","","","","","","","",""
"custom-labels-response","573","2625015","0.0-20.0-3.13","5305.099999904633","","earnest","","","","","tom-labels","","","M5","earnest"
"html-keyboard-response","574","2626022","0.0-20.0-0.14","null","<span style=""font-size:40px;"">+</span>","null","","","","","","","","",""
"html-keyboard-response","575","2630532","0.0-20.0-1.14","","","","","","","","","","","",""
"image-keyboard-response","576","2631047","0.0-20.0-2.14","null","stimuli/noise_texture.png","null","","","","","","","","",""
"custom-labels-response","577","2633831","0.0-20.0-3.14","2783.3999996185303","","annoyed","","","","","tom-labels","","","M6","puzzled"
"html-keyboard-response","578","2634836","0.0-20.0-0.15","null","<span style=""font-size:40px;"">+</span>","null","","","","","","","","",""
"html-keyboard-response","579","2638433","0.0-20.0-1.15","","","","","","","","","","","",""
"image-keyboard-response","580","2638941","0.0-20.0-2.15","null","stimuli/noise_texture.png","null","","","","","","","","",""
"custom-labels-response","581","2642127","0.0-20.0-3.15","3185.5999999046326","","disappointed","","","","","tom-labels","","","M1","disappointed"
"html-keyboard-response","582","2643128","0.0-20.0-0.16","null","<span style=""font-size:40px;"">+</span>","null","","","","","","","","",""
"html-keyboard-response","583","2647477","0.0-20.0-1.16","","","","","","","","","","","",""
"image-keyboard-response","584","2647990","0.0-20.0-2.16","null","stimuli/noise_texture.png","null","","","","","","","","",""
"custom-labels-response","585","2662191","0.0-20.0-3.16","14200.5","","nervous","","","","","tom-labels","","","F2","nervous"
"html-keyboard-response","586","2663200","0.0-20.0-0.17","null","<span style=""font-size:40px;"">+</span>","null","","","","","","","","",""
"html-keyboard-response","587","2667482","0.0-20.0-1.17","","","","","","","","","","","",""
"image-keyboard-response","588","2667986","0.0-20.0-2.17","null","stimuli/noise_texture.png","null","","","","","","","","",""
"custom-labels-response","589","2671487","0.0-20.0-3.17","3499.9000000953674","","terrified","","","","","tom-labels","","","M5","terrified"
"html-keyboard-response","590","2672496","0.0-20.0-0.18","null","<span style=""font-size:40px;"">+</span>","null","","","","","","","","",""
"html-keyboard-response","591","2676515","0.0-20.0-1.18","","","","","","","","","","","",""
"image-keyboard-response","592","2677026","0.0-20.0-2.18","null","stimuli/noise_texture.png","null","","","","","","","","",""
"custom-labels-response","593","2681159","0.0-20.0-3.18","4132.099999904633","","aghast","","","","","tom-labels","","","M3","aghast"
"html-keyboard-response","594","2682163","0.0-20.0-0.19","null","<span style=""font-size:40px;"">+</span>","null","","","","","","","","",""
"html-keyboard-response","595","2686254","0.0-20.0-1.19","","","","","","","","","","","",""
"image-keyboard-response","596","2686758","0.0-20.0-2.19","null","stimuli/noise_texture.png","null","","","","","","","","",""
"custom-labels-response","597","2691951","0.0-20.0-3.19","5192.099999904633","","assertive","","","","","tom-labels","","","M3","assertive"
"html-keyboard-response","598","2692966","0.0-20.0-0.20","null","<span style=""font-size:40px;"">+</span>","null","","","","","","","","",""
"html-keyboard-response","599","2697578","0.0-20.0-1.20","","","","","","","","","","","",""
"image-keyboard-response","600","2698087","0.0-20.0-2.20","null","stimuli/noise_texture.png","null","","","","","","","","",""
"custom-labels-response","601","2704391","0.0-20.0-3.20","6303.099999904633","","skeptical","","","","","tom-labels","","","M6","depressed"
"html-keyboard-response","602","2705398","0.0-20.0-0.21","null","<span style=""font-size:40px;"">+</span>","null","","","","","","","","",""
"html-keyboard-response","603","2709734","0.0-20.0-1.21","","","","","","","","","","","",""
"image-keyboard-response","604","2710251","0.0-20.0-2.21","null","stimuli/noise_texture.png","null","","","","","","","","",""
"custom-labels-response","605","2713271","0.0-20.0-3.21","3018.4000000953674","","regretful","","","","","tom-labels","","","M2","regretful"
"html-keyboard-response","606","2714287","0.0-20.0-0.22","null","<span style=""font-size:40px;"">+</span>","null","","","","","","","","",""
"html-keyboard-response","607","2718683","0.0-20.0-1.22","","","","","","","","","","","",""
"image-keyboard-response","608","2719187","0.0-20.0-2.22","null","stimuli/noise_texture.png","null","","","","","","","","",""
"custom-labels-response","609","2741879","0.0-20.0-3.22","22690.800000190735","","guilty","","","","","tom-labels","","","F6","guilty"
"html-keyboard-response","610","2742891","0.0-20.0-0.23","null","<span style=""font-size:40px;"">+</span>","null","","","","","","","","",""
"html-keyboard-response","611","2747034","0.0-20.0-1.23","","","","","","","","","","","",""
"image-keyboard-response","612","2747550","0.0-20.0-2.23","null","stimuli/noise_texture.png","null","","","","","","","","",""
"custom-labels-response","613","2751551","0.0-20.0-3.23","4000.4000000953674","","preoccupied","","","","","tom-labels","","","M5","preoccupied"
"html-keyboard-response","614","2752555","0.0-20.0-0.24","null","<span style=""font-size:40px;"">+</span>","null","","","","","","","","",""
"html-keyboard-response","615","2756842","0.0-20.0-1.24","","","","","","","","","","","",""
"image-keyboard-response","616","2757353","0.0-20.0-2.24","null","stimuli/noise_texture.png","null","","","","","","","","",""
"custom-labels-response","617","2764978","0.0-20.0-3.24","7624.10000038147","","cautious","","","","","tom-labels","","","F8","cautious"
"html-keyboard-response","618","2765982","0.0-20.0-0.25","null","<span style=""font-size:40px;"">+</span>","null","","","","","","","","",""
"html-keyboard-response","619","2770291","0.0-20.0-1.25","","","","","","","","","","","",""
"image-keyboard-response","620","2770794","0.0-20.0-2.25","null","stimuli/noise_texture.png","null","","","","","","","","",""
"custom-labels-response","621","2774031","0.0-20.0-3.25","3235.7000002861023","","flirtatious","","","","","tom-labels","","","M2","flirtatious"
"html-keyboard-response","622","2775036","0.0-20.0-0.26","null","<span style=""font-size:40px;"">+</span>","null","","","","","","","","",""
"html-keyboard-response","623","2779278","0.0-20.0-1.26","","","","","","","","","","","",""
"image-keyboard-response","624","2779793","0.0-20.0-2.26","null","stimuli/noise_texture.png","null","","","","","","","","",""
"custom-labels-response","625","2815127","0.0-20.0-3.26","35333.90000009537","","insisting","","","","","tom-labels","","","F7","aghast"
"html-keyboard-response","626","2816133","0.0-20.0-0.27","null","<span style=""font-size:40px;"">+</span>","null","","","","","","","","",""
"html-keyboard-response","627","2820621","0.0-20.0-1.27","","","","","","","","","","","",""
"image-keyboard-response","628","2821126","0.0-20.0-2.27","null","stimuli/noise_texture.png","null","","","","","","","","",""
"custom-labels-response","629","2826407","0.0-20.0-3.27","5279.800000190735","","defiant","","","","","tom-labels","","","F4","imploring"
"html-keyboard-response","630","2827421","0.0-20.0-0.28","null","<span style=""font-size:40px;"">+</span>","null","","","","","","","","",""
"html-keyboard-response","631","2831662","0.0-20.0-1.28","","","","","","","","","","","",""
"image-keyboard-response","632","2832171","0.0-20.0-2.28","null","stimuli/noise_texture.png","null","","","","","","","","",""
"custom-labels-response","633","2837919","0.0-20.0-3.28","5746.900000095367","","defiant","","","","","tom-labels","","","M2","defiant"
"html-keyboard-response","634","2838926","0.0-20.0-0.29","null","<span style=""font-size:40px;"">+</span>","null","","","","","","","","",""
"html-keyboard-response","635","2842681","0.0-20.0-1.29","","","","","","","","","","","",""
"image-keyboard-response","636","2843192","0.0-20.0-2.29","null","stimuli/noise_texture.png","null","","","","","","","","",""
"custom-labels-response","637","2846271","0.0-20.0-3.29","3077.6000003814697","","confident","","","","","tom-labels","","","M1","confident"
"html-keyboard-response","638","2847274","0.0-21.0-0.0","null","<span style=""font-size:40px;"">+</span>","null","","","","","","","","",""
"html-keyboard-response","639","2851738","0.0-21.0-1.0","","","","","","","","","","","",""
"image-keyboard-response","640","2852242","0.0-21.0-2.0","null","stimuli/noise_texture.png","null","","","","","","","","",""
"custom-labels-response","641","2855847","0.0-21.0-3.0","3603.7000002861023","","click","","","","","attention-check","","","M2","encouraging"
"html-keyboard-response","642","2856849","0.0-23.0-0.0","null","<span style=""font-size:40px;"">+</span>","null","","","","","","","","",""
"html-keyboard-response","643","2861185","0.0-23.0-1.0","","","","","","","","","","","",""
"image-keyboard-response","644","2861697","0.0-23.0-2.0","null","stimuli/noise_texture.png","null","","","","","","","","",""
"custom-labels-response","645","2864935","0.0-23.0-3.0","3236.8999996185303","","satisfied","","","","","tom-labels","","","M6","satisfied"
"html-keyboard-response","646","2865936","0.0-23.0-0.1","null","<span style=""font-size:40px;"">+</span>","null","","","","","","","","",""
"html-keyboard-response","647","2869881","0.0-23.0-1.1","","","","","","","","","","","",""
"image-keyboard-response","648","2870384","0.0-23.0-2.1","null","stimuli/noise_texture.png","null","","","","","","","","",""
"custom-labels-response","649","2882470","0.0-23.0-3.1","12085.5","","arrogant","","","","","tom-labels","","","M1","arrogant"
"html-keyboard-response","650","2883479","0.0-23.0-0.2","null","<span style=""font-size:40px;"">+</span>","null","","","","","","","","",""
"html-keyboard-response","651","2887784","0.0-23.0-1.2","","","","","","","","","","","",""
"image-keyboard-response","652","2888290","0.0-23.0-2.2","null","stimuli/noise_texture.png","null","","","","","","","","",""
"custom-labels-response","653","2890535","0.0-23.0-3.2","2243.8999996185303","","fantasizing","","","","","tom-labels","","","F2","fantasizing"
"html-keyboard-response","654","2891541","0.0-23.0-0.3","null","<span style=""font-size:40px;"">+</span>","null","","","","","","","","",""
"html-keyboard-response","655","2895747","0.0-23.0-1.3","","","","","","","","","","","",""
"image-keyboard-response","656","2896249","0.0-23.0-2.3","null","stimuli/noise_texture.png","null","","","","","","","","",""
"custom-labels-response","657","2901663","0.0-23.0-3.3","5412.39999961853","","sympathetic","","","","","tom-labels","","","F7","apologetic"
"html-keyboard-response","658","2902675","0.0-23.0-0.4","null","<span style=""font-size:40px;"">+</span>","null","","","","","","","","",""
"html-keyboard-response","659","2906784","0.0-23.0-1.4","","","","","","","","","","","",""
"image-keyboard-response","660","2907297","0.0-23.0-2.4","null","stimuli/noise_texture.png","null","","","","","","","","",""
"custom-labels-response","661","2921206","0.0-23.0-3.4","13908.400000095367","","incredulous","","","","","tom-labels","","","M1","incredulous"
"html-keyboard-response","662","2922211","0.0-23.0-0.5","null","<span style=""font-size:40px;"">+</span>","null","","","","","","","","",""
"html-keyboard-response","663","2926765","0.0-23.0-1.5","","","","","","","","","","","",""
"image-keyboard-response","664","2927281","0.0-23.0-2.5","null","stimuli/noise_texture.png","null","","","","","","","","",""
"custom-labels-response","665","2930776","0.0-23.0-3.5","3494.4000000953674","","comforting","","","","","tom-labels","","","M5","comforting"
"html-keyboard-response","666","2931780","0.0-23.0-0.6","null","<span style=""font-size:40px;"">+</span>","null","","","","","","","","",""
"html-keyboard-response","667","2935767","0.0-23.0-1.6","","","","","","","","","","","",""
"image-keyboard-response","668","2936281","0.0-23.0-2.6","null","stimuli/noise_texture.png","null","","","","","","","","",""
"custom-labels-response","669","2938895","0.0-23.0-3.6","2613","","dispirited","","","","","tom-labels","","","M1","dispirited"
"html-keyboard-response","670","2939904","0.0-23.0-0.7","null","<span style=""font-size:40px;"">+</span>","null","","","","","","","","",""
"html-keyboard-response","671","2944017","0.0-23.0-1.7","","","","","","","","","","","",""
"image-keyboard-response","672","2944524","0.0-23.0-2.7","null","stimuli/noise_texture.png","null","","","","","","","","",""
"custom-labels-response","673","2954094","0.0-23.0-3.7","9569.300000190735","","dispirited","","","","","tom-labels","","","F3","regretful"
"html-keyboard-response","674","2955103","0.0-23.0-0.8","null","<span style=""font-size:40px;"">+</span>","null","","","","","","","","",""
"html-keyboard-response","675","2959288","0.0-23.0-1.8","","","","","","","","","","","",""
"image-keyboard-response","676","2959799","0.0-23.0-2.8","null","stimuli/noise_texture.png","null","","","","","","","","",""
"custom-labels-response","677","2963631","0.0-23.0-3.8","3831.5","","horrified","","","","","tom-labels","","","F8","horrified"
"html-keyboard-response","678","2964647","0.0-23.0-0.9","null","<span style=""font-size:40px;"">+</span>","null","","","","","","","","",""
"html-keyboard-response","679","2968833","0.0-23.0-1.9","","","","","","","","","","","",""
"image-keyboard-response","680","2969337","0.0-23.0-2.9","null","stimuli/noise_texture.png","null","","","","","","","","",""
"custom-labels-response","681","2973758","0.0-23.0-3.9","4420.799999713898","","entertained","","","","","tom-labels","","","F3","entertained"
"html-keyboard-response","682","2974760","0.0-23.0-0.10","null","<span style=""font-size:40px;"">+</span>","null","","","","","","","","",""
"html-keyboard-response","683","2978978","0.0-23.0-1.10","","","","","","","","","","","",""
"image-keyboard-response","684","2979492","0.0-23.0-2.10","null","stimuli/noise_texture.png","null","","","","","","","","",""
"custom-labels-response","685","2985438","0.0-23.0-3.10","5946.099999904633","","anxious","","","","","tom-labels","","","M4","anxious"
"html-keyboard-response","686","2986451","0.0-23.0-0.11","null","<span style=""font-size:40px;"">+</span>","null","","","","","","","","",""
"html-keyboard-response","687","2990498","0.0-23.0-1.11","","","","","","","","","","","",""
"image-keyboard-response","688","2991009","0.0-23.0-2.11","null","stimuli/noise_texture.png","null","","","","","","","","",""
"custom-labels-response","689","2995958","0.0-23.0-3.11","4949","","ashamed","","","","","tom-labels","","","M1","ashamed"
"html-keyboard-response","690","2996967","0.0-23.0-0.12","null","<span style=""font-size:40px;"">+</span>","null","","","","","","","","",""
"html-keyboard-response","691","3001283","0.0-23.0-1.12","","","","","","","","","","","",""
"image-keyboard-response","692","3001789","0.0-23.0-2.12","null","stimuli/noise_texture.png","null","","","","","","","","",""
"custom-labels-response","693","3005998","0.0-23.0-3.12","4208.800000190735","","skeptical","","","","","tom-labels","","","M6","convinced"
"html-keyboard-response","694","3007000","0.0-23.0-0.13","null","<span style=""font-size:40px;"">+</span>","null","","","","","","","","",""
"html-keyboard-response","695","3011016","0.0-23.0-1.13","","","","","","","","","","","",""
"image-keyboard-response","696","3011529","0.0-23.0-2.13","null","stimuli/noise_texture.png","null","","","","","","","","",""
"custom-labels-response","697","3016806","0.0-23.0-3.13","5276.5","","resentful","","","","","tom-labels","","","M3","resentful"
"html-keyboard-response","698","3017816","0.0-23.0-0.14","null","<span style=""font-size:40px;"">+</span>","null","","","","","","","","",""
"html-keyboard-response","699","3021798","0.0-23.0-1.14","","","","","","","","","","","",""
"image-keyboard-response","700","3022304","0.0-23.0-2.14","null","stimuli/noise_texture.png","null","","","","","","","","",""
"custom-labels-response","701","3025310","0.0-23.0-3.14","3005.9000000953674","","threatening","","","","","tom-labels","","","M3","threatening"
"html-keyboard-response","702","3026326","0.0-23.0-0.15","null","<span style=""font-size:40px;"">+</span>","null","","","","","","","","",""
"html-keyboard-response","703","3030431","0.0-23.0-1.15","","","","","","","","","","","",""
"image-keyboard-response","704","3030938","0.0-23.0-2.15","null","stimuli/noise_texture.png","null","","","","","","","","",""
"custom-labels-response","705","3033447","0.0-23.0-3.15","2508.199999809265","","annoyed","","","","","tom-labels","","","F8","jealous"
"html-keyboard-response","706","3034450","0.0-23.0-0.16","null","<span style=""font-size:40px;"">+</span>","null","","","","","","","","",""
"html-keyboard-response","707","3038630","0.0-23.0-1.16","","","","","","","","","","","",""
"image-keyboard-response","708","3039134","0.0-23.0-2.16","null","stimuli/noise_texture.png","null","","","","","","","","",""
"custom-labels-response","709","3041750","0.0-23.0-3.16","2615.5999999046326","","embarrassed","","","","","tom-labels","","","F7","embarrassed"
"html-keyboard-response","710","3042757","0.0-23.0-0.17","null","<span style=""font-size:40px;"">+</span>","null","","","","","","","","",""
"html-keyboard-response","711","3046988","0.0-23.0-1.17","","","","","","","","","","","",""
"image-keyboard-response","712","3047502","0.0-23.0-2.17","null","stimuli/noise_texture.png","null","","","","","","","","",""
"custom-labels-response","713","3051102","0.0-23.0-3.17","3599.800000190735","","anticipating","","","","","tom-labels","","","F5","anticipating"
"html-keyboard-response","714","3052115","0.0-23.0-0.18","null","<span style=""font-size:40px;"">+</span>","null","","","","","","","","",""
"html-keyboard-response","715","3056506","0.0-23.0-1.18","","","","","","","","","","","",""
"image-keyboard-response","716","3057013","0.0-23.0-2.18","null","stimuli/noise_texture.png","null","","","","","","","","",""
"custom-labels-response","717","3066942","0.0-23.0-3.18","9929","","reflective","","","","","tom-labels","","","M6","reflective"
"html-keyboard-response","718","3067945","0.0-23.0-0.19","null","<span style=""font-size:40px;"">+</span>","null","","","","","","","","",""
"html-keyboard-response","719","3072277","0.0-23.0-1.19","","","","","","","","","","","",""
"image-keyboard-response","720","3072783","0.0-23.0-2.19","null","stimuli/noise_texture.png","null","","","","","","","","",""
"custom-labels-response","721","3080502","0.0-23.0-3.19","7718.300000190735","","upset","","","","","tom-labels","","","F4","upset"
"html-keyboard-response","722","3081510","0.0-23.0-0.20","null","<span style=""font-size:40px;"">+</span>","null","","","","","","","","",""
"html-keyboard-response","723","3085792","0.0-23.0-1.20","","","","","","","","","","","",""
"image-keyboard-response","724","3086300","0.0-23.0-2.20","null","stimuli/noise_texture.png","null","","","","","","","","",""
"custom-labels-response","725","3088126","0.0-23.0-3.20","1825.5999999046326","","suspicious","","","","","tom-labels","","","M5","suspicious"
"html-keyboard-response","726","3089134","0.0-23.0-0.21","null","<span style=""font-size:40px;"">+</span>","null","","","","","","","","",""
"html-keyboard-response","727","3093421","0.0-23.0-1.21","","","","","","","","","","","",""
"image-keyboard-response","728","3093922","0.0-23.0-2.21","null","stimuli/noise_texture.png","null","","","","","","","","",""
"custom-labels-response","729","3096958","0.0-23.0-3.21","3035.2000002861023","","joking","","","","","tom-labels","","","F5","joking"
"html-keyboard-response","730","3097971","0.0-23.0-0.22","null","<span style=""font-size:40px;"">+</span>","null","","","","","","","","",""
"html-keyboard-response","731","3102263","0.0-23.0-1.22","","","","","","","","","","","",""
"image-keyboard-response","732","3102771","0.0-23.0-2.22","null","stimuli/noise_texture.png","null","","","","","","","","",""
"custom-labels-response","733","3107318","0.0-23.0-3.22","4546.200000286102","","defiant","","","","","tom-labels","","","F8","decisive"
"html-keyboard-response","734","3108334","0.0-23.0-0.23","null","<span style=""font-size:40px;"">+</span>","null","","","","","","","","",""
"html-keyboard-response","735","3112720","0.0-23.0-1.23","","","","","","","","","","","",""
"image-keyboard-response","736","3113227","0.0-23.0-2.23","null","stimuli/noise_texture.png","null","","","","","","","","",""
"custom-labels-response","737","3120342","0.0-23.0-3.23","7114.5","","desire","","","","","tom-labels","","","M2","desire"
"html-keyboard-response","738","3121356","0.0-23.0-0.24","null","<span style=""font-size:40px;"">+</span>","null","","","","","","","","",""
"html-keyboard-response","739","3131026","0.0-23.0-1.24","","","","","","","","","","","",""
"image-keyboard-response","740","3131541","0.0-23.0-2.24","null","stimuli/noise_texture.png","null","","","","","","","","",""
"custom-labels-response","741","3138382","0.0-23.0-3.24","6840.599999904633","","satisfied","","","","","tom-labels","","","F4","satisfied"
"html-keyboard-response","742","3139393","0.0-23.0-0.25","null","<span style=""font-size:40px;"">+</span>","null","","","","","","","","",""
"html-keyboard-response","743","3143733","0.0-23.0-1.25","","","","","","","","","","","",""
"image-keyboard-response","744","3144243","0.0-23.0-2.25","null","stimuli/noise_texture.png","null","","","","","","","","",""
"custom-labels-response","745","3146822","0.0-23.0-3.25","2578.2999997138977","","grateful","","","","","tom-labels","","","M4","fantasizing"
"html-keyboard-response","746","3147823","0.0-23.0-0.26","null","<span style=""font-size:40px;"">+</span>","null","","","","","","","","",""
"html-keyboard-response","747","3151977","0.0-23.0-1.26","","","","","","","","","","","",""
"image-keyboard-response","748","3152485","0.0-23.0-2.26","null","stimuli/noise_texture.png","null","","","","","","","","",""
"custom-labels-response","749","3159934","0.0-23.0-3.26","7448.5","","contented","","","","","tom-labels","","","M4","affectionate"
"html-keyboard-response","750","3160936","0.0-23.0-0.27","null","<span style=""font-size:40px;"">+</span>","null","","","","","","","","",""
"html-keyboard-response","751","3165201","0.0-23.0-1.27","","","","","","","","","","","",""
"image-keyboard-response","752","3165710","0.0-23.0-2.27","null","stimuli/noise_texture.png","null","","","","","","","","",""
"custom-labels-response","753","3168606","0.0-23.0-3.27","2895.300000190735","","annoyed","","","","","tom-labels","","","M6","annoyed"
"html-keyboard-response","754","3169617","0.0-23.0-0.28","null","<span style=""font-size:40px;"">+</span>","null","","","","","","","","",""
"html-keyboard-response","755","3173864","0.0-23.0-1.28","","","","","","","","","","","",""
"image-keyboard-response","756","3174373","0.0-23.0-2.28","null","stimuli/noise_texture.png","null","","","","","","","","",""
"custom-labels-response","757","3176358","0.0-23.0-3.28","1984.3000001907349","","sarcastic","","","","","tom-labels","","","M1","sarcastic"
"html-keyboard-response","758","3177370","0.0-23.0-0.29","null","<span style=""font-size:40px;"">+</span>","null","","","","","","","","",""
"html-keyboard-response","759","3181489","0.0-23.0-1.29","","","","","","","","","","","",""
"image-keyboard-response","760","3181997","0.0-23.0-2.29","null","stimuli/noise_texture.png","null","","","","","","","","",""
"custom-labels-response","761","3188166","0.0-23.0-3.29","6168.199999809265","","skeptical","","","","","tom-labels","","","F5","skeptical"
"html-button-response","762","3207253","0.0-24.0","19086.099999904633","<h3>Thank you for participating!</h1><p>You are done with the experiment. You will receive the full payment for your participation. Thank you for your time and contribution.</p><p>You will be automatically redirected to Prolific upon clicking <strong>Complete Experiment</strong>.</p><p>Please DO NOT close this tab until you have been redirected to Prolific. Please take note of your Prolific Completion Code before clicking <strong>Complete Experiment</strong>: <strong>C1HPV5RI</strong>.</p>","0","5c01bf7d4c14cf00019ce2a4","1760810847542","A","0","","","","",""
