"trial_type","trial_index","time_elapsed","internal_node_id","rt","stimulus","response","PID","START_TIME","EXP_AB","ATTENTION_FAILURES","trial","responses","view_history","actor","target_emotion"
"pavlovia","0","740","0.0-0.0","","","","","","","","","","","",""
"html-button-response","1","3130","0.0-1.0","2388.89999999851","<h1>Welcome to the Multiethnic Face Database Study!</h1>","0","6704539fe462b87182866f14","1760800891675","A","0","","","","",""
"html-button-response","2","5597","0.0-2.0","2464.900000002235","<div style=""text-align: left; margin: 50px 80px -60px 80px;""><p><span style='text-decoration: underline;'><strong>CONSENT FORM </strong></span></p><p><strong>McGill University </strong></p><p><strong>Title of Research:</strong> A Dual Process Theory of Theory of Mind</p><p><strong>Researchers:</strong><br>Ian Gold, Ph.D., Professor, McGill University<br />Elizaveta Solomonova, Ph.D., Researcher, McGill University <br />Fernanda Perez-Gay Juarez, M.D., Ph.D., Psychiatry Resident, McGill University<br />Sophie Serebryany, Undergraduate Student, McGill University <br />Ani Shahbazian, Undergraduate Student, Concordia University<br>Sophie Hoyer, Undergraduate Student, McGill University</p><p><strong>Contact Information:<br />Tel:</strong> 514-398-8939 (Dr. Ian Gold) <br /><strong>Email:</strong> neurophilosophylabmcgill@gmail.com (all researchers)</p><p><strong>Purpose of the research:</strong><br> This study aims to measure people's ability to understand what others are thinking and feeling across different contexts and modalities. Please read through the description of the research project, and take the opportunity to ask any questions that you have about the project.</p><p><strong>What is involved in participating:</strong><br>You will be asked to look at a series of videos of facial expressions and answer questions about them. The online study in its entirety will take around [insert time], divided into 3 blocks with two 5-minute breaks in between. You will be asked to respond by answering multiple choice questions about the video. You will only need a mouse and a keyboard to provide responses to the various tasks.</p><p><strong>Right to withdraw:</strong><br>Please note that your participation is voluntary, and you are free to withdraw at any time without any negative consequences. Once you consent to participate, you may proceed to complete the online tasks. At the end of the experiment, you will see the message 'This is the end of the study. Please click on the button 'Complete the Experiment' to save your data and obtain your payment code.' Once you click the button, your data will be automatically collected through Pavlovia. Since participants will be anonymized (identified only by an alphanumeric code assigned by Prolific), the data will not be able to be withdrawn anonymously once you have completed the experiment. If you wish to withdraw consent without data collection, do not click the button to end the experiment and just close your browser.</p><p><strong>Confidentiality:</strong><br>The study's data will be kept for 7 years, stored in a password-protected virtual drive under the jurisdiction of McGill University (Dr. Ian Gold McGill's OneDrive). Your responses will be kept strictly confidential and will be identified only by means of your Prolific ID and never with your name or other identifying information. Only members of Dr. Ian Gold's lab will have access to identifiable study materials. You will not be identified or identifiable in any report or reports that result from the research (peer reviewed publications, presentations at national and international conferences, etc).</p><p><strong>Compensation:</strong><br>You will be compensated with &pound;9 for the completion of the study which should take approximately 60 minutes. Please use the completion code given to you at the end of the study to retrieve your payment in your Prolific account. Please note that if you decide to withdraw before finishing a session, there will be no way to compensate you for the time you spent, given that your data will not be saved.</p><p><strong>Risks &amp; Benefits:</strong> The only associated risks associated with this study are screen fatigue. If you have questions or concerns regarding your rights or welfare as a participant in this research study, please contact the Manager, Research Ethics at 514-398-6831 or lynda.mcneil@mcgill.ca.</p><p><strong>Consent:</strong><br>Please click on the button below if you have read the above information and consent to participate in this study. Otherwise, you can just close this window and return to the experiment in Prolific. Agreeing to participate in this study does not waive any of your rights or release the researchers from their responsibilities. To ensure the study is being conducted properly, authorized individuals, such as a member of the Research Ethics Board, may have access to your information.</p></div>","0","","","","","false","","","",""
"survey-demo","3","64248","0.0-3.0","58644.699999999255","","","6704539fe462b87182866f14","1760800891675","","","demo","{""age"":""43"",""gender"":""Man"",""ethnicity"":[""White""],""education"":""Graduate school (Masters)"",""religion"":""Christian"",""birthcountry"":""Spain"",""residencecountry"":""United Kingdom of Great Britain and Northern Ireland"",""yearsresidence"":""17"",""internetspeed"":""35""}","","",""
"instructions","4","288876","0.0-6.0-0.0","224626.69999999925","","","","","","","","","[{""page_index"":0,""viewing_time"":38605.900000002235},{""page_index"":1,""viewing_time"":35762.199999999255},{""page_index"":2,""viewing_time"":32636.800000000745},{""page_index"":3,""viewing_time"":95067.39999999851},{""page_index"":4,""viewing_time"":22553.800000000745}]","",""
"html-keyboard-response","5","289879","0.0-6.0-1.0","null","<span style=""font-size:40px;"">+</span>","null","","","","","","","","",""
"html-keyboard-response","6","294310","0.0-6.0-2.0","","","","","","","","","","","",""
"image-keyboard-response","7","294812","0.0-6.0-3.0","null","stimuli/noise_texture.png","null","","","","","","","","",""
"custom-labels-response","8","298204","0.0-6.0-4.0","3391.699999999255","","offended","","","","","tom-labels-practice","","","12","Doubtful"
"html-button-response","9","300246","0.0-7.0","2040.6000000014901","<div style=""width: 1000px; height: 45px""><p>You will now be shown a series of short videos. Please select the label that best describes the emotion that the face was showing. Please provide one best guess for each item. Starting now, your responses will be recorded.</p><p>Click <strong>Continue</strong> to start. Good luck!</p></div>","0","","","","","false","","","",""
"html-keyboard-response","10","301249","0.0-8.0-0.0","null","<span style=""font-size:40px;"">+</span>","null","","","","","","","","",""
"html-keyboard-response","11","305929","0.0-8.0-1.0","","","","","","","","","","","",""
"image-keyboard-response","12","306432","0.0-8.0-2.0","null","stimuli/noise_texture.png","null","","","","","","","","",""
"custom-labels-response","13","309112","0.0-8.0-3.0","2679.900000002235","","anxious","","","","","tom-labels","","","F7","anxious"
"html-keyboard-response","14","310114","0.0-8.0-0.1","null","<span style=""font-size:40px;"">+</span>","null","","","","","","","","",""
"html-keyboard-response","15","314534","0.0-8.0-1.1","","","","","","","","","","","",""
"image-keyboard-response","16","315036","0.0-8.0-2.1","null","stimuli/noise_texture.png","null","","","","","","","","",""
"custom-labels-response","17","319539","0.0-8.0-3.1","4500.199999999255","","fearful","","","","","tom-labels","","","F8","decisive"
"html-keyboard-response","18","320540","0.0-8.0-0.2","null","<span style=""font-size:40px;"">+</span>","null","","","","","","","","",""
"html-keyboard-response","19","324991","0.0-8.0-1.2","","","","","","","","","","","",""
"image-keyboard-response","20","325494","0.0-8.0-2.2","null","stimuli/noise_texture.png","null","","","","","","","","",""
"custom-labels-response","21","330939","0.0-8.0-3.2","5443.79999999702","","thoughtful","","","","","tom-labels","","","F5","thoughtful"
"html-keyboard-response","22","331941","0.0-8.0-0.3","null","<span style=""font-size:40px;"">+</span>","null","","","","","","","","",""
"html-keyboard-response","23","336749","0.0-8.0-1.3","","","","","","","","","","","",""
"image-keyboard-response","24","337251","0.0-8.0-2.3","null","stimuli/noise_texture.png","null","","","","","","","","",""
"custom-labels-response","25","343667","0.0-8.0-3.3","6413.5","","relaxed","","","","","tom-labels","","","F2","relaxed"
"html-keyboard-response","26","344669","0.0-8.0-0.4","null","<span style=""font-size:40px;"">+</span>","null","","","","","","","","",""
"html-keyboard-response","27","348984","0.0-8.0-1.4","","","","","","","","","","","",""
"image-keyboard-response","28","349487","0.0-8.0-2.4","null","stimuli/noise_texture.png","null","","","","","","","","",""
"custom-labels-response","29","367767","0.0-8.0-3.4","18277.10000000149","","embarrassed","","","","","tom-labels","","","F7","embarrassed"
"html-keyboard-response","30","368769","0.0-8.0-0.5","null","<span style=""font-size:40px;"">+</span>","null","","","","","","","","",""
"html-keyboard-response","31","373392","0.0-8.0-1.5","","","","","","","","","","","",""
"image-keyboard-response","32","373894","0.0-8.0-2.5","null","stimuli/noise_texture.png","null","","","","","","","","",""
"custom-labels-response","33","384659","0.0-8.0-3.5","10761.599999997765","","earnest","","","","","tom-labels","","","M5","earnest"
"html-keyboard-response","34","385662","0.0-8.0-0.6","null","<span style=""font-size:40px;"">+</span>","null","","","","","","","","",""
"html-keyboard-response","35","390065","0.0-8.0-1.6","","","","","","","","","","","",""
"image-keyboard-response","36","390566","0.0-8.0-2.6","null","stimuli/noise_texture.png","null","","","","","","","","",""
"custom-labels-response","37","393418","0.0-8.0-3.6","2850.2999999970198","","horrified","","","","","tom-labels","","","F8","horrified"
"html-keyboard-response","38","394420","0.0-8.0-0.7","null","<span style=""font-size:40px;"">+</span>","null","","","","","","","","",""
"html-keyboard-response","39","398593","0.0-8.0-1.7","","","","","","","","","","","",""
"image-keyboard-response","40","399095","0.0-8.0-2.7","null","stimuli/noise_texture.png","null","","","","","","","","",""
"custom-labels-response","41","402204","0.0-8.0-3.7","3107.300000000745","","arrogant","","","","","tom-labels","","","M1","arrogant"
"html-keyboard-response","42","403206","0.0-8.0-0.8","null","<span style=""font-size:40px;"">+</span>","null","","","","","","","","",""
"html-keyboard-response","43","407655","0.0-8.0-1.8","","","","","","","","","","","",""
"image-keyboard-response","44","408159","0.0-8.0-2.8","null","stimuli/noise_texture.png","null","","","","","","","","",""
"custom-labels-response","45","413453","0.0-8.0-3.8","5292.300000000745","","hostile","","","","","tom-labels","","","F6","hostile"
"html-keyboard-response","46","414456","0.0-8.0-0.9","null","<span style=""font-size:40px;"">+</span>","null","","","","","","","","",""
"html-keyboard-response","47","419361","0.0-8.0-1.9","","","","","","","","","","","",""
"image-keyboard-response","48","419864","0.0-8.0-2.9","null","stimuli/noise_texture.png","null","","","","","","","","",""
"custom-labels-response","49","423270","0.0-8.0-3.9","3404.800000000745","","deciding","","","","","tom-labels","","","F6","deciding"
"html-keyboard-response","50","424273","0.0-8.0-0.10","null","<span style=""font-size:40px;"">+</span>","null","","","","","","","","",""
"html-keyboard-response","51","429167","0.0-8.0-1.10","","","","","","","","","","","",""
"image-keyboard-response","52","429668","0.0-8.0-2.10","null","stimuli/noise_texture.png","null","","","","","","","","",""
"custom-labels-response","53","435048","0.0-8.0-3.10","5377.900000002235","","despondent","","","","","tom-labels","","","M6","despondent"
"html-keyboard-response","54","436051","0.0-8.0-0.11","null","<span style=""font-size:40px;"">+</span>","null","","","","","","","","",""
"html-keyboard-response","55","440315","0.0-8.0-1.11","","","","","","","","","","","",""
"image-keyboard-response","56","440818","0.0-8.0-2.11","null","stimuli/noise_texture.png","null","","","","","","","","",""
"custom-labels-response","57","443679","0.0-8.0-3.11","2859.39999999851","","distrustful","","","","","tom-labels","","","F3","distrustful"
"html-keyboard-response","58","444681","0.0-8.0-0.12","null","<span style=""font-size:40px;"">+</span>","null","","","","","","","","",""
"html-keyboard-response","59","449022","0.0-8.0-1.12","","","","","","","","","","","",""
"image-keyboard-response","60","449524","0.0-8.0-2.12","null","stimuli/noise_texture.png","null","","","","","","","","",""
"custom-labels-response","61","452027","0.0-8.0-3.12","2502.60000000149","","doubtful","","","","","tom-labels","","","F3","preoccupied"
"html-keyboard-response","62","453032","0.0-8.0-0.13","null","<span style=""font-size:40px;"">+</span>","null","","","","","","","","",""
"html-keyboard-response","63","457603","0.0-8.0-1.13","","","","","","","","","","","",""
"image-keyboard-response","64","458105","0.0-8.0-2.13","null","stimuli/noise_texture.png","null","","","","","","","","",""
"custom-labels-response","65","461564","0.0-8.0-3.13","3455","","terrified","","","","","tom-labels","","","M5","terrified"
"html-keyboard-response","66","462566","0.0-8.0-0.14","null","<span style=""font-size:40px;"">+</span>","null","","","","","","","","",""
"html-keyboard-response","67","466969","0.0-8.0-1.14","","","","","","","","","","","",""
"image-keyboard-response","68","467470","0.0-8.0-2.14","null","stimuli/noise_texture.png","null","","","","","","","","",""
"custom-labels-response","69","471279","0.0-8.0-3.14","3806.7999999970198","","uneasy","","","","","tom-labels","","","F7","uneasy"
"html-keyboard-response","70","472281","0.0-8.0-0.15","null","<span style=""font-size:40px;"">+</span>","null","","","","","","","","",""
"html-keyboard-response","71","476955","0.0-8.0-1.15","","","","","","","","","","","",""
"image-keyboard-response","72","477458","0.0-8.0-2.15","null","stimuli/noise_texture.png","null","","","","","","","","",""
"custom-labels-response","73","483039","0.0-8.0-3.15","5578.5","","desire","","","","","tom-labels","","","M2","desire"
"html-keyboard-response","74","484041","0.0-8.0-0.16","null","<span style=""font-size:40px;"">+</span>","null","","","","","","","","",""
"html-keyboard-response","75","488331","0.0-8.0-1.16","","","","","","","","","","","",""
"image-keyboard-response","76","488834","0.0-8.0-2.16","null","stimuli/noise_texture.png","null","","","","","","","","",""
"custom-labels-response","77","494160","0.0-8.0-3.16","5323.300000000745","","affectionate","","","","","tom-labels","","","F4","affectionate"
"html-keyboard-response","78","495162","0.0-8.0-0.17","null","<span style=""font-size:40px;"">+</span>","null","","","","","","","","",""
"html-keyboard-response","79","499595","0.0-8.0-1.17","","","","","","","","","","","",""
"image-keyboard-response","80","500097","0.0-8.0-2.17","null","stimuli/noise_texture.png","null","","","","","","","","",""
"custom-labels-response","81","504475","0.0-8.0-3.17","4376.300000000745","","comforting","","","","","tom-labels","","","F6","comforting"
"html-keyboard-response","82","505478","0.0-8.0-0.18","null","<span style=""font-size:40px;"">+</span>","null","","","","","","","","",""
"html-keyboard-response","83","509828","0.0-8.0-1.18","","","","","","","","","","","",""
"image-keyboard-response","84","510329","0.0-8.0-2.18","null","stimuli/noise_texture.png","null","","","","","","","","",""
"custom-labels-response","85","514159","0.0-8.0-3.18","3827.39999999851","","serious","","","","","tom-labels","","","F5","serious"
"html-keyboard-response","86","515162","0.0-8.0-0.19","null","<span style=""font-size:40px;"">+</span>","null","","","","","","","","",""
"html-keyboard-response","87","519432","0.0-8.0-1.19","","","","","","","","","","","",""
"image-keyboard-response","88","519933","0.0-8.0-2.19","null","stimuli/noise_texture.png","null","","","","","","","","",""
"custom-labels-response","89","524278","0.0-8.0-3.19","4341.800000000745","","grateful","","","","","tom-labels","","","M3","grateful"
"html-keyboard-response","90","525281","0.0-8.0-0.20","null","<span style=""font-size:40px;"">+</span>","null","","","","","","","","",""
"html-keyboard-response","91","529839","0.0-8.0-1.20","","","","","","","","","","","",""
"image-keyboard-response","92","530341","0.0-8.0-2.20","null","stimuli/noise_texture.png","null","","","","","","","","",""
"custom-labels-response","93","540040","0.0-8.0-3.20","9698.300000000745","","aghast","","","","","tom-labels","","","F7","aghast"
"html-keyboard-response","94","541042","0.0-8.0-0.21","null","<span style=""font-size:40px;"">+</span>","null","","","","","","","","",""
"html-keyboard-response","95","545580","0.0-8.0-1.21","","","","","","","","","","","",""
"image-keyboard-response","96","546083","0.0-8.0-2.21","null","stimuli/noise_texture.png","null","","","","","","","","",""
"custom-labels-response","97","548892","0.0-8.0-3.21","2807.2999999970198","","playful","","","","","tom-labels","","","F2","playful"
"html-keyboard-response","98","549894","0.0-8.0-0.22","null","<span style=""font-size:40px;"">+</span>","null","","","","","","","","",""
"html-keyboard-response","99","554329","0.0-8.0-1.22","","","","","","","","","","","",""
"image-keyboard-response","100","554832","0.0-8.0-2.22","null","stimuli/noise_texture.png","null","","","","","","","","",""
"custom-labels-response","101","557818","0.0-8.0-3.22","2983.39999999851","","upset","","","","","tom-labels","","","F4","upset"
"html-keyboard-response","102","558821","0.0-8.0-0.23","null","<span style=""font-size:40px;"">+</span>","null","","","","","","","","",""
"html-keyboard-response","103","563362","0.0-8.0-1.23","","","","","","","","","","","",""
"image-keyboard-response","104","563864","0.0-8.0-2.23","null","stimuli/noise_texture.png","null","","","","","","","","",""
"custom-labels-response","105","567292","0.0-8.0-3.23","3426.400000002235","","flustered","","","","","tom-labels","","","M6","reflective"
"html-keyboard-response","106","568294","0.0-8.0-0.24","null","<span style=""font-size:40px;"">+</span>","null","","","","","","","","",""
"html-keyboard-response","107","572750","0.0-8.0-1.24","","","","","","","","","","","",""
"image-keyboard-response","108","573252","0.0-8.0-2.24","null","stimuli/noise_texture.png","null","","","","","","","","",""
"custom-labels-response","109","576663","0.0-8.0-3.24","3409.39999999851","","suspicious","","","","","tom-labels","","","M2","stern"
"html-keyboard-response","110","577663","0.0-8.0-0.25","null","<span style=""font-size:40px;"">+</span>","null","","","","","","","","",""
"html-keyboard-response","111","582016","0.0-8.0-1.25","","","","","","","","","","","",""
"image-keyboard-response","112","582518","0.0-8.0-2.25","null","stimuli/noise_texture.png","null","","","","","","","","",""
"custom-labels-response","113","585406","0.0-8.0-3.25","2886.89999999851","","contented","","","","","tom-labels","","","F7","contented"
"html-keyboard-response","114","586409","0.0-8.0-0.26","null","<span style=""font-size:40px;"">+</span>","null","","","","","","","","",""
"html-keyboard-response","115","590615","0.0-8.0-1.26","","","","","","","","","","","",""
"image-keyboard-response","116","591117","0.0-8.0-2.26","null","stimuli/noise_texture.png","null","","","","","","","","",""
"custom-labels-response","117","592892","0.0-8.0-3.26","1772.699999999255","","doubtful","","","","","tom-labels","","","F3","doubtful"
"html-keyboard-response","118","593894","0.0-8.0-0.27","null","<span style=""font-size:40px;"">+</span>","null","","","","","","","","",""
"html-keyboard-response","119","598564","0.0-8.0-1.27","","","","","","","","","","","",""
"image-keyboard-response","120","599067","0.0-8.0-2.27","null","stimuli/noise_texture.png","null","","","","","","","","",""
"custom-labels-response","121","603360","0.0-8.0-3.27","4290.800000000745","","distrustful","","","","","tom-labels","","","M6","anticipating"
"html-keyboard-response","122","604362","0.0-8.0-0.28","null","<span style=""font-size:40px;"">+</span>","null","","","","","","","","",""
"html-keyboard-response","123","609132","0.0-8.0-1.28","","","","","","","","","","","",""
"image-keyboard-response","124","609633","0.0-8.0-2.28","null","stimuli/noise_texture.png","null","","","","","","","","",""
"custom-labels-response","125","613271","0.0-8.0-3.28","3637.199999999255","","impatient","","","","","tom-labels","","","M2","insulting"
"html-keyboard-response","126","614274","0.0-8.0-0.29","null","<span style=""font-size:40px;"">+</span>","null","","","","","","","","",""
"html-keyboard-response","127","618657","0.0-8.0-1.29","","","","","","","","","","","",""
"image-keyboard-response","128","619159","0.0-8.0-2.29","null","stimuli/noise_texture.png","null","","","","","","","","",""
"custom-labels-response","129","621860","0.0-8.0-3.29","2698.800000000745","","skeptical","","","","","tom-labels","","","F2","annoyed"
"html-keyboard-response","130","622862","0.0-8.0-0.30","null","<span style=""font-size:40px;"">+</span>","null","","","","","","","","",""
"html-keyboard-response","131","627202","0.0-8.0-1.30","","","","","","","","","","","",""
"image-keyboard-response","132","627704","0.0-8.0-2.30","null","stimuli/noise_texture.png","null","","","","","","","","",""
"custom-labels-response","133","631542","0.0-8.0-3.30","3836.900000002235","","curious","","","","","tom-labels","","","F5","grateful"
"html-keyboard-response","134","632545","0.0-8.0-0.31","null","<span style=""font-size:40px;"">+</span>","null","","","","","","","","",""
"html-keyboard-response","135","636710","0.0-8.0-1.31","","","","","","","","","","","",""
"image-keyboard-response","136","637213","0.0-8.0-2.31","null","stimuli/noise_texture.png","null","","","","","","","","",""
"custom-labels-response","137","639634","0.0-8.0-3.31","2418.800000000745","","dominant","","","","","tom-labels","","","M1","dominant"
"html-keyboard-response","138","640636","0.0-8.0-0.32","null","<span style=""font-size:40px;"">+</span>","null","","","","","","","","",""
"html-keyboard-response","139","644801","0.0-8.0-1.32","","","","","","","","","","","",""
"image-keyboard-response","140","645304","0.0-8.0-2.32","null","stimuli/noise_texture.png","null","","","","","","","","",""
"custom-labels-response","141","649821","0.0-8.0-3.32","4515","","ashamed","","","","","tom-labels","","","F3","ashamed"
"html-keyboard-response","142","650823","0.0-8.0-0.33","null","<span style=""font-size:40px;"">+</span>","null","","","","","","","","",""
"html-keyboard-response","143","655002","0.0-8.0-1.33","","","","","","","","","","","",""
"image-keyboard-response","144","655504","0.0-8.0-2.33","null","stimuli/noise_texture.png","null","","","","","","","","",""
"custom-labels-response","145","658964","0.0-8.0-3.33","3459.5","","incredulous","","","","","tom-labels","","","F3","incredulous"
"html-keyboard-response","146","659967","0.0-8.0-0.34","null","<span style=""font-size:40px;"">+</span>","null","","","","","","","","",""
"html-keyboard-response","147","664186","0.0-8.0-1.34","","","","","","","","","","","",""
"image-keyboard-response","148","664689","0.0-8.0-2.34","null","stimuli/noise_texture.png","null","","","","","","","","",""
"custom-labels-response","149","671356","0.0-8.0-3.34","6664.699999999255","","hateful","","","","","tom-labels","","","F2","hateful"
"html-keyboard-response","150","672358","0.0-8.0-0.35","null","<span style=""font-size:40px;"">+</span>","null","","","","","","","","",""
"html-keyboard-response","151","677019","0.0-8.0-1.35","","","","","","","","","","","",""
"image-keyboard-response","152","677521","0.0-8.0-2.35","null","stimuli/noise_texture.png","null","","","","","","","","",""
"custom-labels-response","153","680644","0.0-8.0-3.35","3121.5","","contemplative","","","","","tom-labels","","","F6","contemplative"
"html-keyboard-response","154","681646","0.0-8.0-0.36","null","<span style=""font-size:40px;"">+</span>","null","","","","","","","","",""
"html-keyboard-response","155","685861","0.0-8.0-1.36","","","","","","","","","","","",""
"image-keyboard-response","156","686363","0.0-8.0-2.36","null","stimuli/noise_texture.png","null","","","","","","","","",""
"custom-labels-response","157","687926","0.0-8.0-3.36","1561","","fearful","","","","","tom-labels","","","F3","fearful"
"html-keyboard-response","158","688928","0.0-8.0-0.37","null","<span style=""font-size:40px;"">+</span>","null","","","","","","","","",""
"html-keyboard-response","159","693437","0.0-8.0-1.37","","","","","","","","","","","",""
"image-keyboard-response","160","693940","0.0-8.0-2.37","null","stimuli/noise_texture.png","null","","","","","","","","",""
"custom-labels-response","161","700492","0.0-8.0-3.37","6546.800000000745","","dispirited","","","","","tom-labels","","","F7","dispirited"
"html-keyboard-response","162","701494","0.0-8.0-0.38","null","<span style=""font-size:40px;"">+</span>","null","","","","","","","","",""
"html-keyboard-response","163","705858","0.0-8.0-1.38","","","","","","","","","","","",""
"image-keyboard-response","164","706361","0.0-8.0-2.38","null","stimuli/noise_texture.png","null","","","","","","","","",""
"custom-labels-response","165","709273","0.0-8.0-3.38","2909.5","","distrustful","","","","","tom-labels","","","M4","contemplative"
"html-keyboard-response","166","710274","0.0-8.0-0.39","null","<span style=""font-size:40px;"">+</span>","null","","","","","","","","",""
"html-keyboard-response","167","714802","0.0-8.0-1.39","","","","","","","","","","","",""
"image-keyboard-response","168","715304","0.0-8.0-2.39","null","stimuli/noise_texture.png","null","","","","","","","","",""
"custom-labels-response","169","722988","0.0-8.0-3.39","7682.800000000745","","apologetic","","","","","tom-labels","","","M3","imploring"
"html-keyboard-response","170","723991","0.0-9.0-0.0","null","<span style=""font-size:40px;"">+</span>","null","","","","","","","","",""
"html-keyboard-response","171","728280","0.0-9.0-1.0","","","","","","","","","","","",""
"image-keyboard-response","172","728782","0.0-9.0-2.0","null","stimuli/noise_texture.png","null","","","","","","","","",""
"custom-labels-response","173","734648","0.0-9.0-3.0","5863.10000000149","","click","","","","","attention-check","","","M5","earnest"
"html-keyboard-response","174","735650","0.0-11.0-0.0","null","<span style=""font-size:40px;"">+</span>","null","","","","","","","","",""
"html-keyboard-response","175","739932","0.0-11.0-1.0","","","","","","","","","","","",""
"image-keyboard-response","176","740434","0.0-11.0-2.0","null","stimuli/noise_texture.png","null","","","","","","","","",""
"custom-labels-response","177","744493","0.0-11.0-3.0","4056.699999999255","","incredulous","","","","","tom-labels","","","F4","arrogant"
"html-keyboard-response","178","745494","0.0-11.0-0.1","null","<span style=""font-size:40px;"">+</span>","null","","","","","","","","",""
"html-keyboard-response","179","750287","0.0-11.0-1.1","","","","","","","","","","","",""
"image-keyboard-response","180","750790","0.0-11.0-2.1","null","stimuli/noise_texture.png","null","","","","","","","","",""
"custom-labels-response","181","755237","0.0-11.0-3.1","4444.39999999851","","decisive","","","","","tom-labels","","","M3","decisive"
"html-keyboard-response","182","756240","0.0-11.0-0.2","null","<span style=""font-size:40px;"">+</span>","null","","","","","","","","",""
"html-keyboard-response","183","760746","0.0-11.0-1.2","","","","","","","","","","","",""
"image-keyboard-response","184","761249","0.0-11.0-2.2","null","stimuli/noise_texture.png","null","","","","","","","","",""
"custom-labels-response","185","763103","0.0-11.0-3.2","1851","","defiant","","","","","tom-labels","","","M2","defiant"
"html-keyboard-response","186","764106","0.0-11.0-0.3","null","<span style=""font-size:40px;"">+</span>","null","","","","","","","","",""
"html-keyboard-response","187","768831","0.0-11.0-1.3","","","","","","","","","","","",""
"image-keyboard-response","188","769333","0.0-11.0-2.3","null","stimuli/noise_texture.png","null","","","","","","","","",""
"custom-labels-response","189","773497","0.0-11.0-3.3","4162.300000000745","","insisting","","","","","tom-labels","","","M2","insisting"
"html-keyboard-response","190","774499","0.0-11.0-0.4","null","<span style=""font-size:40px;"">+</span>","null","","","","","","","","",""
"html-keyboard-response","191","778869","0.0-11.0-1.4","","","","","","","","","","","",""
"image-keyboard-response","192","779371","0.0-11.0-2.4","null","stimuli/noise_texture.png","null","","","","","","","","",""
"custom-labels-response","193","781774","0.0-11.0-3.4","2400.5","","defiant","","","","","tom-labels","","","F4","defiant"
"html-keyboard-response","194","782776","0.0-11.0-0.5","null","<span style=""font-size:40px;"">+</span>","null","","","","","","","","",""
"html-keyboard-response","195","787243","0.0-11.0-1.5","","","","","","","","","","","",""
"image-keyboard-response","196","787744","0.0-11.0-2.5","null","stimuli/noise_texture.png","null","","","","","","","","",""
"custom-labels-response","197","793064","0.0-11.0-3.5","5318.699999999255","","reflective","","","","","tom-labels","","","F2","reflective"
"html-keyboard-response","198","794067","0.0-11.0-0.6","null","<span style=""font-size:40px;"">+</span>","null","","","","","","","","",""
"html-keyboard-response","199","798308","0.0-11.0-1.6","","","","","","","","","","","",""
"image-keyboard-response","200","798811","0.0-11.0-2.6","null","stimuli/noise_texture.png","null","","","","","","","","",""
"custom-labels-response","201","800505","0.0-11.0-3.6","1693.3999999985099","","insisting","","","","","tom-labels","","","F3","insisting"
"html-keyboard-response","202","801508","0.0-11.0-0.7","null","<span style=""font-size:40px;"">+</span>","null","","","","","","","","",""
"html-keyboard-response","203","805883","0.0-11.0-1.7","","","","","","","","","","","",""
"image-keyboard-response","204","806510","0.0-11.0-2.7","null","stimuli/noise_texture.png","null","","","","","","","","",""
"custom-labels-response","205","810776","0.0-11.0-3.7","4263.39999999851","","regretful","","","","","tom-labels","","","M4","flustered"
"html-keyboard-response","206","811782","0.0-11.0-0.8","null","<span style=""font-size:40px;"">+</span>","null","","","","","","","","",""
"html-keyboard-response","207","816392","0.0-11.0-1.8","","","","","","","","","","","",""
"image-keyboard-response","208","816894","0.0-11.0-2.8","null","stimuli/noise_texture.png","null","","","","","","","","",""
"custom-labels-response","209","819201","0.0-11.0-3.8","2306.60000000149","","terrified","","","","","tom-labels","","","F6","terrified"
"html-keyboard-response","210","820204","0.0-11.0-0.9","null","<span style=""font-size:40px;"">+</span>","null","","","","","","","","",""
"html-keyboard-response","211","824431","0.0-11.0-1.9","","","","","","","","","","","",""
"image-keyboard-response","212","824934","0.0-11.0-2.9","null","stimuli/noise_texture.png","null","","","","","","","","",""
"custom-labels-response","213","827543","0.0-11.0-3.9","2608.199999999255","","stern","","","","","tom-labels","","","M3","assertive"
"html-keyboard-response","214","828545","0.0-11.0-0.10","null","<span style=""font-size:40px;"">+</span>","null","","","","","","","","",""
"html-keyboard-response","215","833316","0.0-11.0-1.10","","","","","","","","","","","",""
"image-keyboard-response","216","833818","0.0-11.0-2.10","null","stimuli/noise_texture.png","null","","","","","","","","",""
"custom-labels-response","217","836663","0.0-11.0-3.10","2843.800000000745","","comforting","","","","","tom-labels","","","M5","comforting"
"html-keyboard-response","218","837665","0.0-11.0-0.11","null","<span style=""font-size:40px;"">+</span>","null","","","","","","","","",""
"html-keyboard-response","219","842122","0.0-11.0-1.11","","","","","","","","","","","",""
"image-keyboard-response","220","842625","0.0-11.0-2.11","null","stimuli/noise_texture.png","null","","","","","","","","",""
"custom-labels-response","221","844742","0.0-11.0-3.11","2115.89999999851","","nervous","","","","","tom-labels","","","M2","nervous"
"html-keyboard-response","222","845744","0.0-11.0-0.12","null","<span style=""font-size:40px;"">+</span>","null","","","","","","","","",""
"html-keyboard-response","223","850012","0.0-11.0-1.12","","","","","","","","","","","",""
"image-keyboard-response","224","850513","0.0-11.0-2.12","null","stimuli/noise_texture.png","null","","","","","","","","",""
"custom-labels-response","225","853697","0.0-11.0-3.12","3180.699999999255","","enthused","","","","","tom-labels","","","F2","enthused"
"html-keyboard-response","226","854699","0.0-11.0-0.13","null","<span style=""font-size:40px;"">+</span>","null","","","","","","","","",""
"html-keyboard-response","227","858782","0.0-11.0-1.13","","","","","","","","","","","",""
"image-keyboard-response","228","859283","0.0-11.0-2.13","null","stimuli/noise_texture.png","null","","","","","","","","",""
"custom-labels-response","229","861360","0.0-11.0-3.13","2075.60000000149","","amused","","","","","tom-labels","","","M1","amused"
"html-keyboard-response","230","862362","0.0-11.0-0.14","null","<span style=""font-size:40px;"">+</span>","null","","","","","","","","",""
"html-keyboard-response","231","866994","0.0-11.0-1.14","","","","","","","","","","","",""
"image-keyboard-response","232","867497","0.0-11.0-2.14","null","stimuli/noise_texture.png","null","","","","","","","","",""
"custom-labels-response","233","869801","0.0-11.0-3.14","2303.10000000149","","puzzled","","","","","tom-labels","","","M6","puzzled"
"html-keyboard-response","234","870802","0.0-11.0-0.15","null","<span style=""font-size:40px;"">+</span>","null","","","","","","","","",""
"html-keyboard-response","235","874912","0.0-11.0-1.15","","","","","","","","","","","",""
"image-keyboard-response","236","875414","0.0-11.0-2.15","null","stimuli/noise_texture.png","null","","","","","","","","",""
"custom-labels-response","237","878076","0.0-11.0-3.15","2659.699999999255","","puzzled","","","","","tom-labels","","","F3","depressed"
"html-keyboard-response","238","879080","0.0-11.0-0.16","null","<span style=""font-size:40px;"">+</span>","null","","","","","","","","",""
"html-keyboard-response","239","883263","0.0-11.0-1.16","","","","","","","","","","","",""
"image-keyboard-response","240","883765","0.0-11.0-2.16","null","stimuli/noise_texture.png","null","","","","","","","","",""
"custom-labels-response","241","887252","0.0-11.0-3.16","3485.60000000149","","dispirited","","","","","tom-labels","","","M1","ashamed"
"html-keyboard-response","242","888254","0.0-11.0-0.17","null","<span style=""font-size:40px;"">+</span>","null","","","","","","","","",""
"html-keyboard-response","243","892624","0.0-11.0-1.17","","","","","","","","","","","",""
"image-keyboard-response","244","893126","0.0-11.0-2.17","null","stimuli/noise_texture.png","null","","","","","","","","",""
"custom-labels-response","245","895360","0.0-11.0-3.17","2231.800000000745","","anxious","","","","","tom-labels","","","M4","anxious"
"html-keyboard-response","246","896364","0.0-11.0-0.18","null","<span style=""font-size:40px;"">+</span>","null","","","","","","","","",""
"html-keyboard-response","247","900819","0.0-11.0-1.18","","","","","","","","","","","",""
"image-keyboard-response","248","901321","0.0-11.0-2.18","null","stimuli/noise_texture.png","null","","","","","","","","",""
"custom-labels-response","249","903838","0.0-11.0-3.18","2516.5","","uneasy","","","","","tom-labels","","","M2","uneasy"
"html-keyboard-response","250","904841","0.0-11.0-0.19","null","<span style=""font-size:40px;"">+</span>","null","","","","","","","","",""
"html-keyboard-response","251","912463","0.0-11.0-1.19","","","","","","","","","","","",""
"image-keyboard-response","252","912965","0.0-11.0-2.19","null","stimuli/noise_texture.png","null","","","","","","","","",""
"custom-labels-response","253","914534","0.0-11.0-3.19","1566.9000000022352","","doubtful","","","","","tom-labels","","","M2","doubtful"
"html-keyboard-response","254","915537","0.0-11.0-0.20","null","<span style=""font-size:40px;"">+</span>","null","","","","","","","","",""
"html-keyboard-response","255","920155","0.0-11.0-1.20","","","","","","","","","","","",""
"image-keyboard-response","256","920657","0.0-11.0-2.20","null","stimuli/noise_texture.png","null","","","","","","","","",""
"custom-labels-response","257","923459","0.0-11.0-3.20","2800.699999999255","","contented","","","","","tom-labels","","","M5","eager"
"html-keyboard-response","258","924461","0.0-11.0-0.21","null","<span style=""font-size:40px;"">+</span>","null","","","","","","","","",""
"html-keyboard-response","259","928792","0.0-11.0-1.21","","","","","","","","","","","",""
"image-keyboard-response","260","929294","0.0-11.0-2.21","null","stimuli/noise_texture.png","null","","","","","","","","",""
"custom-labels-response","261","932451","0.0-11.0-3.21","3155.800000000745","","nervous","","","","","tom-labels","","","F2","nervous"
"html-button-response","262","996173","0.0-12.0","63720.89999999851","You have completed the first part of the experiment.<br> Please take a five-minute break before moving on to the next trial.<p> Feel free to walk around the room and stretch. However, please make sure to return to the task<br> within 5 minutes, as extended delays may result in automatic withdrawal from the study.<br>Press <b>Continue</b> to proceed with the experiment.<p><span id=""clock"">5:00</span>","0","","","","","","","","",""
"instructions","263","1021762","0.0-13.0","25682.10000000149","","","","","","","","","[{""page_index"":0,""viewing_time"":3644.400000002235},{""page_index"":1,""viewing_time"":19215.699999999255},{""page_index"":2,""viewing_time"":2821.800000000745}]","",""
"html-keyboard-response","264","1022764","0.0-14.0-0.0","null","<span style=""font-size:40px;"">+</span>","null","","","","","","","","",""
"html-keyboard-response","265","1027547","0.0-14.0-1.0","","","","","","","","","","","",""
"image-keyboard-response","266","1028049","0.0-14.0-2.0","null","stimuli/noise_texture.png","null","","","","","","","","",""
"custom-labels-response","267","1031312","0.0-14.0-3.0","3260.89999999851","","insulting","","","","","tom-labels","","","F7","insulting"
"html-keyboard-response","268","1032315","0.0-14.0-0.1","null","<span style=""font-size:40px;"">+</span>","null","","","","","","","","",""
"html-keyboard-response","269","1036977","0.0-14.0-1.1","","","","","","","","","","","",""
"image-keyboard-response","270","1037478","0.0-14.0-2.1","null","stimuli/noise_texture.png","null","","","","","","","","",""
"custom-labels-response","271","1039398","0.0-14.0-3.1","1917.300000000745","","indifferent","","","","","tom-labels","","","M6","indifferent"
"html-keyboard-response","272","1040400","0.0-14.0-0.2","null","<span style=""font-size:40px;"">+</span>","null","","","","","","","","",""
"html-keyboard-response","273","1045104","0.0-14.0-1.2","","","","","","","","","","","",""
"image-keyboard-response","274","1045606","0.0-14.0-2.2","null","stimuli/noise_texture.png","null","","","","","","","","",""
"custom-labels-response","275","1049376","0.0-14.0-3.2","3768.2000000029802","","flirtatious","","","","","tom-labels","","","F6","flirtatious"
"html-keyboard-response","276","1050379","0.0-14.0-0.3","null","<span style=""font-size:40px;"">+</span>","null","","","","","","","","",""
"html-keyboard-response","277","1054816","0.0-14.0-1.3","","","","","","","","","","","",""
"image-keyboard-response","278","1055319","0.0-14.0-2.3","null","stimuli/noise_texture.png","null","","","","","","","","",""
"custom-labels-response","279","1058103","0.0-14.0-3.3","2782.300000000745","","fantasizing","","","","","tom-labels","","","F2","fantasizing"
"html-keyboard-response","280","1059105","0.0-14.0-0.4","null","<span style=""font-size:40px;"">+</span>","null","","","","","","","","",""
"html-keyboard-response","281","1063522","0.0-14.0-1.4","","","","","","","","","","","",""
"image-keyboard-response","282","1064024","0.0-14.0-2.4","null","stimuli/noise_texture.png","null","","","","","","","","",""
"custom-labels-response","283","1068494","0.0-14.0-3.4","4469.29999999702","","perplexed","","","","","tom-labels","","","M3","accusing"
"html-keyboard-response","284","1069497","0.0-14.0-0.5","null","<span style=""font-size:40px;"">+</span>","null","","","","","","","","",""
"html-keyboard-response","285","1073787","0.0-14.0-1.5","","","","","","","","","","","",""
"image-keyboard-response","286","1074289","0.0-14.0-2.5","null","stimuli/noise_texture.png","null","","","","","","","","",""
"custom-labels-response","287","1075865","0.0-14.0-3.5","1573.8999999985099","","impatient","","","","","tom-labels","","","M3","impatient"
"html-keyboard-response","288","1076867","0.0-14.0-0.6","null","<span style=""font-size:40px;"">+</span>","null","","","","","","","","",""
"html-keyboard-response","289","1081740","0.0-14.0-1.6","","","","","","","","","","","",""
"image-keyboard-response","290","1082242","0.0-14.0-2.6","null","stimuli/noise_texture.png","null","","","","","","","","",""
"custom-labels-response","291","1086561","0.0-14.0-3.6","4316.5","","hopeful","","","","","tom-labels","","","M4","hopeful"
"html-keyboard-response","292","1087563","0.0-14.0-0.7","null","<span style=""font-size:40px;"">+</span>","null","","","","","","","","",""
"html-keyboard-response","293","1092122","0.0-14.0-1.7","","","","","","","","","","","",""
"image-keyboard-response","294","1092624","0.0-14.0-2.7","null","stimuli/noise_texture.png","null","","","","","","","","",""
"custom-labels-response","295","1097538","0.0-14.0-3.7","4912.199999999255","","tentative","","","","","tom-labels","","","M4","tentative"
"html-keyboard-response","296","1098540","0.0-14.0-0.8","null","<span style=""font-size:40px;"">+</span>","null","","","","","","","","",""
"html-keyboard-response","297","1103014","0.0-14.0-1.8","","","","","","","","","","","",""
"image-keyboard-response","298","1103516","0.0-14.0-2.8","null","stimuli/noise_texture.png","null","","","","","","","","",""
"custom-labels-response","299","1105721","0.0-14.0-3.8","2204.099999997765","","friendly","","","","","tom-labels","","","M4","fantasizing"
"html-keyboard-response","300","1106723","0.0-14.0-0.9","null","<span style=""font-size:40px;"">+</span>","null","","","","","","","","",""
"html-keyboard-response","301","1110813","0.0-14.0-1.9","","","","","","","","","","","",""
"image-keyboard-response","302","1111315","0.0-14.0-2.9","null","stimuli/noise_texture.png","null","","","","","","","","",""
"custom-labels-response","303","1113104","0.0-14.0-3.9","1788.800000000745","","confident","","","","","tom-labels","","","M1","confident"
"html-keyboard-response","304","1114106","0.0-14.0-0.10","null","<span style=""font-size:40px;"">+</span>","null","","","","","","","","",""
"html-keyboard-response","305","1118814","0.0-14.0-1.10","","","","","","","","","","","",""
"image-keyboard-response","306","1119316","0.0-14.0-2.10","null","stimuli/noise_texture.png","null","","","","","","","","",""
"custom-labels-response","307","1121860","0.0-14.0-3.10","2542","","puzzled","","","","","tom-labels","","","F6","puzzled"
"html-keyboard-response","308","1122862","0.0-14.0-0.11","null","<span style=""font-size:40px;"">+</span>","null","","","","","","","","",""
"html-keyboard-response","309","1127372","0.0-14.0-1.11","","","","","","","","","","","",""
"image-keyboard-response","310","1127875","0.0-14.0-2.11","null","stimuli/noise_texture.png","null","","","","","","","","",""
"custom-labels-response","311","1130775","0.0-14.0-3.11","2898.199999999255","","indifferent","","","","","tom-labels","","","F4","indifferent"
"html-keyboard-response","312","1131777","0.0-14.0-0.12","null","<span style=""font-size:40px;"">+</span>","null","","","","","","","","",""
"html-keyboard-response","313","1136199","0.0-14.0-1.12","","","","","","","","","","","",""
"image-keyboard-response","314","1136701","0.0-14.0-2.12","null","stimuli/noise_texture.png","null","","","","","","","","",""
"custom-labels-response","315","1140989","0.0-14.0-3.12","4286.300000000745","","horrified","","","","","tom-labels","","","M1","horrified"
"html-keyboard-response","316","1141992","0.0-14.0-0.13","null","<span style=""font-size:40px;"">+</span>","null","","","","","","","","",""
"html-keyboard-response","317","1146991","0.0-14.0-1.13","","","","","","","","","","","",""
"image-keyboard-response","318","1147493","0.0-14.0-2.13","null","stimuli/noise_texture.png","null","","","","","","","","",""
"custom-labels-response","319","1151064","0.0-14.0-3.13","3569.10000000149","","despondent","","","","","tom-labels","","","F6","sympathetic"
"html-keyboard-response","320","1152066","0.0-14.0-0.14","null","<span style=""font-size:40px;"">+</span>","null","","","","","","","","",""
"html-keyboard-response","321","1156662","0.0-14.0-1.14","","","","","","","","","","","",""
"image-keyboard-response","322","1157165","0.0-14.0-2.14","null","stimuli/noise_texture.png","null","","","","","","","","",""
"custom-labels-response","323","1162554","0.0-14.0-3.14","5388.099999997765","","relaxed","","","","","tom-labels","","","M6","indecisive"
"html-keyboard-response","324","1163556","0.0-14.0-0.15","null","<span style=""font-size:40px;"">+</span>","null","","","","","","","","",""
"html-keyboard-response","325","1167874","0.0-14.0-1.15","","","","","","","","","","","",""
"image-keyboard-response","326","1168375","0.0-14.0-2.15","null","stimuli/noise_texture.png","null","","","","","","","","",""
"custom-labels-response","327","1170997","0.0-14.0-3.15","2620","","regretful","","","","","tom-labels","","","F3","regretful"
"html-keyboard-response","328","1171999","0.0-14.0-0.16","null","<span style=""font-size:40px;"">+</span>","null","","","","","","","","",""
"html-keyboard-response","329","1176326","0.0-14.0-1.16","","","","","","","","","","","",""
"image-keyboard-response","330","1176828","0.0-14.0-2.16","null","stimuli/noise_texture.png","null","","","","","","","","",""
"custom-labels-response","331","1179020","0.0-14.0-3.16","2191","","threatening","","","","","tom-labels","","","M3","dubious"
"html-keyboard-response","332","1180023","0.0-14.0-0.17","null","<span style=""font-size:40px;"">+</span>","null","","","","","","","","",""
"html-keyboard-response","333","1184422","0.0-14.0-1.17","","","","","","","","","","","",""
"image-keyboard-response","334","1184924","0.0-14.0-2.17","null","stimuli/noise_texture.png","null","","","","","","","","",""
"custom-labels-response","335","1189157","0.0-14.0-3.17","4230.800000000745","","embarrassed","","","","","tom-labels","","","M5","embarrassed"
"html-keyboard-response","336","1190160","0.0-14.0-0.18","null","<span style=""font-size:40px;"">+</span>","null","","","","","","","","",""
"html-keyboard-response","337","1194392","0.0-14.0-1.18","","","","","","","","","","","",""
"image-keyboard-response","338","1194893","0.0-14.0-2.18","null","stimuli/noise_texture.png","null","","","","","","","","",""
"custom-labels-response","339","1197546","0.0-14.0-3.18","2649.5","","hateful","","","","","tom-labels","","","M3","hateful"
"html-keyboard-response","340","1198549","0.0-14.0-0.19","null","<span style=""font-size:40px;"">+</span>","null","","","","","","","","",""
"html-keyboard-response","341","1203022","0.0-14.0-1.19","","","","","","","","","","","",""
"image-keyboard-response","342","1203524","0.0-14.0-2.19","null","stimuli/noise_texture.png","null","","","","","","","","",""
"custom-labels-response","343","1205528","0.0-14.0-3.19","2003","","hostile","","","","","tom-labels","","","M5","hostile"
"html-keyboard-response","344","1206531","0.0-14.0-0.20","null","<span style=""font-size:40px;"">+</span>","null","","","","","","","","",""
"html-keyboard-response","345","1211010","0.0-14.0-1.20","","","","","","","","","","","",""
"image-keyboard-response","346","1211512","0.0-14.0-2.20","null","stimuli/noise_texture.png","null","","","","","","","","",""
"custom-labels-response","347","1214789","0.0-14.0-3.20","3275.800000000745","","imploring","","","","","tom-labels","","","F4","imploring"
"html-keyboard-response","348","1215792","0.0-14.0-0.21","null","<span style=""font-size:40px;"">+</span>","null","","","","","","","","",""
"html-keyboard-response","349","1220368","0.0-14.0-1.21","","","","","","","","","","","",""
"image-keyboard-response","350","1220871","0.0-14.0-2.21","null","stimuli/noise_texture.png","null","","","","","","","","",""
"custom-labels-response","351","1222589","0.0-14.0-3.21","1715.800000000745","","skeptical","","","","","tom-labels","","","F5","skeptical"
"html-keyboard-response","352","1223591","0.0-14.0-0.22","null","<span style=""font-size:40px;"">+</span>","null","","","","","","","","",""
"html-keyboard-response","353","1228372","0.0-14.0-1.22","","","","","","","","","","","",""
"image-keyboard-response","354","1228875","0.0-14.0-2.22","null","stimuli/noise_texture.png","null","","","","","","","","",""
"custom-labels-response","355","1233164","0.0-14.0-3.22","4287.099999997765","","hostile","","","","","tom-labels","","","M6","depressed"
"html-keyboard-response","356","1234166","0.0-14.0-0.23","null","<span style=""font-size:40px;"">+</span>","null","","","","","","","","",""
"html-keyboard-response","357","1238946","0.0-14.0-1.23","","","","","","","","","","","",""
"image-keyboard-response","358","1239448","0.0-14.0-2.23","null","stimuli/noise_texture.png","null","","","","","","","","",""
"custom-labels-response","359","1242426","0.0-14.0-3.23","2975.60000000149","","entertained","","","","","tom-labels","","","M2","entertained"
"html-keyboard-response","360","1243428","0.0-14.0-0.24","null","<span style=""font-size:40px;"">+</span>","null","","","","","","","","",""
"html-keyboard-response","361","1247737","0.0-14.0-1.24","","","","","","","","","","","",""
"image-keyboard-response","362","1248239","0.0-14.0-2.24","null","stimuli/noise_texture.png","null","","","","","","","","",""
"custom-labels-response","363","1250212","0.0-14.0-3.24","1971.2999999970198","","relaxed","","","","","tom-labels","","","M4","concerned"
"html-keyboard-response","364","1251216","0.0-14.0-0.25","null","<span style=""font-size:40px;"">+</span>","null","","","","","","","","",""
"html-keyboard-response","365","1255463","0.0-14.0-1.25","","","","","","","","","","","",""
"image-keyboard-response","366","1255965","0.0-14.0-2.25","null","stimuli/noise_texture.png","null","","","","","","","","",""
"custom-labels-response","367","1259076","0.0-14.0-3.25","3108.900000002235","","worried","","","","","tom-labels","","","M3","apologetic"
"html-keyboard-response","368","1260079","0.0-14.0-0.26","null","<span style=""font-size:40px;"">+</span>","null","","","","","","","","",""
"html-keyboard-response","369","1264654","0.0-14.0-1.26","","","","","","","","","","","",""
"image-keyboard-response","370","1265157","0.0-14.0-2.26","null","stimuli/noise_texture.png","null","","","","","","","","",""
"custom-labels-response","371","1267942","0.0-14.0-3.26","2784","","disappointed","","","","","tom-labels","","","M6","relieved"
"html-keyboard-response","372","1268944","0.0-14.0-0.27","null","<span style=""font-size:40px;"">+</span>","null","","","","","","","","",""
"html-keyboard-response","373","1273351","0.0-14.0-1.27","","","","","","","","","","","",""
"image-keyboard-response","374","1273853","0.0-14.0-2.27","null","stimuli/noise_texture.png","null","","","","","","","","",""
"custom-labels-response","375","1276868","0.0-14.0-3.27","3012.7999999970198","","confused","","","","","tom-labels","","","M4","confused"
"html-keyboard-response","376","1277870","0.0-14.0-0.28","null","<span style=""font-size:40px;"">+</span>","null","","","","","","","","",""
"html-keyboard-response","377","1282458","0.0-14.0-1.28","","","","","","","","","","","",""
"image-keyboard-response","378","1282960","0.0-14.0-2.28","null","stimuli/noise_texture.png","null","","","","","","","","",""
"custom-labels-response","379","1285726","0.0-14.0-3.28","2763.60000000149","","enthused","","","","","tom-labels","","","M5","enthused"
"html-keyboard-response","380","1286727","0.0-14.0-0.29","null","<span style=""font-size:40px;"">+</span>","null","","","","","","","","",""
"html-keyboard-response","381","1291145","0.0-14.0-1.29","","","","","","","","","","","",""
"image-keyboard-response","382","1291647","0.0-14.0-2.29","null","stimuli/noise_texture.png","null","","","","","","","","",""
"custom-labels-response","383","1294713","0.0-14.0-3.29","3063.7999999970198","","convinced","","","","","tom-labels","","","M6","convinced"
"html-keyboard-response","384","1295715","0.0-15.0-0.0","null","<span style=""font-size:40px;"">+</span>","null","","","","","","","","",""
"html-keyboard-response","385","1300003","0.0-15.0-1.0","","","","","","","","","","","",""
"image-keyboard-response","386","1300506","0.0-15.0-2.0","null","stimuli/noise_texture.png","null","","","","","","","","",""
"custom-labels-response","387","1303980","0.0-15.0-3.0","3471.5","","click","","","","","attention-check","","","F5","grateful"
"html-keyboard-response","388","1304983","0.0-17.0-0.0","null","<span style=""font-size:40px;"">+</span>","null","","","","","","","","",""
"html-keyboard-response","389","1309574","0.0-17.0-1.0","","","","","","","","","","","",""
"image-keyboard-response","390","1310076","0.0-17.0-2.0","null","stimuli/noise_texture.png","null","","","","","","","","",""
"custom-labels-response","391","1311649","0.0-17.0-3.0","1571","","preoccupied","","","","","tom-labels","","","M5","fearful"
"html-keyboard-response","392","1312651","0.0-17.0-0.1","null","<span style=""font-size:40px;"">+</span>","null","","","","","","","","",""
"html-keyboard-response","393","1316997","0.0-17.0-1.1","","","","","","","","","","","",""
"image-keyboard-response","394","1317498","0.0-17.0-2.1","null","stimuli/noise_texture.png","null","","","","","","","","",""
"custom-labels-response","395","1319935","0.0-17.0-3.1","2436.099999997765","","skeptical","","","","","tom-labels","","","M4","skeptical"
"html-keyboard-response","396","1320938","0.0-17.0-0.2","null","<span style=""font-size:40px;"">+</span>","null","","","","","","","","",""
"html-keyboard-response","397","1325221","0.0-17.0-1.2","","","","","","","","","","","",""
"image-keyboard-response","398","1325723","0.0-17.0-2.2","null","stimuli/noise_texture.png","null","","","","","","","","",""
"custom-labels-response","399","1329334","0.0-17.0-3.2","3608.300000000745","","friendly","","","","","tom-labels","","","M5","friendly"
"html-keyboard-response","400","1330337","0.0-17.0-0.3","null","<span style=""font-size:40px;"">+</span>","null","","","","","","","","",""
"html-keyboard-response","401","1334735","0.0-17.0-1.3","","","","","","","","","","","",""
"image-keyboard-response","402","1335238","0.0-17.0-2.3","null","stimuli/noise_texture.png","null","","","","","","","","",""
"custom-labels-response","403","1338070","0.0-17.0-3.3","2831","","uneasy","","","","","tom-labels","","","F4","assertive"
"html-keyboard-response","404","1339072","0.0-17.0-0.4","null","<span style=""font-size:40px;"">+</span>","null","","","","","","","","",""
"html-keyboard-response","405","1343334","0.0-17.0-1.4","","","","","","","","","","","",""
"image-keyboard-response","406","1343836","0.0-17.0-2.4","null","stimuli/noise_texture.png","null","","","","","","","","",""
"custom-labels-response","407","1348203","0.0-17.0-3.4","4364.89999999851","","resentful","","","","","tom-labels","","","M3","resentful"
"html-keyboard-response","408","1349206","0.0-17.0-0.5","null","<span style=""font-size:40px;"">+</span>","null","","","","","","","","",""
"html-keyboard-response","409","1353654","0.0-17.0-1.5","","","","","","","","","","","",""
"image-keyboard-response","410","1354157","0.0-17.0-2.5","null","stimuli/noise_texture.png","null","","","","","","","","",""
"custom-labels-response","411","1357519","0.0-17.0-3.5","3361.60000000149","","baffled","","","","","tom-labels","","","M4","baffled"
"html-keyboard-response","412","1358522","0.0-17.0-0.6","null","<span style=""font-size:40px;"">+</span>","null","","","","","","","","",""
"html-keyboard-response","413","1362898","0.0-17.0-1.6","","","","","","","","","","","",""
"image-keyboard-response","414","1363400","0.0-17.0-2.6","null","stimuli/noise_texture.png","null","","","","","","","","",""
"custom-labels-response","415","1365919","0.0-17.0-3.6","2517.7999999970198","","irritated","","","","","tom-labels","","","F4","stern"
"html-keyboard-response","416","1366921","0.0-17.0-0.7","null","<span style=""font-size:40px;"">+</span>","null","","","","","","","","",""
"html-keyboard-response","417","1371274","0.0-17.0-1.7","","","","","","","","","","","",""
"image-keyboard-response","418","1371774","0.0-17.0-2.7","null","stimuli/noise_texture.png","null","","","","","","","","",""
"custom-labels-response","419","1374631","0.0-17.0-3.7","2855.7999999970198","","reassuring","","","","","tom-labels","","","M4","reassuring"
"html-keyboard-response","420","1375633","0.0-17.0-0.8","null","<span style=""font-size:40px;"">+</span>","null","","","","","","","","",""
"html-keyboard-response","421","1379753","0.0-17.0-1.8","","","","","","","","","","","",""
"image-keyboard-response","422","1380254","0.0-17.0-2.8","null","stimuli/noise_texture.png","null","","","","","","","","",""
"custom-labels-response","423","1382310","0.0-17.0-3.8","2054.10000000149","","incredulous","","","","","tom-labels","","","M1","incredulous"
"html-keyboard-response","424","1383312","0.0-17.0-0.9","null","<span style=""font-size:40px;"">+</span>","null","","","","","","","","",""
"html-keyboard-response","425","1387572","0.0-17.0-1.9","","","","","","","","","","","",""
"image-keyboard-response","426","1388075","0.0-17.0-2.9","null","stimuli/noise_texture.png","null","","","","","","","","",""
"custom-labels-response","427","1390572","0.0-17.0-3.9","2497.400000002235","","thoughtful","","","","","tom-labels","","","M2","thoughtful"
"html-keyboard-response","428","1391574","0.0-17.0-0.10","null","<span style=""font-size:40px;"">+</span>","null","","","","","","","","",""
"html-keyboard-response","429","1396399","0.0-17.0-1.10","","","","","","","","","","","",""
"image-keyboard-response","430","1396901","0.0-17.0-2.10","null","stimuli/noise_texture.png","null","","","","","","","","",""
"custom-labels-response","431","1399381","0.0-17.0-3.10","2477.900000002235","","guilty","","","","","tom-labels","","","F6","guilty"
"html-keyboard-response","432","1400384","0.0-17.0-0.11","null","<span style=""font-size:40px;"">+</span>","null","","","","","","","","",""
"html-keyboard-response","433","1404611","0.0-17.0-1.11","","","","","","","","","","","",""
"image-keyboard-response","434","1405113","0.0-17.0-2.11","null","stimuli/noise_texture.png","null","","","","","","","","",""
"custom-labels-response","435","1407151","0.0-17.0-3.11","2035.800000000745","","indecisive","","","","","tom-labels","","","F8","jealous"
"html-keyboard-response","436","1408153","0.0-17.0-0.12","null","<span style=""font-size:40px;"">+</span>","null","","","","","","","","",""
"html-keyboard-response","437","1412497","0.0-17.0-1.12","","","","","","","","","","","",""
"image-keyboard-response","438","1413000","0.0-17.0-2.12","null","stimuli/noise_texture.png","null","","","","","","","","",""
"custom-labels-response","439","1417282","0.0-17.0-3.12","4279.60000000149","","flustered","","","","","tom-labels","","","F4","flustered"
"html-keyboard-response","440","1418285","0.0-17.0-0.13","null","<span style=""font-size:40px;"">+</span>","null","","","","","","","","",""
"html-keyboard-response","441","1422765","0.0-17.0-1.13","","","","","","","","","","","",""
"image-keyboard-response","442","1423268","0.0-17.0-2.13","null","stimuli/noise_texture.png","null","","","","","","","","",""
"custom-labels-response","443","1427240","0.0-17.0-3.13","3970.60000000149","","interested","","","","","tom-labels","","","F2","interested"
"html-keyboard-response","444","1428243","0.0-17.0-0.14","null","<span style=""font-size:40px;"">+</span>","null","","","","","","","","",""
"html-keyboard-response","445","1433165","0.0-17.0-1.14","","","","","","","","","","","",""
"image-keyboard-response","446","1433667","0.0-17.0-2.14","null","stimuli/noise_texture.png","null","","","","","","","","",""
"custom-labels-response","447","1439446","0.0-17.0-3.14","5778.199999999255","","anticipating","","","","","tom-labels","","","F3","entertained"
"html-keyboard-response","448","1440449","0.0-17.0-0.15","null","<span style=""font-size:40px;"">+</span>","null","","","","","","","","",""
"html-keyboard-response","449","1444598","0.0-17.0-1.15","","","","","","","","","","","",""
"image-keyboard-response","450","1445100","0.0-17.0-2.15","null","stimuli/noise_texture.png","null","","","","","","","","",""
"custom-labels-response","451","1448567","0.0-17.0-3.15","3465.2999999970198","","concerned","","","","","tom-labels","","","F2","despondent"
"html-keyboard-response","452","1449569","0.0-17.0-0.16","null","<span style=""font-size:40px;"">+</span>","null","","","","","","","","",""
"html-keyboard-response","453","1453884","0.0-17.0-1.16","","","","","","","","","","","",""
"image-keyboard-response","454","1454386","0.0-17.0-2.16","null","stimuli/noise_texture.png","null","","","","","","","","",""
"custom-labels-response","455","1457566","0.0-17.0-3.16","3180","","cautious","","","","","tom-labels","","","F8","cautious"
"html-keyboard-response","456","1458568","0.0-17.0-0.17","null","<span style=""font-size:40px;"">+</span>","null","","","","","","","","",""
"html-keyboard-response","457","1463324","0.0-17.0-1.17","","","","","","","","","","","",""
"image-keyboard-response","458","1463825","0.0-17.0-2.17","null","stimuli/noise_texture.png","null","","","","","","","","",""
"custom-labels-response","459","1465562","0.0-17.0-3.17","1735.0999999977648","","intrigued","","","","","tom-labels","","","M4","intrigued"
"html-keyboard-response","460","1466564","0.0-17.0-0.18","null","<span style=""font-size:40px;"">+</span>","null","","","","","","","","",""
"html-keyboard-response","461","1471455","0.0-17.0-1.18","","","","","","","","","","","",""
"image-keyboard-response","462","1471958","0.0-17.0-2.18","null","stimuli/noise_texture.png","null","","","","","","","","",""
"custom-labels-response","463","1474339","0.0-17.0-3.18","2379.5","","threatening","","","","","tom-labels","","","M3","threatening"
"html-keyboard-response","464","1475343","0.0-17.0-0.19","null","<span style=""font-size:40px;"">+</span>","null","","","","","","","","",""
"html-keyboard-response","465","1479555","0.0-17.0-1.19","","","","","","","","","","","",""
"image-keyboard-response","466","1480057","0.0-17.0-2.19","null","stimuli/noise_texture.png","null","","","","","","","","",""
"custom-labels-response","467","1483237","0.0-17.0-3.19","3179","","impatient","","","","","tom-labels","","","F2","hopeful"
"html-keyboard-response","468","1484239","0.0-17.0-0.20","null","<span style=""font-size:40px;"">+</span>","null","","","","","","","","",""
"html-keyboard-response","469","1489301","0.0-17.0-1.20","","","","","","","","","","","",""
"image-keyboard-response","470","1489803","0.0-17.0-2.20","null","stimuli/noise_texture.png","null","","","","","","","","",""
"custom-labels-response","471","1492171","0.0-17.0-3.20","2366.099999997765","","upset","","","","","tom-labels","","","F6","suspicious"
"html-keyboard-response","472","1493174","0.0-17.0-0.21","null","<span style=""font-size:40px;"">+</span>","null","","","","","","","","",""
"html-keyboard-response","473","1497477","0.0-17.0-1.21","","","","","","","","","","","",""
"image-keyboard-response","474","1497979","0.0-17.0-2.21","null","stimuli/noise_texture.png","null","","","","","","","","",""
"custom-labels-response","475","1500600","0.0-17.0-3.21","2620.2999999970198","","joking","","","","","tom-labels","","","F5","joking"
"html-keyboard-response","476","1501601","0.0-17.0-0.22","null","<span style=""font-size:40px;"">+</span>","null","","","","","","","","",""
"html-keyboard-response","477","1506488","0.0-17.0-1.22","","","","","","","","","","","",""
"image-keyboard-response","478","1506990","0.0-17.0-2.22","null","stimuli/noise_texture.png","null","","","","","","","","",""
"custom-labels-response","479","1509508","0.0-17.0-3.22","2515.60000000149","","pensive","","","","","tom-labels","","","M2","regretful"
"html-keyboard-response","480","1510510","0.0-17.0-0.23","null","<span style=""font-size:40px;"">+</span>","null","","","","","","","","",""
"html-keyboard-response","481","1515230","0.0-17.0-1.23","","","","","","","","","","","",""
"image-keyboard-response","482","1515732","0.0-17.0-2.23","null","stimuli/noise_texture.png","null","","","","","","","","",""
"custom-labels-response","483","1519049","0.0-17.0-3.23","3315.699999999255","","serious","","","","","tom-labels","","","M6","serious"
"html-keyboard-response","484","1520052","0.0-17.0-0.24","null","<span style=""font-size:40px;"">+</span>","null","","","","","","","","",""
"html-keyboard-response","485","1524285","0.0-17.0-1.24","","","","","","","","","","","",""
"image-keyboard-response","486","1524787","0.0-17.0-2.24","null","stimuli/noise_texture.png","null","","","","","","","","",""
"custom-labels-response","487","1527223","0.0-17.0-3.24","2434.800000000745","","confused","","","","","tom-labels","","","F8","confused"
"html-keyboard-response","488","1528225","0.0-17.0-0.25","null","<span style=""font-size:40px;"">+</span>","null","","","","","","","","",""
"html-keyboard-response","489","1532543","0.0-17.0-1.25","","","","","","","","","","","",""
"image-keyboard-response","490","1533045","0.0-17.0-2.25","null","stimuli/noise_texture.png","null","","","","","","","","",""
"custom-labels-response","491","1537324","0.0-17.0-3.25","4277.10000000149","","resentful","","","","","tom-labels","","","F5","resentful"
"html-keyboard-response","492","1538326","0.0-17.0-0.26","null","<span style=""font-size:40px;"">+</span>","null","","","","","","","","",""
"html-keyboard-response","493","1542817","0.0-17.0-1.26","","","","","","","","","","","",""
"image-keyboard-response","494","1543319","0.0-17.0-2.26","null","stimuli/noise_texture.png","null","","","","","","","","",""
"custom-labels-response","495","1546052","0.0-17.0-3.26","2731.39999999851","","relieved","","","","","tom-labels","","","F6","relieved"
"html-keyboard-response","496","1547054","0.0-17.0-0.27","null","<span style=""font-size:40px;"">+</span>","null","","","","","","","","",""
"html-keyboard-response","497","1551333","0.0-17.0-1.27","","","","","","","","","","","",""
"image-keyboard-response","498","1551834","0.0-17.0-2.27","null","stimuli/noise_texture.png","null","","","","","","","","",""
"custom-labels-response","499","1556137","0.0-17.0-3.27","4301.599999997765","","eager","","","","","tom-labels","","","F5","eager"
"html-keyboard-response","500","1557140","0.0-17.0-0.28","null","<span style=""font-size:40px;"">+</span>","null","","","","","","","","",""
"html-keyboard-response","501","1561394","0.0-17.0-1.28","","","","","","","","","","","",""
"image-keyboard-response","502","1561897","0.0-17.0-2.28","null","stimuli/noise_texture.png","null","","","","","","","","",""
"custom-labels-response","503","1564031","0.0-17.0-3.28","2131.39999999851","","panicked","","","","","tom-labels","","","F5","panicked"
"html-keyboard-response","504","1565033","0.0-17.0-0.29","null","<span style=""font-size:40px;"">+</span>","null","","","","","","","","",""
"html-keyboard-response","505","1569478","0.0-17.0-1.29","","","","","","","","","","","",""
"image-keyboard-response","506","1569981","0.0-17.0-2.29","null","stimuli/noise_texture.png","null","","","","","","","","",""
"custom-labels-response","507","1572216","0.0-17.0-3.29","2234.2000000029802","","affectionate","","","","","tom-labels","","","M4","affectionate"
"html-keyboard-response","508","1573219","0.0-17.0-0.30","null","<span style=""font-size:40px;"">+</span>","null","","","","","","","","",""
"html-keyboard-response","509","1577541","0.0-17.0-1.30","","","","","","","","","","","",""
"image-keyboard-response","510","1578043","0.0-17.0-2.30","null","stimuli/noise_texture.png","null","","","","","","","","",""
"custom-labels-response","511","1580428","0.0-17.0-3.30","2383.2999999970198","","dubious","","","","","tom-labels","","","F4","dubious"
"html-keyboard-response","512","1581430","0.0-17.0-0.31","null","<span style=""font-size:40px;"">+</span>","null","","","","","","","","",""
"html-keyboard-response","513","1585858","0.0-17.0-1.31","","","","","","","","","","","",""
"image-keyboard-response","514","1586360","0.0-17.0-2.31","null","stimuli/noise_texture.png","null","","","","","","","","",""
"custom-labels-response","515","1588188","0.0-17.0-3.31","1826.699999999255","","satisfied","","","","","tom-labels","","","M6","satisfied"
"html-button-response","516","1659020","0.0-18.0","70832.69999999925","You have completed the second part of the experiment.<br> Please take a five-minute break before moving on to the next trial.<p> Feel free to walk around the room and stretch. However, please make sure to return to the task<br> within 5 minutes, as extended delays may result in automatic withdrawal from the study.<br>Press <b>Continue</b> to proceed with the experiment.<p><span id=""clock"">5:00</span>","0","","","","","","","","",""
"instructions","517","1668392","0.0-19.0","9371.199999999255","","","","","","","","","[{""page_index"":0,""viewing_time"":2536.800000000745},{""page_index"":1,""viewing_time"":5067.800000000745},{""page_index"":2,""viewing_time"":1766.0999999977648}]","",""
"html-keyboard-response","518","1669393","0.0-20.0-0.0","null","<span style=""font-size:40px;"">+</span>","null","","","","","","","","",""
"html-keyboard-response","519","1673380","0.0-20.0-1.0","","","","","","","","","","","",""
"image-keyboard-response","520","1673881","0.0-20.0-2.0","null","stimuli/noise_texture.png","null","","","","","","","","",""
"custom-labels-response","521","1675432","0.0-20.0-3.0","1549.3999999985099","","confident","","","","","tom-labels","","","M1","relaxed"
"html-keyboard-response","522","1676434","0.0-20.0-0.1","null","<span style=""font-size:40px;"">+</span>","null","","","","","","","","",""
"html-keyboard-response","523","1680528","0.0-20.0-1.1","","","","","","","","","","","",""
"image-keyboard-response","524","1681030","0.0-20.0-2.1","null","stimuli/noise_texture.png","null","","","","","","","","",""
"custom-labels-response","525","1682740","0.0-20.0-3.1","1707.5","","puzzled","","","","","tom-labels","","","M3","aghast"
"html-keyboard-response","526","1683742","0.0-20.0-0.2","null","<span style=""font-size:40px;"">+</span>","null","","","","","","","","",""
"html-keyboard-response","527","1688116","0.0-20.0-1.2","","","","","","","","","","","",""
"image-keyboard-response","528","1688619","0.0-20.0-2.2","null","stimuli/noise_texture.png","null","","","","","","","","",""
"custom-labels-response","529","1690210","0.0-20.0-3.2","1587.0999999977648","","irritated","","","","","tom-labels","","","F2","confident"
"html-keyboard-response","530","1691212","0.0-20.0-0.3","null","<span style=""font-size:40px;"">+</span>","null","","","","","","","","",""
"html-keyboard-response","531","1695455","0.0-20.0-1.3","","","","","","","","","","","",""
"image-keyboard-response","532","1695956","0.0-20.0-2.3","null","stimuli/noise_texture.png","null","","","","","","","","",""
"custom-labels-response","533","1698594","0.0-20.0-3.3","2637","","friendly","","","","","tom-labels","","","F8","friendly"
"html-keyboard-response","534","1699595","0.0-20.0-0.4","null","<span style=""font-size:40px;"">+</span>","null","","","","","","","","",""
"html-keyboard-response","535","1703728","0.0-20.0-1.4","","","","","","","","","","","",""
"image-keyboard-response","536","1704230","0.0-20.0-2.4","null","stimuli/noise_texture.png","null","","","","","","","","",""
"custom-labels-response","537","1707988","0.0-20.0-3.4","3756.10000000149","","earnest","","","","","tom-labels","","","F3","earnest"
"html-keyboard-response","538","1708991","0.0-20.0-0.5","null","<span style=""font-size:40px;"">+</span>","null","","","","","","","","",""
"html-keyboard-response","539","1713292","0.0-20.0-1.5","","","","","","","","","","","",""
"image-keyboard-response","540","1713794","0.0-20.0-2.5","null","stimuli/noise_texture.png","null","","","","","","","","",""
"custom-labels-response","541","1717418","0.0-20.0-3.5","3623","","fearful","","","","","tom-labels","","","F5","anticipating"
"html-keyboard-response","542","1718420","0.0-20.0-0.6","null","<span style=""font-size:40px;"">+</span>","null","","","","","","","","",""
"html-keyboard-response","543","1722731","0.0-20.0-1.6","","","","","","","","","","","",""
"image-keyboard-response","544","1723233","0.0-20.0-2.6","null","stimuli/noise_texture.png","null","","","","","","","","",""
"custom-labels-response","545","1727089","0.0-20.0-3.6","3855.199999999255","","offended","","","","","tom-labels","","","F2","baffled"
"html-keyboard-response","546","1728090","0.0-20.0-0.7","null","<span style=""font-size:40px;"">+</span>","null","","","","","","","","",""
"html-keyboard-response","547","1732397","0.0-20.0-1.7","","","","","","","","","","","",""
"image-keyboard-response","548","1732899","0.0-20.0-2.7","null","stimuli/noise_texture.png","null","","","","","","","","",""
"custom-labels-response","549","1735861","0.0-20.0-3.7","2959.199999999255","","indecisive","","","","","tom-labels","","","F4","irritated"
"html-keyboard-response","550","1736863","0.0-20.0-0.8","null","<span style=""font-size:40px;"">+</span>","null","","","","","","","","",""
"html-keyboard-response","551","1741015","0.0-20.0-1.8","","","","","","","","","","","",""
"image-keyboard-response","552","1741517","0.0-20.0-2.8","null","stimuli/noise_texture.png","null","","","","","","","","",""
"custom-labels-response","553","1744118","0.0-20.0-3.8","2597","","indecisive","","","","","tom-labels","","","M1","deciding"
"html-keyboard-response","554","1745120","0.0-20.0-0.9","null","<span style=""font-size:40px;"">+</span>","null","","","","","","","","",""
"html-keyboard-response","555","1749388","0.0-20.0-1.9","","","","","","","","","","","",""
"image-keyboard-response","556","1749889","0.0-20.0-2.9","null","stimuli/noise_texture.png","null","","","","","","","","",""
"custom-labels-response","557","1754422","0.0-20.0-3.9","4532.10000000149","","playful","","","","","tom-labels","","","M5","playful"
"html-keyboard-response","558","1755424","0.0-20.0-0.10","null","<span style=""font-size:40px;"">+</span>","null","","","","","","","","",""
"html-keyboard-response","559","1763733","0.0-20.0-1.10","","","","","","","","","","","",""
"image-keyboard-response","560","1764235","0.0-20.0-2.10","null","stimuli/noise_texture.png","null","","","","","","","","",""
"custom-labels-response","561","1766905","0.0-20.0-3.10","2669.39999999851","","accusing","","","","","tom-labels","","","F6","accusing"
"html-keyboard-response","562","1767907","0.0-20.0-0.11","null","<span style=""font-size:40px;"">+</span>","null","","","","","","","","",""
"html-keyboard-response","563","1772341","0.0-20.0-1.11","","","","","","","","","","","",""
"image-keyboard-response","564","1772844","0.0-20.0-2.11","null","stimuli/noise_texture.png","null","","","","","","","","",""
"custom-labels-response","565","1775542","0.0-20.0-3.11","2697.5","","perplexed","","","","","tom-labels","","","M6","perplexed"
"html-keyboard-response","566","1776544","0.0-20.0-0.12","null","<span style=""font-size:40px;"">+</span>","null","","","","","","","","",""
"html-keyboard-response","567","1780807","0.0-20.0-1.12","","","","","","","","","","","",""
"image-keyboard-response","568","1781309","0.0-20.0-2.12","null","stimuli/noise_texture.png","null","","","","","","","","",""
"custom-labels-response","569","1783896","0.0-20.0-3.12","2585.800000000745","","resentful","","","","","tom-labels","","","F7","threatening"
"html-keyboard-response","570","1784898","0.0-20.0-0.13","null","<span style=""font-size:40px;"">+</span>","null","","","","","","","","",""
"html-keyboard-response","571","1789101","0.0-20.0-1.13","","","","","","","","","","","",""
"image-keyboard-response","572","1789603","0.0-20.0-2.13","null","stimuli/noise_texture.png","null","","","","","","","","",""
"custom-labels-response","573","1792697","0.0-20.0-3.13","3092.199999999255","","dispirited","","","","","tom-labels","","","F4","dominant"
"html-keyboard-response","574","1793699","0.0-20.0-0.14","null","<span style=""font-size:40px;"">+</span>","null","","","","","","","","",""
"html-keyboard-response","575","1797884","0.0-20.0-1.14","","","","","","","","","","","",""
"image-keyboard-response","576","1798386","0.0-20.0-2.14","null","stimuli/noise_texture.png","null","","","","","","","","",""
"custom-labels-response","577","1803298","0.0-20.0-3.14","4910.10000000149","","incredulous","","","","","tom-labels","","","M1","dispirited"
"html-keyboard-response","578","1804301","0.0-20.0-0.15","null","<span style=""font-size:40px;"">+</span>","null","","","","","","","","",""
"html-keyboard-response","579","1808528","0.0-20.0-1.15","","","","","","","","","","","",""
"image-keyboard-response","580","1809030","0.0-20.0-2.15","null","stimuli/noise_texture.png","null","","","","","","","","",""
"custom-labels-response","581","1812805","0.0-20.0-3.15","3771.800000000745","","apologetic","","","","","tom-labels","","","F7","apologetic"
"html-keyboard-response","582","1813807","0.0-20.0-0.16","null","<span style=""font-size:40px;"">+</span>","null","","","","","","","","",""
"html-keyboard-response","583","1817981","0.0-20.0-1.16","","","","","","","","","","","",""
"image-keyboard-response","584","1818483","0.0-20.0-2.16","null","stimuli/noise_texture.png","null","","","","","","","","",""
"custom-labels-response","585","1821424","0.0-20.0-3.16","2939.199999999255","","offended","","","","","tom-labels","","","M2","alarmed"
"html-keyboard-response","586","1822426","0.0-20.0-0.17","null","<span style=""font-size:40px;"">+</span>","null","","","","","","","","",""
"html-keyboard-response","587","1826654","0.0-20.0-1.17","","","","","","","","","","","",""
"image-keyboard-response","588","1827156","0.0-20.0-2.17","null","stimuli/noise_texture.png","null","","","","","","","","",""
"custom-labels-response","589","1831319","0.0-20.0-3.17","4161.89999999851","","concerned","","","","","tom-labels","","","F7","concerned"
"html-keyboard-response","590","1832321","0.0-20.0-0.18","null","<span style=""font-size:40px;"">+</span>","null","","","","","","","","",""
"html-keyboard-response","591","1836543","0.0-20.0-1.18","","","","","","","","","","","",""
"image-keyboard-response","592","1837045","0.0-20.0-2.18","null","stimuli/noise_texture.png","null","","","","","","","","",""
"custom-labels-response","593","1841136","0.0-20.0-3.18","4089.199999999255","","jealous","","","","","tom-labels","","","M3","jealous"
"html-keyboard-response","594","1842138","0.0-20.0-0.19","null","<span style=""font-size:40px;"">+</span>","null","","","","","","","","",""
"html-keyboard-response","595","1846604","0.0-20.0-1.19","","","","","","","","","","","",""
"image-keyboard-response","596","1847106","0.0-20.0-2.19","null","stimuli/noise_texture.png","null","","","","","","","","",""
"custom-labels-response","597","1849224","0.0-20.0-3.19","2114.60000000149","","irritated","","","","","tom-labels","","","M6","irritated"
"html-keyboard-response","598","1850225","0.0-20.0-0.20","null","<span style=""font-size:40px;"">+</span>","null","","","","","","","","",""
"html-keyboard-response","599","1853891","0.0-20.0-1.20","","","","","","","","","","","",""
"image-keyboard-response","600","1854393","0.0-20.0-2.20","null","stimuli/noise_texture.png","null","","","","","","","","",""
"custom-labels-response","601","1857268","0.0-20.0-3.20","2874.5","","disappointed","","","","","tom-labels","","","M1","disappointed"
"html-keyboard-response","602","1858270","0.0-20.0-0.21","null","<span style=""font-size:40px;"">+</span>","null","","","","","","","","",""
"html-keyboard-response","603","1862571","0.0-20.0-1.21","","","","","","","","","","","",""
"image-keyboard-response","604","1863073","0.0-20.0-2.21","null","stimuli/noise_texture.png","null","","","","","","","","",""
"custom-labels-response","605","1866299","0.0-20.0-3.21","3223.800000000745","","pensive","","","","","tom-labels","","","F2","tentative"
"html-keyboard-response","606","1867302","0.0-20.0-0.22","null","<span style=""font-size:40px;"">+</span>","null","","","","","","","","",""
"html-keyboard-response","607","1871973","0.0-20.0-1.22","","","","","","","","","","","",""
"image-keyboard-response","608","1872473","0.0-20.0-2.22","null","stimuli/noise_texture.png","null","","","","","","","","",""
"custom-labels-response","609","1874702","0.0-20.0-3.22","2227.800000000745","","encouraging","","","","","tom-labels","","","M2","encouraging"
"html-keyboard-response","610","1875704","0.0-20.0-0.23","null","<span style=""font-size:40px;"">+</span>","null","","","","","","","","",""
"html-keyboard-response","611","1879831","0.0-20.0-1.23","","","","","","","","","","","",""
"image-keyboard-response","612","1880333","0.0-20.0-2.23","null","stimuli/noise_texture.png","null","","","","","","","","",""
"custom-labels-response","613","1883766","0.0-20.0-3.23","3429.800000000745","","irritated","","","","","tom-labels","","","M1","pensive"
"html-keyboard-response","614","1884768","0.0-20.0-0.24","null","<span style=""font-size:40px;"">+</span>","null","","","","","","","","",""
"html-keyboard-response","615","1888917","0.0-20.0-1.24","","","","","","","","","","","",""
"image-keyboard-response","616","1889419","0.0-20.0-2.24","null","stimuli/noise_texture.png","null","","","","","","","","",""
"custom-labels-response","617","1891916","0.0-20.0-3.24","2495","","alarmed","","","","","tom-labels","","","F3","alarmed"
"html-keyboard-response","618","1892918","0.0-20.0-0.25","null","<span style=""font-size:40px;"">+</span>","null","","","","","","","","",""
"html-keyboard-response","619","1897696","0.0-20.0-1.25","","","","","","","","","","","",""
"image-keyboard-response","620","1898198","0.0-20.0-2.25","null","stimuli/noise_texture.png","null","","","","","","","","",""
"custom-labels-response","621","1900343","0.0-20.0-3.25","2143.300000000745","","reassuring","","","","","tom-labels","","","F6","reassuring"
"html-keyboard-response","622","1901346","0.0-20.0-0.26","null","<span style=""font-size:40px;"">+</span>","null","","","","","","","","",""
"html-keyboard-response","623","1905446","0.0-20.0-1.26","","","","","","","","","","","",""
"image-keyboard-response","624","1905947","0.0-20.0-2.26","null","stimuli/noise_texture.png","null","","","","","","","","",""
"custom-labels-response","625","1907547","0.0-20.0-3.26","1599.199999999255","","sarcastic","","","","","tom-labels","","","M1","sarcastic"
"html-keyboard-response","626","1908549","0.0-20.0-0.27","null","<span style=""font-size:40px;"">+</span>","null","","","","","","","","",""
"html-keyboard-response","627","1912846","0.0-20.0-1.27","","","","","","","","","","","",""
"image-keyboard-response","628","1913348","0.0-20.0-2.27","null","stimuli/noise_texture.png","null","","","","","","","","",""
"custom-labels-response","629","1914833","0.0-20.0-3.27","1481.5999999977648","","worried","","","","","tom-labels","","","M4","worried"
"html-keyboard-response","630","1915836","0.0-20.0-0.28","null","<span style=""font-size:40px;"">+</span>","null","","","","","","","","",""
"html-keyboard-response","631","1920193","0.0-20.0-1.28","","","","","","","","","","","",""
"image-keyboard-response","632","1920696","0.0-20.0-2.28","null","stimuli/noise_texture.png","null","","","","","","","","",""
"custom-labels-response","633","1925806","0.0-20.0-3.28","5108.699999999255","","arrogant","","","","","tom-labels","","","F5","intrigued"
"html-keyboard-response","634","1926809","0.0-20.0-0.29","null","<span style=""font-size:40px;"">+</span>","null","","","","","","","","",""
"html-keyboard-response","635","1931015","0.0-20.0-1.29","","","","","","","","","","","",""
"image-keyboard-response","636","1931517","0.0-20.0-2.29","null","stimuli/noise_texture.png","null","","","","","","","","",""
"custom-labels-response","637","1935322","0.0-20.0-3.29","3801.7999999970198","","preoccupied","","","","","tom-labels","","","M5","preoccupied"
"html-keyboard-response","638","1936325","0.0-21.0-0.0","null","<span style=""font-size:40px;"">+</span>","null","","","","","","","","",""
"html-keyboard-response","639","1940569","0.0-21.0-1.0","","","","","","","","","","","",""
"image-keyboard-response","640","1941071","0.0-21.0-2.0","null","stimuli/noise_texture.png","null","","","","","","","","",""
"custom-labels-response","641","1945431","0.0-21.0-3.0","4358.699999999255","","click","","","","","attention-check","","","M4","fantasizing"
"html-keyboard-response","642","1946433","0.0-23.0-0.0","null","<span style=""font-size:40px;"">+</span>","null","","","","","","","","",""
"html-keyboard-response","643","1951288","0.0-23.0-1.0","","","","","","","","","","","",""
"image-keyboard-response","644","1951790","0.0-23.0-2.0","null","stimuli/noise_texture.png","null","","","","","","","","",""
"custom-labels-response","645","1957267","0.0-23.0-3.0","5475.900000002235","","panicked","","","","","tom-labels","","","M4","panicked"
"html-keyboard-response","646","1958269","0.0-23.0-0.1","null","<span style=""font-size:40px;"">+</span>","null","","","","","","","","",""
"html-keyboard-response","647","1962546","0.0-23.0-1.1","","","","","","","","","","","",""
"image-keyboard-response","648","1963048","0.0-23.0-2.1","null","stimuli/noise_texture.png","null","","","","","","","","",""
"custom-labels-response","649","1966097","0.0-23.0-3.1","3045.60000000149","","stern","","","","","tom-labels","","","F5","worried"
"html-keyboard-response","650","1967098","0.0-23.0-0.2","null","<span style=""font-size:40px;"">+</span>","null","","","","","","","","",""
"html-keyboard-response","651","1971265","0.0-23.0-1.2","","","","","","","","","","","",""
"image-keyboard-response","652","1971768","0.0-23.0-2.2","null","stimuli/noise_texture.png","null","","","","","","","","",""
"custom-labels-response","653","1974721","0.0-23.0-3.2","2951.10000000149","","skeptical","","","","","tom-labels","","","F2","curious"
"html-keyboard-response","654","1975723","0.0-23.0-0.3","null","<span style=""font-size:40px;"">+</span>","null","","","","","","","","",""
"html-keyboard-response","655","1979987","0.0-23.0-1.3","","","","","","","","","","","",""
"image-keyboard-response","656","1980489","0.0-23.0-2.3","null","stimuli/noise_texture.png","null","","","","","","","","",""
"custom-labels-response","657","1983016","0.0-23.0-3.3","2525.89999999851","","fascinated","","","","","tom-labels","","","F3","fascinated"
"html-keyboard-response","658","1984018","0.0-23.0-0.4","null","<span style=""font-size:40px;"">+</span>","null","","","","","","","","",""
"html-keyboard-response","659","1993661","0.0-23.0-1.4","","","","","","","","","","","",""
"image-keyboard-response","660","1994164","0.0-23.0-2.4","null","stimuli/noise_texture.png","null","","","","","","","","",""
"custom-labels-response","661","1996841","0.0-23.0-3.4","2674.5","","satisfied","","","","","tom-labels","","","F4","satisfied"
"html-keyboard-response","662","1997844","0.0-23.0-0.5","null","<span style=""font-size:40px;"">+</span>","null","","","","","","","","",""
"html-keyboard-response","663","2001972","0.0-23.0-1.5","","","","","","","","","","","",""
"image-keyboard-response","664","2002474","0.0-23.0-2.5","null","stimuli/noise_texture.png","null","","","","","","","","",""
"custom-labels-response","665","2004428","0.0-23.0-3.5","1952","","fascinated","","","","","tom-labels","","","M1","fascinated"
"html-keyboard-response","666","2005430","0.0-23.0-0.6","null","<span style=""font-size:40px;"">+</span>","null","","","","","","","","",""
"html-keyboard-response","667","2009651","0.0-23.0-1.6","","","","","","","","","","","",""
"image-keyboard-response","668","2010152","0.0-23.0-2.6","null","stimuli/noise_texture.png","null","","","","","","","","",""
"custom-labels-response","669","2012661","0.0-23.0-3.6","2507.800000000745","","sarcastic","","","","","tom-labels","","","F3","sarcastic"
"html-keyboard-response","670","2013663","0.0-23.0-0.7","null","<span style=""font-size:40px;"">+</span>","null","","","","","","","","",""
"html-keyboard-response","671","2017794","0.0-23.0-1.7","","","","","","","","","","","",""
"image-keyboard-response","672","2018296","0.0-23.0-2.7","null","stimuli/noise_texture.png","null","","","","","","","","",""
"custom-labels-response","673","2020019","0.0-23.0-3.7","1721.8999999985099","","indecisive","","","","","tom-labels","","","F3","indecisive"
"html-keyboard-response","674","2021022","0.0-23.0-0.8","null","<span style=""font-size:40px;"">+</span>","null","","","","","","","","",""
"html-keyboard-response","675","2025526","0.0-23.0-1.8","","","","","","","","","","","",""
"image-keyboard-response","676","2026029","0.0-23.0-2.8","null","stimuli/noise_texture.png","null","","","","","","","","",""
"custom-labels-response","677","2028552","0.0-23.0-3.8","2521.89999999851","","contented","","","","","tom-labels","","","M5","contented"
"html-keyboard-response","678","2029554","0.0-23.0-0.9","null","<span style=""font-size:40px;"">+</span>","null","","","","","","","","",""
"html-keyboard-response","679","2033998","0.0-23.0-1.9","","","","","","","","","","","",""
"image-keyboard-response","680","2034500","0.0-23.0-2.9","null","stimuli/noise_texture.png","null","","","","","","","","",""
"custom-labels-response","681","2036483","0.0-23.0-3.9","1981.800000000745","","impatient","","","","","tom-labels","","","F4","impatient"
"html-keyboard-response","682","2037486","0.0-23.0-0.10","null","<span style=""font-size:40px;"">+</span>","null","","","","","","","","",""
"html-keyboard-response","683","2041967","0.0-23.0-1.10","","","","","","","","","","","",""
"image-keyboard-response","684","2042470","0.0-23.0-2.10","null","stimuli/noise_texture.png","null","","","","","","","","",""
"custom-labels-response","685","2044506","0.0-23.0-3.10","2034.2000000029802","","flirtatious","","","","","tom-labels","","","M2","flirtatious"
"html-keyboard-response","686","2045509","0.0-23.0-0.11","null","<span style=""font-size:40px;"">+</span>","null","","","","","","","","",""
"html-keyboard-response","687","2050059","0.0-23.0-1.11","","","","","","","","","","","",""
"image-keyboard-response","688","2050560","0.0-23.0-2.11","null","stimuli/noise_texture.png","null","","","","","","","","",""
"custom-labels-response","689","2052770","0.0-23.0-3.11","2207.199999999255","","amused","","","","","tom-labels","","","F5","amused"
"html-keyboard-response","690","2053772","0.0-23.0-0.12","null","<span style=""font-size:40px;"">+</span>","null","","","","","","","","",""
"html-keyboard-response","691","2058116","0.0-23.0-1.12","","","","","","","","","","","",""
"image-keyboard-response","692","2058619","0.0-23.0-2.12","null","stimuli/noise_texture.png","null","","","","","","","","",""
"custom-labels-response","693","2061236","0.0-23.0-3.12","2614.699999999255","","suspicious","","","","","tom-labels","","","M5","suspicious"
"html-keyboard-response","694","2062239","0.0-23.0-0.13","null","<span style=""font-size:40px;"">+</span>","null","","","","","","","","",""
"html-keyboard-response","695","2066478","0.0-23.0-1.13","","","","","","","","","","","",""
"image-keyboard-response","696","2066981","0.0-23.0-2.13","null","stimuli/noise_texture.png","null","","","","","","","","",""
"custom-labels-response","697","2070547","0.0-23.0-3.13","3564.60000000149","","encouraging","","","","","tom-labels","","","F5","encouraging"
"html-keyboard-response","698","2071549","0.0-23.0-0.14","null","<span style=""font-size:40px;"">+</span>","null","","","","","","","","",""
"html-keyboard-response","699","2075796","0.0-23.0-1.14","","","","","","","","","","","",""
"image-keyboard-response","700","2076298","0.0-23.0-2.14","null","stimuli/noise_texture.png","null","","","","","","","","",""
"custom-labels-response","701","2079122","0.0-23.0-3.14","2822.7000000029802","","cautious","","","","","tom-labels","","","M2","cautious"
"html-keyboard-response","702","2080124","0.0-23.0-0.15","null","<span style=""font-size:40px;"">+</span>","null","","","","","","","","",""
"html-keyboard-response","703","2084241","0.0-23.0-1.15","","","","","","","","","","","",""
"image-keyboard-response","704","2084743","0.0-23.0-2.15","null","stimuli/noise_texture.png","null","","","","","","","","",""
"custom-labels-response","705","2087665","0.0-23.0-3.15","2921.099999997765","","offended","","","","","tom-labels","","","F3","offended"
"html-keyboard-response","706","2088668","0.0-23.0-0.16","null","<span style=""font-size:40px;"">+</span>","null","","","","","","","","",""
"html-keyboard-response","707","2092773","0.0-23.0-1.16","","","","","","","","","","","",""
"image-keyboard-response","708","2093275","0.0-23.0-2.16","null","stimuli/noise_texture.png","null","","","","","","","","",""
"custom-labels-response","709","2095546","0.0-23.0-3.16","2271.39999999851","","pensive","","","","","tom-labels","","","F3","pensive"
"html-keyboard-response","710","2096548","0.0-23.0-0.17","null","<span style=""font-size:40px;"">+</span>","null","","","","","","","","",""
"html-keyboard-response","711","2100678","0.0-23.0-1.17","","","","","","","","","","","",""
"image-keyboard-response","712","2101178","0.0-23.0-2.17","null","stimuli/noise_texture.png","null","","","","","","","","",""
"custom-labels-response","713","2103061","0.0-23.0-3.17","1881.7000000029802","","preoccupied","","","","","tom-labels","","","M1","upset"
"html-keyboard-response","714","2104064","0.0-23.0-0.18","null","<span style=""font-size:40px;"">+</span>","null","","","","","","","","",""
"html-keyboard-response","715","2108599","0.0-23.0-1.18","","","","","","","","","","","",""
"image-keyboard-response","716","2109102","0.0-23.0-2.18","null","stimuli/noise_texture.png","null","","","","","","","","",""
"custom-labels-response","717","2111722","0.0-23.0-3.18","2618.5","","curious","","","","","tom-labels","","","M6","curious"
"html-keyboard-response","718","2112724","0.0-23.0-0.19","null","<span style=""font-size:40px;"">+</span>","null","","","","","","","","",""
"html-keyboard-response","719","2116986","0.0-23.0-1.19","","","","","","","","","","","",""
"image-keyboard-response","720","2117489","0.0-23.0-2.19","null","stimuli/noise_texture.png","null","","","","","","","","",""
"custom-labels-response","721","2120015","0.0-23.0-3.19","2525.300000000745","","dispirited","","","","","tom-labels","","","M6","annoyed"
"html-keyboard-response","722","2121018","0.0-23.0-0.20","null","<span style=""font-size:40px;"">+</span>","null","","","","","","","","",""
"html-keyboard-response","723","2125203","0.0-23.0-1.20","","","","","","","","","","","",""
"image-keyboard-response","724","2125706","0.0-23.0-2.20","null","stimuli/noise_texture.png","null","","","","","","","","",""
"custom-labels-response","725","2128248","0.0-23.0-3.20","2540.39999999851","","offended","","","","","tom-labels","","","M3","offended"
"html-keyboard-response","726","2129250","0.0-23.0-0.21","null","<span style=""font-size:40px;"">+</span>","null","","","","","","","","",""
"html-keyboard-response","727","2133414","0.0-23.0-1.21","","","","","","","","","","","",""
"image-keyboard-response","728","2133916","0.0-23.0-2.21","null","stimuli/noise_texture.png","null","","","","","","","","",""
"custom-labels-response","729","2135989","0.0-23.0-3.21","2069.7999999970198","","resentful","","","","","tom-labels","","","M3","sympathetic"
"html-keyboard-response","730","2136991","0.0-23.0-0.22","null","<span style=""font-size:40px;"">+</span>","null","","","","","","","","",""
"html-keyboard-response","731","2141258","0.0-23.0-1.22","","","","","","","","","","","",""
"image-keyboard-response","732","2141760","0.0-23.0-2.22","null","stimuli/noise_texture.png","null","","","","","","","","",""
"custom-labels-response","733","2145054","0.0-23.0-3.22","3291.599999997765","","convinced","","","","","tom-labels","","","F4","convinced"
"html-keyboard-response","734","2146056","0.0-23.0-0.23","null","<span style=""font-size:40px;"">+</span>","null","","","","","","","","",""
"html-keyboard-response","735","2150334","0.0-23.0-1.23","","","","","","","","","","","",""
"image-keyboard-response","736","2150836","0.0-23.0-2.23","null","stimuli/noise_texture.png","null","","","","","","","","",""
"custom-labels-response","737","2153249","0.0-23.0-3.23","2412.89999999851","","hopeful","","","","","tom-labels","","","M5","guilty"
"html-keyboard-response","738","2154251","0.0-23.0-0.24","null","<span style=""font-size:40px;"">+</span>","null","","","","","","","","",""
"html-keyboard-response","739","2158458","0.0-23.0-1.24","","","","","","","","","","","",""
"image-keyboard-response","740","2158960","0.0-23.0-2.24","null","stimuli/noise_texture.png","null","","","","","","","","",""
"custom-labels-response","741","2162032","0.0-23.0-3.24","3072","","interested","","","","","tom-labels","","","M5","interested"
"html-keyboard-response","742","2163035","0.0-23.0-0.25","null","<span style=""font-size:40px;"">+</span>","null","","","","","","","","",""
"html-keyboard-response","743","2167330","0.0-23.0-1.25","","","","","","","","","","","",""
"image-keyboard-response","744","2167833","0.0-23.0-2.25","null","stimuli/noise_texture.png","null","","","","","","","","",""
"custom-labels-response","745","2170686","0.0-23.0-3.25","2851.7000000029802","","insulting","","","","","tom-labels","","","F5","disappointed"
"html-keyboard-response","746","2171688","0.0-23.0-0.26","null","<span style=""font-size:40px;"">+</span>","null","","","","","","","","",""
"html-keyboard-response","747","2176109","0.0-23.0-1.26","","","","","","","","","","","",""
"image-keyboard-response","748","2176610","0.0-23.0-2.26","null","stimuli/noise_texture.png","null","","","","","","","","",""
"custom-labels-response","749","2178165","0.0-23.0-3.26","1553.1000000014901","","distrustful","","","","","tom-labels","","","M2","distrustful"
"html-keyboard-response","750","2179167","0.0-23.0-0.27","null","<span style=""font-size:40px;"">+</span>","null","","","","","","","","",""
"html-keyboard-response","751","2183418","0.0-23.0-1.27","","","","","","","","","","","",""
"image-keyboard-response","752","2183920","0.0-23.0-2.27","null","stimuli/noise_texture.png","null","","","","","","","","",""
"custom-labels-response","753","2188471","0.0-23.0-3.27","4549","","irritated","","","","","tom-labels","","","F5","perplexed"
"html-keyboard-response","754","2189473","0.0-23.0-0.28","null","<span style=""font-size:40px;"">+</span>","null","","","","","","","","",""
"html-keyboard-response","755","2192789","0.0-23.0-1.28","","","","","","","","","","","",""
"image-keyboard-response","756","2193294","0.0-23.0-2.28","null","stimuli/noise_texture.png","null","","","","","","","","",""
"custom-labels-response","757","2196670","0.0-23.0-3.28","3373.7999999970198","","joking","","","","","tom-labels","","","M2","joking"
"html-keyboard-response","758","2197673","0.0-23.0-0.29","null","<span style=""font-size:40px;"">+</span>","null","","","","","","","","",""
"html-keyboard-response","759","2201960","0.0-23.0-1.29","","","","","","","","","","","",""
"image-keyboard-response","760","2202462","0.0-23.0-2.29","null","stimuli/noise_texture.png","null","","","","","","","","",""
"custom-labels-response","761","2205228","0.0-23.0-3.29","2764.699999999255","","desire","","","","","tom-labels","","","F8","desire"
"html-button-response","762","2667844","0.0-24.0","462544.69999999925","<h3>Thank you for participating!</h1><p>You are done with the experiment. You will receive the full payment for your participation. Thank you for your time and contribution.</p><p>You will be automatically redirected to Prolific upon clicking <strong>Complete Experiment</strong>.</p><p>Please DO NOT close this tab until you have been redirected to Prolific. Please take note of your Prolific Completion Code before clicking <strong>Complete Experiment</strong>: <strong>C1HPV5RI</strong>.</p>","0","6704539fe462b87182866f14","1760800891675","A","0","","","","",""
