"trial_type","trial_index","time_elapsed","internal_node_id","rt","stimulus","response","PID","START_TIME","EXP_AB","ATTENTION_FAILURES","trial","responses","view_history","x","y","actor","target_emotion"
"pavlovia","0","1229","0.0-0.0","","","","","","","","","","","","","",""
"html-button-response","1","3434","0.0-1.0","2203.400000035763","<h1>Welcome to the Multiethnic Face Database Study!</h1>","0","6694154a46060b3c49b2d6fd","1760749802967","B","0","","","","","","",""
"html-button-response","2","7951","0.0-2.0","4516.099999964237","<div style=""text-align: left; margin: 50px 80px -60px 80px;""><p><span style='text-decoration: underline;'><strong>CONSENT FORM </strong></span></p><p><strong>McGill University </strong></p><p><strong>Title of Research:</strong> A Dual Process Theory of Theory of Mind</p><p><strong>Researchers:</strong><br>Ian Gold, Ph.D., Professor, McGill University<br />Elizaveta Solomonova, Ph.D., Researcher, McGill University <br />Fernanda Perez-Gay Juarez, M.D., Ph.D., Psychiatry Resident, McGill University<br />Sophie Serebryany, Undergraduate Student, McGill University <br />Ani Shahbazian, Undergraduate Student, Concordia University<br>Sophie Hoyer, Undergraduate Student, McGill University</p><p><strong>Contact Information:<br />Tel:</strong> 514-398-8939 (Dr. Ian Gold) <br /><strong>Email:</strong> neurophilosophylabmcgill@gmail.com (all researchers)</p><p><strong>Purpose of the research:</strong><br> This study aims to measure people's ability to understand what others are thinking and feeling across different contexts and modalities. Please read through the description of the research project, and take the opportunity to ask any questions that you have about the project.</p><p><strong>What is involved in participating:</strong><br>You will be asked to look at a series of videos of facial expressions and answer questions about them. The online study in its entirety will take around [insert time], divided into 3 blocks with two 5-minute breaks in between. You will be asked to respond by placing your cursor on a grid after watching a video. You will only need a mouse and a keyboard to provide responses to the various tasks.</p><p><strong>Right to withdraw:</strong><br>Please note that your participation is voluntary, and you are free to withdraw at any time without any negative consequences. Once you consent to participate, you may proceed to complete the online tasks. At the end of the experiment, you will see the message 'This is the end of the study. Please click on the button 'Complete the Experiment' to save your data and obtain your payment code.' Once you click the button, your data will be automatically collected through Pavlovia. Since participants will be anonymized (identified only by an alphanumeric code assigned by Prolific), the data will not be able to be withdrawn anonymously once you have completed the experiment. If you wish to withdraw consent without data collection, do not click the button to end the experiment and just close your browser.</p><p><strong>Confidentiality:</strong><br>The study's data will be kept for 7 years, stored in a password-protected virtual drive under the jurisdiction of McGill University (Dr. Ian Gold McGill's OneDrive). Your responses will be kept strictly confidential and will be identified only by means of your Prolific ID and never with your name or other identifying information. Only members of Dr. Ian Gold's lab will have access to identifiable study materials. You will not be identified or identifiable in any report or reports that result from the research (peer reviewed publications, presentations at national and international conferences, etc).</p><p><strong>Compensation:</strong><br>You will be compensated with &pound;9 for the completion of the study which should take approximately 60 minutes. Please use the completion code given to you at the end of the study to retrieve your payment in your Prolific account. Please note that if you decide to withdraw before finishing a session, there will be no way to compensate you for the time you spent, given that your data will not be saved.</p><p><strong>Risks &amp; Benefits:</strong> The only associated risks associated with this study are screen fatigue. If you have questions or concerns regarding your rights or welfare as a participant in this research study, please contact the Manager, Research Ethics at 514-398-6831 or lynda.mcneil@mcgill.ca.</p><p><strong>Consent:</strong><br>Please click on the button below if you have read the above information and consent to participate in this study. Otherwise, you can just close this window and return to the experiment in Prolific. Agreeing to participate in this study does not waive any of your rights or release the researchers from their responsibilities. To ensure the study is being conducted properly, authorized individuals, such as a member of the Research Ethics Board, may have access to your information.</p></div>","0","","","","","false","","","","","",""
"survey-demo","3","62813","0.0-3.0","54856.80000001192","","","6694154a46060b3c49b2d6fd","1760749802967","","","demo","{""age"":""28"",""gender"":""Man"",""ethnicity"":[""White""],""education"":""University/College (BA/BS/...)"",""religion"":""Christian"",""birthcountry"":""Canada"",""residencecountry"":""Canada"",""yearsresidence"":""28"",""internetspeed"":""110""}","","","","",""
"instructions","4","93388","0.0-6.0-0.0","30574.19999998808","","","","","","","","","[{""page_index"":0,""viewing_time"":11938.699999988079},{""page_index"":1,""viewing_time"":14543.600000023842},{""page_index"":2,""viewing_time"":4091.599999964237}]","","","",""
"html-keyboard-response","5","94390","0.0-6.0-1.0","null","<span style=""font-size:40px;"">+</span>","null","","","","","","","","","","",""
"html-keyboard-response","6","98843","0.0-6.0-2.0","","","","","","","","","","","","","",""
"image-keyboard-response","7","99346","0.0-6.0-3.0","null","stimuli/noise_texture.png","null","","","","","","","","","","",""
"html-custom-grid-response","8","103744","0.0-6.0-4.0","3191.699999988079","Please locate the emotion in an appropriate spot in the grid by pointing and clicking the mouse.<br>Press the <b>space bar</b> when you're ready to continue.<br><br>","","","","","","tom-grid-practice","","","31","-59","12","Doubtful"
"html-button-response","9","108057","0.0-7.0","4311.399999976158","<div style=""width: 1000px; height: 70px""><p>You will now be shown a series of short videos. Please identify an appropriate location in the grid for the emotion expressed as you did before in the practice trials. Starting now, your responses will be recorded.</p><p>Click <strong>Continue</strong> to start. Good luck!</p></div>","0","","","","","false","","","","","",""
"html-keyboard-response","10","109059","0.0-8.0-0.0","null","<span style=""font-size:40px;"">+</span>","null","","","","","","","","","","",""
"html-keyboard-response","11","113738","0.0-8.0-1.0","","","","","","","","","","","","","",""
"image-keyboard-response","12","114240","0.0-8.0-2.0","null","stimuli/noise_texture.png","null","","","","","","","","","","",""
"html-custom-grid-response","13","118757","0.0-8.0-3.0","3962","Please locate the emotion in an appropriate spot in the grid by pointing and clicking the mouse.<br>Press the <b>space bar</b> when you're ready to continue.<br><br>","","","","","","tom-grid","","","108","104","F2","confident"
"html-keyboard-response","14","119760","0.0-8.0-0.1","null","<span style=""font-size:40px;"">+</span>","null","","","","","","","","","","",""
"html-keyboard-response","15","124156","0.0-8.0-1.1","","","","","","","","","","","","","",""
"image-keyboard-response","16","124657","0.0-8.0-2.1","null","stimuli/noise_texture.png","null","","","","","","","","","","",""
"html-custom-grid-response","17","127269","0.0-8.0-3.1","1397.3999999761581","Please locate the emotion in an appropriate spot in the grid by pointing and clicking the mouse.<br>Press the <b>space bar</b> when you're ready to continue.<br><br>","","","","","","tom-grid","","","71","58","M1","confident"
"html-keyboard-response","18","128271","0.0-8.0-0.2","null","<span style=""font-size:40px;"">+</span>","null","","","","","","","","","","",""
"html-keyboard-response","19","132892","0.0-8.0-1.2","","","","","","","","","","","","","",""
"image-keyboard-response","20","133394","0.0-8.0-2.2","null","stimuli/noise_texture.png","null","","","","","","","","","","",""
"html-custom-grid-response","21","137851","0.0-8.0-3.2","3894.600000023842","Please locate the emotion in an appropriate spot in the grid by pointing and clicking the mouse.<br>Press the <b>space bar</b> when you're ready to continue.<br><br>","","","","","","tom-grid","","","19","16","F2","curious"
"html-keyboard-response","22","138854","0.0-8.0-0.3","null","<span style=""font-size:40px;"">+</span>","null","","","","","","","","","","",""
"html-keyboard-response","23","143507","0.0-8.0-1.3","","","","","","","","","","","","","",""
"image-keyboard-response","24","144009","0.0-8.0-2.3","null","stimuli/noise_texture.png","null","","","","","","","","","","",""
"html-custom-grid-response","25","156494","0.0-8.0-3.3","11882.5","Please locate the emotion in an appropriate spot in the grid by pointing and clicking the mouse.<br>Press the <b>space bar</b> when you're ready to continue.<br><br>","","","","","","tom-grid","","","-69","-27","F7","aghast"
"html-keyboard-response","26","157497","0.0-8.0-0.4","null","<span style=""font-size:40px;"">+</span>","null","","","","","","","","","","",""
"html-keyboard-response","27","162187","0.0-8.0-1.4","","","","","","","","","","","","","",""
"image-keyboard-response","28","162690","0.0-8.0-2.4","null","stimuli/noise_texture.png","null","","","","","","","","","","",""
"html-custom-grid-response","29","170321","0.0-8.0-3.4","5454.399999976158","Please locate the emotion in an appropriate spot in the grid by pointing and clicking the mouse.<br>Press the <b>space bar</b> when you're ready to continue.<br><br>","","","","","","tom-grid","","","16","-9","M6","reflective"
"html-keyboard-response","30","171324","0.0-8.0-0.5","null","<span style=""font-size:40px;"">+</span>","null","","","","","","","","","","",""
"html-keyboard-response","31","175834","0.0-8.0-1.5","","","","","","","","","","","","","",""
"image-keyboard-response","32","176336","0.0-8.0-2.5","null","stimuli/noise_texture.png","null","","","","","","","","","","",""
"html-custom-grid-response","33","179544","0.0-8.0-3.5","2608.599999964237","Please locate the emotion in an appropriate spot in the grid by pointing and clicking the mouse.<br>Press the <b>space bar</b> when you're ready to continue.<br><br>","","","","","","tom-grid","","","-38","-43","M4","confused"
"html-keyboard-response","34","180548","0.0-8.0-0.6","null","<span style=""font-size:40px;"">+</span>","null","","","","","","","","","","",""
"html-keyboard-response","35","185406","0.0-8.0-1.6","","","","","","","","","","","","","",""
"image-keyboard-response","36","185908","0.0-8.0-2.6","null","stimuli/noise_texture.png","null","","","","","","","","","","",""
"html-custom-grid-response","37","189598","0.0-8.0-3.6","3439.199999988079","Please locate the emotion in an appropriate spot in the grid by pointing and clicking the mouse.<br>Press the <b>space bar</b> when you're ready to continue.<br><br>","","","","","","tom-grid","","","70","52","M2","insisting"
"html-keyboard-response","38","190600","0.0-8.0-0.7","null","<span style=""font-size:40px;"">+</span>","null","","","","","","","","","","",""
"html-keyboard-response","39","195321","0.0-8.0-1.7","","","","","","","","","","","","","",""
"image-keyboard-response","40","195823","0.0-8.0-2.7","null","stimuli/noise_texture.png","null","","","","","","","","","","",""
"html-custom-grid-response","41","199778","0.0-8.0-3.7","3397.699999988079","Please locate the emotion in an appropriate spot in the grid by pointing and clicking the mouse.<br>Press the <b>space bar</b> when you're ready to continue.<br><br>","","","","","","tom-grid","","","-73","52","M5","fearful"
"html-keyboard-response","42","200781","0.0-8.0-0.8","null","<span style=""font-size:40px;"">+</span>","null","","","","","","","","","","",""
"html-keyboard-response","43","205690","0.0-8.0-1.8","","","","","","","","","","","","","",""
"image-keyboard-response","44","206193","0.0-8.0-2.8","null","stimuli/noise_texture.png","null","","","","","","","","","","",""
"html-custom-grid-response","45","210729","0.0-8.0-3.8","3909.099999964237","Please locate the emotion in an appropriate spot in the grid by pointing and clicking the mouse.<br>Press the <b>space bar</b> when you're ready to continue.<br><br>","","","","","","tom-grid","","","52","-29","M2","desire"
"html-keyboard-response","46","211731","0.0-8.0-0.9","null","<span style=""font-size:40px;"">+</span>","null","","","","","","","","","","",""
"html-keyboard-response","47","216656","0.0-8.0-1.9","","","","","","","","","","","","","",""
"image-keyboard-response","48","217158","0.0-8.0-2.9","null","stimuli/noise_texture.png","null","","","","","","","","","","",""
"html-custom-grid-response","49","220282","0.0-8.0-3.9","2731.199999988079","Please locate the emotion in an appropriate spot in the grid by pointing and clicking the mouse.<br>Press the <b>space bar</b> when you're ready to continue.<br><br>","","","","","","tom-grid","","","-49","58","M4","panicked"
"html-keyboard-response","50","221285","0.0-8.0-0.10","null","<span style=""font-size:40px;"">+</span>","null","","","","","","","","","","",""
"html-keyboard-response","51","225951","0.0-8.0-1.10","","","","","","","","","","","","","",""
"image-keyboard-response","52","226453","0.0-8.0-2.10","null","stimuli/noise_texture.png","null","","","","","","","","","","",""
"html-custom-grid-response","53","231086","0.0-8.0-3.10","4284.5","Please locate the emotion in an appropriate spot in the grid by pointing and clicking the mouse.<br>Press the <b>space bar</b> when you're ready to continue.<br><br>","","","","","","tom-grid","","","-12","-134","F5","intrigued"
"html-keyboard-response","54","232089","0.0-8.0-0.11","null","<span style=""font-size:40px;"">+</span>","null","","","","","","","","","","",""
"html-keyboard-response","55","236640","0.0-8.0-1.11","","","","","","","","","","","","","",""
"image-keyboard-response","56","237143","0.0-8.0-2.11","null","stimuli/noise_texture.png","null","","","","","","","","","","",""
"html-custom-grid-response","57","241608","0.0-8.0-3.11","3403.5","Please locate the emotion in an appropriate spot in the grid by pointing and clicking the mouse.<br>Press the <b>space bar</b> when you're ready to continue.<br><br>","","","","","","tom-grid","","","0","-146","F4","dominant"
"html-keyboard-response","58","242610","0.0-8.0-0.12","null","<span style=""font-size:40px;"">+</span>","null","","","","","","","","","","",""
"html-keyboard-response","59","247190","0.0-8.0-1.12","","","","","","","","","","","","","",""
"image-keyboard-response","60","247692","0.0-8.0-2.12","null","stimuli/noise_texture.png","null","","","","","","","","","","",""
"html-custom-grid-response","61","251584","0.0-8.0-3.12","3418.099999964237","Please locate the emotion in an appropriate spot in the grid by pointing and clicking the mouse.<br>Press the <b>space bar</b> when you're ready to continue.<br><br>","","","","","","tom-grid","","","-53","-139","M3","imploring"
"html-keyboard-response","62","252587","0.0-8.0-0.13","null","<span style=""font-size:40px;"">+</span>","null","","","","","","","","","","",""
"html-keyboard-response","63","257366","0.0-8.0-1.13","","","","","","","","","","","","","",""
"image-keyboard-response","64","257867","0.0-8.0-2.13","null","stimuli/noise_texture.png","null","","","","","","","","","","",""
"html-custom-grid-response","65","262276","0.0-8.0-3.13","4040.7999999523163","Please locate the emotion in an appropriate spot in the grid by pointing and clicking the mouse.<br>Press the <b>space bar</b> when you're ready to continue.<br><br>","","","","","","tom-grid","","","-70","76","F7","insulting"
"html-keyboard-response","66","263278","0.0-8.0-0.14","null","<span style=""font-size:40px;"">+</span>","null","","","","","","","","","","",""
"html-keyboard-response","67","267713","0.0-8.0-1.14","","","","","","","","","","","","","",""
"image-keyboard-response","68","268215","0.0-8.0-2.14","null","stimuli/noise_texture.png","null","","","","","","","","","","",""
"html-custom-grid-response","69","271095","0.0-8.0-3.14","2502.100000023842","Please locate the emotion in an appropriate spot in the grid by pointing and clicking the mouse.<br>Press the <b>space bar</b> when you're ready to continue.<br><br>","","","","","","tom-grid","","","-51","-133","M3","offended"
"html-keyboard-response","70","272098","0.0-8.0-0.15","null","<span style=""font-size:40px;"">+</span>","null","","","","","","","","","","",""
"html-keyboard-response","71","276865","0.0-8.0-1.15","","","","","","","","","","","","","",""
"image-keyboard-response","72","277366","0.0-8.0-2.15","null","stimuli/noise_texture.png","null","","","","","","","","","","",""
"html-custom-grid-response","73","281389","0.0-8.0-3.15","3730","Please locate the emotion in an appropriate spot in the grid by pointing and clicking the mouse.<br>Press the <b>space bar</b> when you're ready to continue.<br><br>","","","","","","tom-grid","","","29","-73","F5","anticipating"
"html-keyboard-response","74","282392","0.0-8.0-0.16","null","<span style=""font-size:40px;"">+</span>","null","","","","","","","","","","",""
"html-keyboard-response","75","287132","0.0-8.0-1.16","","","","","","","","","","","","","",""
"image-keyboard-response","76","287634","0.0-8.0-2.16","null","stimuli/noise_texture.png","null","","","","","","","","","","",""
"html-custom-grid-response","77","292203","0.0-8.0-3.16","4177.300000011921","Please locate the emotion in an appropriate spot in the grid by pointing and clicking the mouse.<br>Press the <b>space bar</b> when you're ready to continue.<br><br>","","","","","","tom-grid","","","-88","19","F8","horrified"
"html-keyboard-response","78","293206","0.0-8.0-0.17","null","<span style=""font-size:40px;"">+</span>","null","","","","","","","","","","",""
"html-keyboard-response","79","297787","0.0-8.0-1.17","","","","","","","","","","","","","",""
"image-keyboard-response","80","298287","0.0-8.0-2.17","null","stimuli/noise_texture.png","null","","","","","","","","","","",""
"html-custom-grid-response","81","300563","0.0-8.0-3.17","1723.300000011921","Please locate the emotion in an appropriate spot in the grid by pointing and clicking the mouse.<br>Press the <b>space bar</b> when you're ready to continue.<br><br>","","","","","","tom-grid","","","-122","79","F2","hateful"
"html-keyboard-response","82","301566","0.0-8.0-0.18","null","<span style=""font-size:40px;"">+</span>","null","","","","","","","","","","",""
"html-keyboard-response","83","306558","0.0-8.0-1.18","","","","","","","","","","","","","",""
"image-keyboard-response","84","307060","0.0-8.0-2.18","null","stimuli/noise_texture.png","null","","","","","","","","","","",""
"html-custom-grid-response","85","309759","0.0-8.0-3.18","2072.100000023842","Please locate the emotion in an appropriate spot in the grid by pointing and clicking the mouse.<br>Press the <b>space bar</b> when you're ready to continue.<br><br>","","","","","","tom-grid","","","-30","-129","F5","perplexed"
"html-keyboard-response","86","310762","0.0-8.0-0.19","null","<span style=""font-size:40px;"">+</span>","null","","","","","","","","","","",""
"html-keyboard-response","87","315763","0.0-8.0-1.19","","","","","","","","","","","","","",""
"image-keyboard-response","88","316265","0.0-8.0-2.19","null","stimuli/noise_texture.png","null","","","","","","","","","","",""
"html-custom-grid-response","89","320278","0.0-8.0-3.19","3717.800000011921","Please locate the emotion in an appropriate spot in the grid by pointing and clicking the mouse.<br>Press the <b>space bar</b> when you're ready to continue.<br><br>","","","","","","tom-grid","","","-12","-111","M6","indecisive"
"html-keyboard-response","90","321280","0.0-8.0-0.20","null","<span style=""font-size:40px;"">+</span>","null","","","","","","","","","","",""
"html-keyboard-response","91","326053","0.0-8.0-1.20","","","","","","","","","","","","","",""
"image-keyboard-response","92","326556","0.0-8.0-2.20","null","stimuli/noise_texture.png","null","","","","","","","","","","",""
"html-custom-grid-response","93","329965","0.0-8.0-3.20","2144.300000011921","Please locate the emotion in an appropriate spot in the grid by pointing and clicking the mouse.<br>Press the <b>space bar</b> when you're ready to continue.<br><br>","","","","","","tom-grid","","","-11","-126","F4","indifferent"
"html-keyboard-response","94","330968","0.0-8.0-0.21","null","<span style=""font-size:40px;"">+</span>","null","","","","","","","","","","",""
"html-keyboard-response","95","335553","0.0-8.0-1.21","","","","","","","","","","","","","",""
"image-keyboard-response","96","336055","0.0-8.0-2.21","null","stimuli/noise_texture.png","null","","","","","","","","","","",""
"html-custom-grid-response","97","342285","0.0-8.0-3.21","5526.100000023842","Please locate the emotion in an appropriate spot in the grid by pointing and clicking the mouse.<br>Press the <b>space bar</b> when you're ready to continue.<br><br>","","","","","","tom-grid","","","34","-113","F2","relaxed"
"html-keyboard-response","98","343289","0.0-8.0-0.22","null","<span style=""font-size:40px;"">+</span>","null","","","","","","","","","","",""
"html-keyboard-response","99","348373","0.0-8.0-1.22","","","","","","","","","","","","","",""
"image-keyboard-response","100","348876","0.0-8.0-2.22","null","stimuli/noise_texture.png","null","","","","","","","","","","",""
"html-custom-grid-response","101","353054","0.0-8.0-3.22","3802.100000023842","Please locate the emotion in an appropriate spot in the grid by pointing and clicking the mouse.<br>Press the <b>space bar</b> when you're ready to continue.<br><br>","","","","","","tom-grid","","","-44","-109","M3","jealous"
"html-keyboard-response","102","354057","0.0-8.0-0.23","null","<span style=""font-size:40px;"">+</span>","null","","","","","","","","","","",""
"html-keyboard-response","103","358735","0.0-8.0-1.23","","","","","","","","","","","","","",""
"image-keyboard-response","104","359238","0.0-8.0-2.23","null","stimuli/noise_texture.png","null","","","","","","","","","","",""
"html-custom-grid-response","105","362031","0.0-8.0-3.23","2419.800000011921","Please locate the emotion in an appropriate spot in the grid by pointing and clicking the mouse.<br>Press the <b>space bar</b> when you're ready to continue.<br><br>","","","","","","tom-grid","","","-20","-108","F6","contemplative"
"html-keyboard-response","106","363034","0.0-8.0-0.24","null","<span style=""font-size:40px;"">+</span>","null","","","","","","","","","","",""
"html-keyboard-response","107","368478","0.0-8.0-1.24","","","","","","","","","","","","","",""
"image-keyboard-response","108","368979","0.0-8.0-2.24","null","stimuli/noise_texture.png","null","","","","","","","","","","",""
"html-custom-grid-response","109","371643","0.0-8.0-3.24","1901.199999988079","Please locate the emotion in an appropriate spot in the grid by pointing and clicking the mouse.<br>Press the <b>space bar</b> when you're ready to continue.<br><br>","","","","","","tom-grid","","","8","-127","M6","satisfied"
"html-keyboard-response","110","372645","0.0-8.0-0.25","null","<span style=""font-size:40px;"">+</span>","null","","","","","","","","","","",""
"html-keyboard-response","111","377071","0.0-8.0-1.25","","","","","","","","","","","","","",""
"image-keyboard-response","112","377572","0.0-8.0-2.25","null","stimuli/noise_texture.png","null","","","","","","","","","","",""
"html-custom-grid-response","113","381626","0.0-8.0-3.25","3826.5","Please locate the emotion in an appropriate spot in the grid by pointing and clicking the mouse.<br>Press the <b>space bar</b> when you're ready to continue.<br><br>","","","","","","tom-grid","","","-33","66","M1","incredulous"
"html-keyboard-response","114","382629","0.0-8.0-0.26","null","<span style=""font-size:40px;"">+</span>","null","","","","","","","","","","",""
"html-keyboard-response","115","387332","0.0-8.0-1.26","","","","","","","","","","","","","",""
"image-keyboard-response","116","387834","0.0-8.0-2.26","null","stimuli/noise_texture.png","null","","","","","","","","","","",""
"html-custom-grid-response","117","390425","0.0-8.0-3.26","2034.800000011921","Please locate the emotion in an appropriate spot in the grid by pointing and clicking the mouse.<br>Press the <b>space bar</b> when you're ready to continue.<br><br>","","","","","","tom-grid","","","-48","-116","M6","irritated"
"html-keyboard-response","118","391428","0.0-8.0-0.27","null","<span style=""font-size:40px;"">+</span>","null","","","","","","","","","","",""
"html-keyboard-response","119","396154","0.0-8.0-1.27","","","","","","","","","","","","","",""
"image-keyboard-response","120","396657","0.0-8.0-2.27","null","stimuli/noise_texture.png","null","","","","","","","","","","",""
"html-custom-grid-response","121","401114","0.0-8.0-3.27","4192","Please locate the emotion in an appropriate spot in the grid by pointing and clicking the mouse.<br>Press the <b>space bar</b> when you're ready to continue.<br><br>","","","","","","tom-grid","","","60","-49","F7","contented"
"html-keyboard-response","122","402118","0.0-8.0-0.28","null","<span style=""font-size:40px;"">+</span>","null","","","","","","","","","","",""
"html-keyboard-response","123","406906","0.0-8.0-1.28","","","","","","","","","","","","","",""
"image-keyboard-response","124","407408","0.0-8.0-2.28","null","stimuli/noise_texture.png","null","","","","","","","","","","",""
"html-custom-grid-response","125","412638","0.0-8.0-3.28","4912","Please locate the emotion in an appropriate spot in the grid by pointing and clicking the mouse.<br>Press the <b>space bar</b> when you're ready to continue.<br><br>","","","","","","tom-grid","","","-105","22","M2","nervous"
"html-keyboard-response","126","413641","0.0-8.0-0.29","null","<span style=""font-size:40px;"">+</span>","null","","","","","","","","","","",""
"html-keyboard-response","127","418456","0.0-8.0-1.29","","","","","","","","","","","","","",""
"image-keyboard-response","128","418958","0.0-8.0-2.29","null","stimuli/noise_texture.png","null","","","","","","","","","","",""
"html-custom-grid-response","129","421942","0.0-8.0-3.29","2520.199999988079","Please locate the emotion in an appropriate spot in the grid by pointing and clicking the mouse.<br>Press the <b>space bar</b> when you're ready to continue.<br><br>","","","","","","tom-grid","","","1","-121","M6","relieved"
"html-keyboard-response","130","422945","0.0-8.0-0.30","null","<span style=""font-size:40px;"">+</span>","null","","","","","","","","","","",""
"html-keyboard-response","131","427653","0.0-8.0-1.30","","","","","","","","","","","","","",""
"image-keyboard-response","132","428155","0.0-8.0-2.30","null","stimuli/noise_texture.png","null","","","","","","","","","","",""
"html-custom-grid-response","133","431413","0.0-8.0-3.30","2793.599999964237","Please locate the emotion in an appropriate spot in the grid by pointing and clicking the mouse.<br>Press the <b>space bar</b> when you're ready to continue.<br><br>","","","","","","tom-grid","","","-6","-115","M4","concerned"
"html-keyboard-response","134","432417","0.0-8.0-0.31","null","<span style=""font-size:40px;"">+</span>","null","","","","","","","","","","",""
"html-keyboard-response","135","437038","0.0-8.0-1.31","","","","","","","","","","","","","",""
"image-keyboard-response","136","437539","0.0-8.0-2.31","null","stimuli/noise_texture.png","null","","","","","","","","","","",""
"html-custom-grid-response","137","440295","0.0-8.0-3.31","2376.800000011921","Please locate the emotion in an appropriate spot in the grid by pointing and clicking the mouse.<br>Press the <b>space bar</b> when you're ready to continue.<br><br>","","","","","","tom-grid","","","32","-102","M4","hopeful"
"html-keyboard-response","138","441299","0.0-8.0-0.32","null","<span style=""font-size:40px;"">+</span>","null","","","","","","","","","","",""
"html-keyboard-response","139","445899","0.0-8.0-1.32","","","","","","","","","","","","","",""
"image-keyboard-response","140","446401","0.0-8.0-2.32","null","stimuli/noise_texture.png","null","","","","","","","","","","",""
"html-custom-grid-response","141","450952","0.0-8.0-3.32","4216.399999976158","Please locate the emotion in an appropriate spot in the grid by pointing and clicking the mouse.<br>Press the <b>space bar</b> when you're ready to continue.<br><br>","","","","","","tom-grid","","","43","-89","F6","sympathetic"
"html-keyboard-response","142","451956","0.0-8.0-0.33","null","<span style=""font-size:40px;"">+</span>","null","","","","","","","","","","",""
"html-keyboard-response","143","456752","0.0-8.0-1.33","","","","","","","","","","","","","",""
"image-keyboard-response","144","457254","0.0-8.0-2.33","null","stimuli/noise_texture.png","null","","","","","","","","","","",""
"html-custom-grid-response","145","461561","0.0-8.0-3.33","3538.199999988079","Please locate the emotion in an appropriate spot in the grid by pointing and clicking the mouse.<br>Press the <b>space bar</b> when you're ready to continue.<br><br>","","","","","","tom-grid","","","-1","-126","F8","cautious"
"html-keyboard-response","146","462564","0.0-8.0-0.34","null","<span style=""font-size:40px;"">+</span>","null","","","","","","","","","","",""
"html-keyboard-response","147","467252","0.0-8.0-1.34","","","","","","","","","","","","","",""
"image-keyboard-response","148","467753","0.0-8.0-2.34","null","stimuli/noise_texture.png","null","","","","","","","","","","",""
"html-custom-grid-response","149","470649","0.0-8.0-3.34","2536.100000023842","Please locate the emotion in an appropriate spot in the grid by pointing and clicking the mouse.<br>Press the <b>space bar</b> when you're ready to continue.<br><br>","","","","","","tom-grid","","","-29","-105","F4","dubious"
"html-keyboard-response","150","471652","0.0-8.0-0.35","null","<span style=""font-size:40px;"">+</span>","null","","","","","","","","","","",""
"html-keyboard-response","151","476147","0.0-8.0-1.35","","","","","","","","","","","","","",""
"image-keyboard-response","152","476649","0.0-8.0-2.35","null","stimuli/noise_texture.png","null","","","","","","","","","","",""
"html-custom-grid-response","153","479693","0.0-8.0-3.35","2435.899999976158","Please locate the emotion in an appropriate spot in the grid by pointing and clicking the mouse.<br>Press the <b>space bar</b> when you're ready to continue.<br><br>","","","","","","tom-grid","","","-76","38","F8","confused"
"html-keyboard-response","154","480696","0.0-8.0-0.36","null","<span style=""font-size:40px;"">+</span>","null","","","","","","","","","","",""
"html-keyboard-response","155","485658","0.0-8.0-1.36","","","","","","","","","","","","","",""
"image-keyboard-response","156","486159","0.0-8.0-2.36","null","stimuli/noise_texture.png","null","","","","","","","","","","",""
"html-custom-grid-response","157","488740","0.0-8.0-3.36","2203.599999964237","Please locate the emotion in an appropriate spot in the grid by pointing and clicking the mouse.<br>Press the <b>space bar</b> when you're ready to continue.<br><br>","","","","","","tom-grid","","","-1","-115","M6","depressed"
"html-keyboard-response","158","489742","0.0-8.0-0.37","null","<span style=""font-size:40px;"">+</span>","null","","","","","","","","","","",""
"html-keyboard-response","159","494495","0.0-8.0-1.37","","","","","","","","","","","","","",""
"image-keyboard-response","160","494997","0.0-8.0-2.37","null","stimuli/noise_texture.png","null","","","","","","","","","","",""
"html-custom-grid-response","161","498656","0.0-8.0-3.37","2899.099999964237","Please locate the emotion in an appropriate spot in the grid by pointing and clicking the mouse.<br>Press the <b>space bar</b> when you're ready to continue.<br><br>","","","","","","tom-grid","","","-93","145","F5","panicked"
"html-keyboard-response","162","499659","0.0-8.0-0.38","null","<span style=""font-size:40px;"">+</span>","null","","","","","","","","","","",""
"html-keyboard-response","163","504391","0.0-8.0-1.38","","","","","","","","","","","","","",""
"image-keyboard-response","164","504892","0.0-8.0-2.38","null","stimuli/noise_texture.png","null","","","","","","","","","","",""
"html-custom-grid-response","165","507792","0.0-8.0-3.38","2360.800000011921","Please locate the emotion in an appropriate spot in the grid by pointing and clicking the mouse.<br>Press the <b>space bar</b> when you're ready to continue.<br><br>","","","","","","tom-grid","","","-48","-33","M2","distrustful"
"html-keyboard-response","166","508794","0.0-8.0-0.39","null","<span style=""font-size:40px;"">+</span>","null","","","","","","","","","","",""
"html-keyboard-response","167","513235","0.0-8.0-1.39","","","","","","","","","","","","","",""
"image-keyboard-response","168","513736","0.0-8.0-2.39","null","stimuli/noise_texture.png","null","","","","","","","","","","",""
"html-custom-grid-response","169","516456","0.0-8.0-3.39","2352.800000011921","Please locate the emotion in an appropriate spot in the grid by pointing and clicking the mouse.<br>Press the <b>space bar</b> when you're ready to continue.<br><br>","","","","","","tom-grid","","","-14","-128","F5","serious"
"html-keyboard-response","170","517459","0.0-9.0-0.0","null","<span style=""font-size:40px;"">+</span>","null","","","","","","","","","","",""
"html-keyboard-response","171","522032","0.0-9.0-1.0","","","","","","","","","","","","","",""
"image-keyboard-response","172","522534","0.0-9.0-2.0","null","stimuli/noise_texture.png","null","","","","","","","","","","",""
"html-custom-grid-response-ac","173","527899","0.0-9.0-3.0","3835.399999976158","If you are paying attention, please click anywhere in the <span style='color: #ff0000;'><strong>bottom left quadrant</strong></span>.<br>Press the <b>space bar</b> when you're ready to continue.<br><br>","","","","","","attention-check","","","-68","-74","M4","confused"
"html-keyboard-response","174","528901","0.0-11.0-0.0","null","<span style=""font-size:40px;"">+</span>","null","","","","","","","","","","",""
"html-keyboard-response","175","533386","0.0-11.0-1.0","","","","","","","","","","","","","",""
"image-keyboard-response","176","533888","0.0-11.0-2.0","null","stimuli/noise_texture.png","null","","","","","","","","","","",""
"html-custom-grid-response","177","537057","0.0-11.0-3.0","2356.399999976158","Please locate the emotion in an appropriate spot in the grid by pointing and clicking the mouse.<br>Press the <b>space bar</b> when you're ready to continue.<br><br>","","","","","","tom-grid","","","-20","-95","F4","assertive"
"html-keyboard-response","178","538059","0.0-11.0-0.1","null","<span style=""font-size:40px;"">+</span>","null","","","","","","","","","","",""
"html-keyboard-response","179","544567","0.0-11.0-1.1","","","","","","","","","","","","","",""
"image-keyboard-response","180","545069","0.0-11.0-2.1","null","stimuli/noise_texture.png","null","","","","","","","","","","",""
"html-custom-grid-response","181","548332","0.0-11.0-3.1","2942.099999964237","Please locate the emotion in an appropriate spot in the grid by pointing and clicking the mouse.<br>Press the <b>space bar</b> when you're ready to continue.<br><br>","","","","","","tom-grid","","","-34","-43","M6","perplexed"
"html-keyboard-response","182","549335","0.0-11.0-0.2","null","<span style=""font-size:40px;"">+</span>","null","","","","","","","","","","",""
"html-keyboard-response","183","553903","0.0-11.0-1.2","","","","","","","","","","","","","",""
"image-keyboard-response","184","554403","0.0-11.0-2.2","null","stimuli/noise_texture.png","null","","","","","","","","","","",""
"html-custom-grid-response","185","557382","0.0-11.0-3.2","2529.300000011921","Please locate the emotion in an appropriate spot in the grid by pointing and clicking the mouse.<br>Press the <b>space bar</b> when you're ready to continue.<br><br>","","","","","","tom-grid","","","12","-82","M5","interested"
"html-keyboard-response","186","558386","0.0-11.0-0.3","null","<span style=""font-size:40px;"">+</span>","null","","","","","","","","","","",""
"html-keyboard-response","187","563144","0.0-11.0-1.3","","","","","","","","","","","","","",""
"image-keyboard-response","188","563645","0.0-11.0-2.3","null","stimuli/noise_texture.png","null","","","","","","","","","","",""
"html-custom-grid-response","189","566704","0.0-11.0-3.3","2655.300000011921","Please locate the emotion in an appropriate spot in the grid by pointing and clicking the mouse.<br>Press the <b>space bar</b> when you're ready to continue.<br><br>","","","","","","tom-grid","","","85","49","M5","eager"
"html-keyboard-response","190","567708","0.0-11.0-0.4","null","<span style=""font-size:40px;"">+</span>","null","","","","","","","","","","",""
"html-keyboard-response","191","572292","0.0-11.0-1.4","","","","","","","","","","","","","",""
"image-keyboard-response","192","572794","0.0-11.0-2.4","null","stimuli/noise_texture.png","null","","","","","","","","","","",""
"html-custom-grid-response","193","577005","0.0-11.0-3.4","3726","Please locate the emotion in an appropriate spot in the grid by pointing and clicking the mouse.<br>Press the <b>space bar</b> when you're ready to continue.<br><br>","","","","","","tom-grid","","","-78","-41","F7","threatening"
"html-keyboard-response","194","578008","0.0-11.0-0.5","null","<span style=""font-size:40px;"">+</span>","null","","","","","","","","","","",""
"html-keyboard-response","195","582665","0.0-11.0-1.5","","","","","","","","","","","","","",""
"image-keyboard-response","196","583166","0.0-11.0-2.5","null","stimuli/noise_texture.png","null","","","","","","","","","","",""
"html-custom-grid-response","197","587153","0.0-11.0-3.5","3582.099999964237","Please locate the emotion in an appropriate spot in the grid by pointing and clicking the mouse.<br>Press the <b>space bar</b> when you're ready to continue.<br><br>","","","","","","tom-grid","","","37","-45","M1","sarcastic"
"html-keyboard-response","198","588156","0.0-11.0-0.6","null","<span style=""font-size:40px;"">+</span>","null","","","","","","","","","","",""
"html-keyboard-response","199","592735","0.0-11.0-1.6","","","","","","","","","","","","","",""
"image-keyboard-response","200","593237","0.0-11.0-2.6","null","stimuli/noise_texture.png","null","","","","","","","","","","",""
"html-custom-grid-response","201","596709","0.0-11.0-3.6","3233.800000011921","Please locate the emotion in an appropriate spot in the grid by pointing and clicking the mouse.<br>Press the <b>space bar</b> when you're ready to continue.<br><br>","","","","","","tom-grid","","","-81","-25","M5","guilty"
"html-keyboard-response","202","597712","0.0-11.0-0.7","null","<span style=""font-size:40px;"">+</span>","null","","","","","","","","","","",""
"html-keyboard-response","203","602605","0.0-11.0-1.7","","","","","","","","","","","","","",""
"image-keyboard-response","204","603106","0.0-11.0-2.7","null","stimuli/noise_texture.png","null","","","","","","","","","","",""
"html-custom-grid-response","205","607428","0.0-11.0-3.7","3972.599999964237","Please locate the emotion in an appropriate spot in the grid by pointing and clicking the mouse.<br>Press the <b>space bar</b> when you're ready to continue.<br><br>","","","","","","tom-grid","","","-24","-139","M6","indifferent"
"html-keyboard-response","206","608431","0.0-11.0-0.8","null","<span style=""font-size:40px;"">+</span>","null","","","","","","","","","","",""
"html-keyboard-response","207","612990","0.0-11.0-1.8","","","","","","","","","","","","","",""
"image-keyboard-response","208","613493","0.0-11.0-2.8","null","stimuli/noise_texture.png","null","","","","","","","","","","",""
"html-custom-grid-response","209","617473","0.0-11.0-3.8","3727.5","Please locate the emotion in an appropriate spot in the grid by pointing and clicking the mouse.<br>Press the <b>space bar</b> when you're ready to continue.<br><br>","","","","","","tom-grid","","","-62","-115","F8","jealous"
"html-keyboard-response","210","618477","0.0-11.0-0.9","null","<span style=""font-size:40px;"">+</span>","null","","","","","","","","","","",""
"html-keyboard-response","211","623806","0.0-11.0-1.9","","","","","","","","","","","","","",""
"image-keyboard-response","212","624308","0.0-11.0-2.9","null","stimuli/noise_texture.png","null","","","","","","","","","","",""
"html-custom-grid-response","213","627762","0.0-11.0-3.9","3128.399999976158","Please locate the emotion in an appropriate spot in the grid by pointing and clicking the mouse.<br>Press the <b>space bar</b> when you're ready to continue.<br><br>","","","","","","tom-grid","","","-62","-116","M6","despondent"
"html-keyboard-response","214","628765","0.0-11.0-0.10","null","<span style=""font-size:40px;"">+</span>","null","","","","","","","","","","",""
"html-keyboard-response","215","633362","0.0-11.0-1.10","","","","","","","","","","","","","",""
"image-keyboard-response","216","633864","0.0-11.0-2.10","null","stimuli/noise_texture.png","null","","","","","","","","","","",""
"html-custom-grid-response","217","636700","0.0-11.0-3.10","2541.600000023842","Please locate the emotion in an appropriate spot in the grid by pointing and clicking the mouse.<br>Press the <b>space bar</b> when you're ready to continue.<br><br>","","","","","","tom-grid","","","-83","-36","F6","puzzled"
"html-keyboard-response","218","637703","0.0-11.0-0.11","null","<span style=""font-size:40px;"">+</span>","null","","","","","","","","","","",""
"html-keyboard-response","219","642309","0.0-11.0-1.11","","","","","","","","","","","","","",""
"image-keyboard-response","220","642811","0.0-11.0-2.11","null","stimuli/noise_texture.png","null","","","","","","","","","","",""
"html-custom-grid-response","221","645821","0.0-11.0-3.11","2112.199999988079","Please locate the emotion in an appropriate spot in the grid by pointing and clicking the mouse.<br>Press the <b>space bar</b> when you're ready to continue.<br><br>","","","","","","tom-grid","","","-31","-86","M3","apologetic"
"html-keyboard-response","222","646823","0.0-11.0-0.12","null","<span style=""font-size:40px;"">+</span>","null","","","","","","","","","","",""
"html-keyboard-response","223","651377","0.0-11.0-1.12","","","","","","","","","","","","","",""
"image-keyboard-response","224","651879","0.0-11.0-2.12","null","stimuli/noise_texture.png","null","","","","","","","","","","",""
"html-custom-grid-response","225","655279","0.0-11.0-3.12","3104.600000023842","Please locate the emotion in an appropriate spot in the grid by pointing and clicking the mouse.<br>Press the <b>space bar</b> when you're ready to continue.<br><br>","","","","","","tom-grid","","","-68","-93","F5","thoughtful"
"html-keyboard-response","226","656282","0.0-11.0-0.13","null","<span style=""font-size:40px;"">+</span>","null","","","","","","","","","","",""
"html-keyboard-response","227","660720","0.0-11.0-1.13","","","","","","","","","","","","","",""
"image-keyboard-response","228","661222","0.0-11.0-2.13","null","stimuli/noise_texture.png","null","","","","","","","","","","",""
"html-custom-grid-response","229","665983","0.0-11.0-3.13","3692.100000023842","Please locate the emotion in an appropriate spot in the grid by pointing and clicking the mouse.<br>Press the <b>space bar</b> when you're ready to continue.<br><br>","","","","","","tom-grid","","","-107","47","M1","upset"
"html-keyboard-response","230","666986","0.0-11.0-0.14","null","<span style=""font-size:40px;"">+</span>","null","","","","","","","","","","",""
"html-keyboard-response","231","671744","0.0-11.0-1.14","","","","","","","","","","","","","",""
"image-keyboard-response","232","672246","0.0-11.0-2.14","null","stimuli/noise_texture.png","null","","","","","","","","","","",""
"html-custom-grid-response","233","676243","0.0-11.0-3.14","3701.800000011921","Please locate the emotion in an appropriate spot in the grid by pointing and clicking the mouse.<br>Press the <b>space bar</b> when you're ready to continue.<br><br>","","","","","","tom-grid","","","-68","-70","M2","insulting"
"html-keyboard-response","234","677245","0.0-11.0-0.15","null","<span style=""font-size:40px;"">+</span>","null","","","","","","","","","","",""
"html-keyboard-response","235","681787","0.0-11.0-1.15","","","","","","","","","","","","","",""
"image-keyboard-response","236","682290","0.0-11.0-2.15","null","stimuli/noise_texture.png","null","","","","","","","","","","",""
"html-custom-grid-response","237","685780","0.0-11.0-3.15","2973.100000023842","Please locate the emotion in an appropriate spot in the grid by pointing and clicking the mouse.<br>Press the <b>space bar</b> when you're ready to continue.<br><br>","","","","","","tom-grid","","","-10","-36","F3","indecisive"
"html-keyboard-response","238","686784","0.0-11.0-0.16","null","<span style=""font-size:40px;"">+</span>","null","","","","","","","","","","",""
"html-keyboard-response","239","691030","0.0-11.0-1.16","","","","","","","","","","","","","",""
"image-keyboard-response","240","691531","0.0-11.0-2.16","null","stimuli/noise_texture.png","null","","","","","","","","","","",""
"html-custom-grid-response","241","696878","0.0-11.0-3.16","3399","Please locate the emotion in an appropriate spot in the grid by pointing and clicking the mouse.<br>Press the <b>space bar</b> when you're ready to continue.<br><br>","","","","","","tom-grid","","","-120","94","M1","horrified"
"html-keyboard-response","242","697880","0.0-11.0-0.17","null","<span style=""font-size:40px;"">+</span>","null","","","","","","","","","","",""
"html-keyboard-response","243","702772","0.0-11.0-1.17","","","","","","","","","","","","","",""
"image-keyboard-response","244","703274","0.0-11.0-2.17","null","stimuli/noise_texture.png","null","","","","","","","","","","",""
"html-custom-grid-response","245","705846","0.0-11.0-3.17","2008.1000000238419","Please locate the emotion in an appropriate spot in the grid by pointing and clicking the mouse.<br>Press the <b>space bar</b> when you're ready to continue.<br><br>","","","","","","tom-grid","","","-89","-87","M3","resentful"
"html-keyboard-response","246","706849","0.0-11.0-0.18","null","<span style=""font-size:40px;"">+</span>","null","","","","","","","","","","",""
"html-keyboard-response","247","711068","0.0-11.0-1.18","","","","","","","","","","","","","",""
"image-keyboard-response","248","711570","0.0-11.0-2.18","null","stimuli/noise_texture.png","null","","","","","","","","","","",""
"html-custom-grid-response","249","715362","0.0-11.0-3.18","3392.699999988079","Please locate the emotion in an appropriate spot in the grid by pointing and clicking the mouse.<br>Press the <b>space bar</b> when you're ready to continue.<br><br>","","","","","","tom-grid","","","31","-116","F3","fascinated"
"html-keyboard-response","250","716365","0.0-11.0-0.19","null","<span style=""font-size:40px;"">+</span>","null","","","","","","","","","","",""
"html-keyboard-response","251","720836","0.0-11.0-1.19","","","","","","","","","","","","","",""
"image-keyboard-response","252","721339","0.0-11.0-2.19","null","stimuli/noise_texture.png","null","","","","","","","","","","",""
"html-custom-grid-response","253","724459","0.0-11.0-3.19","2498.300000011921","Please locate the emotion in an appropriate spot in the grid by pointing and clicking the mouse.<br>Press the <b>space bar</b> when you're ready to continue.<br><br>","","","","","","tom-grid","","","-43","-58","M4","baffled"
"html-keyboard-response","254","725463","0.0-11.0-0.20","null","<span style=""font-size:40px;"">+</span>","null","","","","","","","","","","",""
"html-keyboard-response","255","729878","0.0-11.0-1.20","","","","","","","","","","","","","",""
"image-keyboard-response","256","730378","0.0-11.0-2.20","null","stimuli/noise_texture.png","null","","","","","","","","","","",""
"html-custom-grid-response","257","735696","0.0-11.0-3.20","4929.399999976158","Please locate the emotion in an appropriate spot in the grid by pointing and clicking the mouse.<br>Press the <b>space bar</b> when you're ready to continue.<br><br>","","","","","","tom-grid","","","6","-67","M2","thoughtful"
"html-keyboard-response","258","736699","0.0-11.0-0.21","null","<span style=""font-size:40px;"">+</span>","null","","","","","","","","","","",""
"html-keyboard-response","259","741408","0.0-11.0-1.21","","","","","","","","","","","","","",""
"image-keyboard-response","260","741909","0.0-11.0-2.21","null","stimuli/noise_texture.png","null","","","","","","","","","","",""
"html-custom-grid-response","261","746608","0.0-11.0-3.21","2728.5","Please locate the emotion in an appropriate spot in the grid by pointing and clicking the mouse.<br>Press the <b>space bar</b> when you're ready to continue.<br><br>","","","","","","tom-grid","","","-89","13","F2","nervous"
"html-button-response","262","767487","0.0-12.0","20876.80000001192","You have completed the first part of the experiment.<br> Please take a five-minute break before moving on to the next trial.<p> Feel free to walk around the room and stretch. However, please make sure to return to the task<br> within 5 minutes, as extended delays may result in automatic withdrawal from the study.<br>Press <b>Continue</b> to proceed with the experiment.<p><span id=""clock"">5:00</span>","0","","","","","","","","","","",""
"html-keyboard-response","263","768488","0.0-13.0-0.0","null","<span style=""font-size:40px;"">+</span>","null","","","","","","","","","","",""
"html-keyboard-response","264","773161","0.0-13.0-1.0","","","","","","","","","","","","","",""
"image-keyboard-response","265","773664","0.0-13.0-2.0","null","stimuli/noise_texture.png","null","","","","","","","","","","",""
"html-custom-grid-response","266","777650","0.0-13.0-3.0","3434.399999976158","Please locate the emotion in an appropriate spot in the grid by pointing and clicking the mouse.<br>Press the <b>space bar</b> when you're ready to continue.<br><br>","","","","","","tom-grid","","","88","109","F2","fantasizing"
"html-keyboard-response","267","778653","0.0-13.0-0.1","null","<span style=""font-size:40px;"">+</span>","null","","","","","","","","","","",""
"html-keyboard-response","268","782904","0.0-13.0-1.1","","","","","","","","","","","","","",""
"image-keyboard-response","269","783406","0.0-13.0-2.1","null","stimuli/noise_texture.png","null","","","","","","","","","","",""
"html-custom-grid-response","270","787070","0.0-13.0-3.1","3154.699999988079","Please locate the emotion in an appropriate spot in the grid by pointing and clicking the mouse.<br>Press the <b>space bar</b> when you're ready to continue.<br><br>","","","","","","tom-grid","","","-68","-27","M2","alarmed"
"html-keyboard-response","271","788072","0.0-13.0-0.2","null","<span style=""font-size:40px;"">+</span>","null","","","","","","","","","","",""
"html-keyboard-response","272","792851","0.0-13.0-1.2","","","","","","","","","","","","","",""
"image-keyboard-response","273","793352","0.0-13.0-2.2","null","stimuli/noise_texture.png","null","","","","","","","","","","",""
"html-custom-grid-response","274","801303","0.0-13.0-3.2","7159","Please locate the emotion in an appropriate spot in the grid by pointing and clicking the mouse.<br>Press the <b>space bar</b> when you're ready to continue.<br><br>","","","","","","tom-grid","","","49","-70","M4","fantasizing"
"html-keyboard-response","275","802307","0.0-13.0-0.3","null","<span style=""font-size:40px;"">+</span>","null","","","","","","","","","","",""
"html-keyboard-response","276","807265","0.0-13.0-1.3","","","","","","","","","","","","","",""
"image-keyboard-response","277","807768","0.0-13.0-2.3","null","stimuli/noise_texture.png","null","","","","","","","","","","",""
"html-custom-grid-response","278","813799","0.0-13.0-3.3","5521.399999976158","Please locate the emotion in an appropriate spot in the grid by pointing and clicking the mouse.<br>Press the <b>space bar</b> when you're ready to continue.<br><br>","","","","","","tom-grid","","","-112","70","F7","anxious"
"html-keyboard-response","279","814802","0.0-13.0-0.4","null","<span style=""font-size:40px;"">+</span>","null","","","","","","","","","","",""
"html-keyboard-response","280","819422","0.0-13.0-1.4","","","","","","","","","","","","","",""
"image-keyboard-response","281","819923","0.0-13.0-2.4","null","stimuli/noise_texture.png","null","","","","","","","","","","",""
"html-custom-grid-response","282","824119","0.0-13.0-3.4","3515.100000023842","Please locate the emotion in an appropriate spot in the grid by pointing and clicking the mouse.<br>Press the <b>space bar</b> when you're ready to continue.<br><br>","","","","","","tom-grid","","","77","77","F2","playful"
"html-keyboard-response","283","825122","0.0-13.0-0.5","null","<span style=""font-size:40px;"">+</span>","null","","","","","","","","","","",""
"html-keyboard-response","284","830030","0.0-13.0-1.5","","","","","","","","","","","","","",""
"image-keyboard-response","285","830532","0.0-13.0-2.5","null","stimuli/noise_texture.png","null","","","","","","","","","","",""
"html-custom-grid-response","286","835476","0.0-13.0-3.5","4407.300000011921","Please locate the emotion in an appropriate spot in the grid by pointing and clicking the mouse.<br>Press the <b>space bar</b> when you're ready to continue.<br><br>","","","","","","tom-grid","","","-93","-25","F6","hostile"
"html-keyboard-response","287","836479","0.0-13.0-0.6","null","<span style=""font-size:40px;"">+</span>","null","","","","","","","","","","",""
"html-keyboard-response","288","841148","0.0-13.0-1.6","","","","","","","","","","","","","",""
"image-keyboard-response","289","841649","0.0-13.0-2.6","null","stimuli/noise_texture.png","null","","","","","","","","","","",""
"html-custom-grid-response","290","846766","0.0-13.0-3.6","3955.400000035763","Please locate the emotion in an appropriate spot in the grid by pointing and clicking the mouse.<br>Press the <b>space bar</b> when you're ready to continue.<br><br>","","","","","","tom-grid","","","-59","-106","F2","baffled"
"html-keyboard-response","291","847767","0.0-13.0-0.7","null","<span style=""font-size:40px;"">+</span>","null","","","","","","","","","","",""
"html-keyboard-response","292","852769","0.0-13.0-1.7","","","","","","","","","","","","","",""
"image-keyboard-response","293","853271","0.0-13.0-2.7","null","stimuli/noise_texture.png","null","","","","","","","","","","",""
"html-custom-grid-response","294","857850","0.0-13.0-3.7","3937.699999988079","Please locate the emotion in an appropriate spot in the grid by pointing and clicking the mouse.<br>Press the <b>space bar</b> when you're ready to continue.<br><br>","","","","","","tom-grid","","","-15","-126","F8","decisive"
"html-keyboard-response","295","858853","0.0-13.0-0.8","null","<span style=""font-size:40px;"">+</span>","null","","","","","","","","","","",""
"html-keyboard-response","296","863347","0.0-13.0-1.8","","","","","","","","","","","","","",""
"image-keyboard-response","297","863849","0.0-13.0-2.8","null","stimuli/noise_texture.png","null","","","","","","","","","","",""
"html-custom-grid-response","298","867097","0.0-13.0-3.8","2533.399999976158","Please locate the emotion in an appropriate spot in the grid by pointing and clicking the mouse.<br>Press the <b>space bar</b> when you're ready to continue.<br><br>","","","","","","tom-grid","","","-3","-129","F2","reflective"
"html-keyboard-response","299","868100","0.0-13.0-0.9","null","<span style=""font-size:40px;"">+</span>","null","","","","","","","","","","",""
"html-keyboard-response","300","872658","0.0-13.0-1.9","","","","","","","","","","","","","",""
"image-keyboard-response","301","873160","0.0-13.0-2.9","null","stimuli/noise_texture.png","null","","","","","","","","","","",""
"html-custom-grid-response","302","878257","0.0-13.0-3.9","4771.5","Please locate the emotion in an appropriate spot in the grid by pointing and clicking the mouse.<br>Press the <b>space bar</b> when you're ready to continue.<br><br>","","","","","","tom-grid","","","-74","-70","F7","concerned"
"html-keyboard-response","303","879261","0.0-13.0-0.10","null","<span style=""font-size:40px;"">+</span>","null","","","","","","","","","","",""
"html-keyboard-response","304","883418","0.0-13.0-1.10","","","","","","","","","","","","","",""
"image-keyboard-response","305","883919","0.0-13.0-2.10","null","stimuli/noise_texture.png","null","","","","","","","","","","",""
"html-custom-grid-response","306","887999","0.0-13.0-3.10","3538.300000011921","Please locate the emotion in an appropriate spot in the grid by pointing and clicking the mouse.<br>Press the <b>space bar</b> when you're ready to continue.<br><br>","","","","","","tom-grid","","","-104","-93","F3","ashamed"
"html-keyboard-response","307","889002","0.0-13.0-0.11","null","<span style=""font-size:40px;"">+</span>","null","","","","","","","","","","",""
"html-keyboard-response","308","893562","0.0-13.0-1.11","","","","","","","","","","","","","",""
"image-keyboard-response","309","894065","0.0-13.0-2.11","null","stimuli/noise_texture.png","null","","","","","","","","","","",""
"html-custom-grid-response","310","898376","0.0-13.0-3.11","3769.300000011921","Please locate the emotion in an appropriate spot in the grid by pointing and clicking the mouse.<br>Press the <b>space bar</b> when you're ready to continue.<br><br>","","","","","","tom-grid","","","51","-40","F4","affectionate"
"html-keyboard-response","311","899379","0.0-13.0-0.12","null","<span style=""font-size:40px;"">+</span>","null","","","","","","","","","","",""
"html-keyboard-response","312","904435","0.0-13.0-1.12","","","","","","","","","","","","","",""
"image-keyboard-response","313","904938","0.0-13.0-2.12","null","stimuli/noise_texture.png","null","","","","","","","","","","",""
"html-custom-grid-response","314","909461","0.0-13.0-3.12","3964.600000023842","Please locate the emotion in an appropriate spot in the grid by pointing and clicking the mouse.<br>Press the <b>space bar</b> when you're ready to continue.<br><br>","","","","","","tom-grid","","","24","-84","F2","hopeful"
"html-keyboard-response","315","910465","0.0-13.0-0.13","null","<span style=""font-size:40px;"">+</span>","null","","","","","","","","","","",""
"html-keyboard-response","316","914788","0.0-13.0-1.13","","","","","","","","","","","","","",""
"image-keyboard-response","317","915289","0.0-13.0-2.13","null","stimuli/noise_texture.png","null","","","","","","","","","","",""
"html-custom-grid-response","318","920805","0.0-13.0-3.13","4300.199999988079","Please locate the emotion in an appropriate spot in the grid by pointing and clicking the mouse.<br>Press the <b>space bar</b> when you're ready to continue.<br><br>","","","","","","tom-grid","","","-117","27","M3","threatening"
"html-keyboard-response","319","921807","0.0-13.0-0.14","null","<span style=""font-size:40px;"">+</span>","null","","","","","","","","","","",""
"html-keyboard-response","320","926242","0.0-13.0-1.14","","","","","","","","","","","","","",""
"image-keyboard-response","321","926744","0.0-13.0-2.14","null","stimuli/noise_texture.png","null","","","","","","","","","","",""
"html-custom-grid-response","322","932822","0.0-13.0-3.14","5162.800000011921","Please locate the emotion in an appropriate spot in the grid by pointing and clicking the mouse.<br>Press the <b>space bar</b> when you're ready to continue.<br><br>","","","","","","tom-grid","","","-112","-33","M5","embarrassed"
"html-keyboard-response","323","933825","0.0-13.0-0.15","null","<span style=""font-size:40px;"">+</span>","null","","","","","","","","","","",""
"html-keyboard-response","324","941321","0.0-13.0-1.15","","","","","","","","","","","","","",""
"image-keyboard-response","325","941823","0.0-13.0-2.15","null","stimuli/noise_texture.png","null","","","","","","","","","","",""
"html-custom-grid-response","326","946720","0.0-13.0-3.15","4050.300000011921","Please locate the emotion in an appropriate spot in the grid by pointing and clicking the mouse.<br>Press the <b>space bar</b> when you're ready to continue.<br><br>","","","","","","tom-grid","","","-3","-113","F3","pensive"
"html-keyboard-response","327","947723","0.0-13.0-0.16","null","<span style=""font-size:40px;"">+</span>","null","","","","","","","","","","",""
"html-keyboard-response","328","952153","0.0-13.0-1.16","","","","","","","","","","","","","",""
"image-keyboard-response","329","952655","0.0-13.0-2.16","null","stimuli/noise_texture.png","null","","","","","","","","","","",""
"html-custom-grid-response","330","956990","0.0-13.0-3.16","3839.400000035763","Please locate the emotion in an appropriate spot in the grid by pointing and clicking the mouse.<br>Press the <b>space bar</b> when you're ready to continue.<br><br>","","","","","","tom-grid","","","-40","-95","F3","depressed"
"html-keyboard-response","331","957993","0.0-13.0-0.17","null","<span style=""font-size:40px;"">+</span>","null","","","","","","","","","","",""
"html-keyboard-response","332","962813","0.0-13.0-1.17","","","","","","","","","","","","","",""
"image-keyboard-response","333","963315","0.0-13.0-2.17","null","stimuli/noise_texture.png","null","","","","","","","","","","",""
"html-custom-grid-response","334","966191","0.0-13.0-3.17","2366.800000011921","Please locate the emotion in an appropriate spot in the grid by pointing and clicking the mouse.<br>Press the <b>space bar</b> when you're ready to continue.<br><br>","","","","","","tom-grid","","","-68","-61","M2","regretful"
"html-keyboard-response","335","967193","0.0-13.0-0.18","null","<span style=""font-size:40px;"">+</span>","null","","","","","","","","","","",""
"html-keyboard-response","336","971820","0.0-13.0-1.18","","","","","","","","","","","","","",""
"image-keyboard-response","337","972321","0.0-13.0-2.18","null","stimuli/noise_texture.png","null","","","","","","","","","","",""
"html-custom-grid-response","338","975183","0.0-13.0-3.18","1773.1000000238419","Please locate the emotion in an appropriate spot in the grid by pointing and clicking the mouse.<br>Press the <b>space bar</b> when you're ready to continue.<br><br>","","","","","","tom-grid","","","-70","-9","F3","incredulous"
"html-keyboard-response","339","976185","0.0-13.0-0.19","null","<span style=""font-size:40px;"">+</span>","null","","","","","","","","","","",""
"html-keyboard-response","340","980971","0.0-13.0-1.19","","","","","","","","","","","","","",""
"image-keyboard-response","341","981473","0.0-13.0-2.19","null","stimuli/noise_texture.png","null","","","","","","","","","","",""
"html-custom-grid-response","342","985029","0.0-13.0-3.19","3149.5","Please locate the emotion in an appropriate spot in the grid by pointing and clicking the mouse.<br>Press the <b>space bar</b> when you're ready to continue.<br><br>","","","","","","tom-grid","","","86","44","M5","enthused"
"html-keyboard-response","343","986032","0.0-13.0-0.20","null","<span style=""font-size:40px;"">+</span>","null","","","","","","","","","","",""
"html-keyboard-response","344","990982","0.0-13.0-1.20","","","","","","","","","","","","","",""
"image-keyboard-response","345","991485","0.0-13.0-2.20","null","stimuli/noise_texture.png","null","","","","","","","","","","",""
"html-custom-grid-response","346","995101","0.0-13.0-3.20","2946.099999964237","Please locate the emotion in an appropriate spot in the grid by pointing and clicking the mouse.<br>Press the <b>space bar</b> when you're ready to continue.<br><br>","","","","","","tom-grid","","","-71","-92","M3","accusing"
"html-keyboard-response","347","996104","0.0-13.0-0.21","null","<span style=""font-size:40px;"">+</span>","null","","","","","","","","","","",""
"html-keyboard-response","348","1006018","0.0-13.0-1.21","","","","","","","","","","","","","",""
"image-keyboard-response","349","1006520","0.0-13.0-2.21","null","stimuli/noise_texture.png","null","","","","","","","","","","",""
"html-custom-grid-response","350","1011122","0.0-13.0-3.21","4115.199999988079","Please locate the emotion in an appropriate spot in the grid by pointing and clicking the mouse.<br>Press the <b>space bar</b> when you're ready to continue.<br><br>","","","","","","tom-grid","","","48","-65","F4","satisfied"
"html-keyboard-response","351","1012125","0.0-13.0-0.22","null","<span style=""font-size:40px;"">+</span>","null","","","","","","","","","","",""
"html-keyboard-response","352","1016489","0.0-13.0-1.22","","","","","","","","","","","","","",""
"image-keyboard-response","353","1016991","0.0-13.0-2.22","null","stimuli/noise_texture.png","null","","","","","","","","","","",""
"html-custom-grid-response","354","1021762","0.0-13.0-3.22","4156","Please locate the emotion in an appropriate spot in the grid by pointing and clicking the mouse.<br>Press the <b>space bar</b> when you're ready to continue.<br><br>","","","","","","tom-grid","","","5","-47","F2","tentative"
"html-keyboard-response","355","1022765","0.0-13.0-0.23","null","<span style=""font-size:40px;"">+</span>","null","","","","","","","","","","",""
"html-keyboard-response","356","1027155","0.0-13.0-1.23","","","","","","","","","","","","","",""
"image-keyboard-response","357","1027657","0.0-13.0-2.23","null","stimuli/noise_texture.png","null","","","","","","","","","","",""
"html-custom-grid-response","358","1031571","0.0-13.0-3.23","3510.099999964237","Please locate the emotion in an appropriate spot in the grid by pointing and clicking the mouse.<br>Press the <b>space bar</b> when you're ready to continue.<br><br>","","","","","","tom-grid","","","-58","-90","M1","pensive"
"html-keyboard-response","359","1032575","0.0-13.0-0.24","null","<span style=""font-size:40px;"">+</span>","null","","","","","","","","","","",""
"html-keyboard-response","360","1037392","0.0-13.0-1.24","","","","","","","","","","","","","",""
"image-keyboard-response","361","1037894","0.0-13.0-2.24","null","stimuli/noise_texture.png","null","","","","","","","","","","",""
"html-custom-grid-response","362","1043268","0.0-13.0-3.24","4740.699999988079","Please locate the emotion in an appropriate spot in the grid by pointing and clicking the mouse.<br>Press the <b>space bar</b> when you're ready to continue.<br><br>","","","","","","tom-grid","","","-17","-56","M6","curious"
"html-keyboard-response","363","1044272","0.0-13.0-0.25","null","<span style=""font-size:40px;"">+</span>","null","","","","","","","","","","",""
"html-keyboard-response","364","1048966","0.0-13.0-1.25","","","","","","","","","","","","","",""
"image-keyboard-response","365","1049468","0.0-13.0-2.25","null","stimuli/noise_texture.png","null","","","","","","","","","","",""
"html-custom-grid-response","366","1055186","0.0-13.0-3.25","5209.599999964237","Please locate the emotion in an appropriate spot in the grid by pointing and clicking the mouse.<br>Press the <b>space bar</b> when you're ready to continue.<br><br>","","","","","","tom-grid","","","50","-62","M2","flirtatious"
"html-keyboard-response","367","1056189","0.0-13.0-0.26","null","<span style=""font-size:40px;"">+</span>","null","","","","","","","","","","",""
"html-keyboard-response","368","1060518","0.0-13.0-1.26","","","","","","","","","","","","","",""
"image-keyboard-response","369","1061020","0.0-13.0-2.26","null","stimuli/noise_texture.png","null","","","","","","","","","","",""
"html-custom-grid-response","370","1065624","0.0-13.0-3.26","3777.599999964237","Please locate the emotion in an appropriate spot in the grid by pointing and clicking the mouse.<br>Press the <b>space bar</b> when you're ready to continue.<br><br>","","","","","","tom-grid","","","26","-45","M1","dominant"
"html-keyboard-response","371","1066627","0.0-13.0-0.27","null","<span style=""font-size:40px;"">+</span>","null","","","","","","","","","","",""
"html-keyboard-response","372","1071349","0.0-13.0-1.27","","","","","","","","","","","","","",""
"image-keyboard-response","373","1071852","0.0-13.0-2.27","null","stimuli/noise_texture.png","null","","","","","","","","","","",""
"html-custom-grid-response","374","1076149","0.0-13.0-3.27","2801.900000035763","Please locate the emotion in an appropriate spot in the grid by pointing and clicking the mouse.<br>Press the <b>space bar</b> when you're ready to continue.<br><br>","","","","","","tom-grid","","","-85","-17","M4","flustered"
"html-keyboard-response","375","1077151","0.0-13.0-0.28","null","<span style=""font-size:40px;"">+</span>","null","","","","","","","","","","",""
"html-keyboard-response","376","1081584","0.0-13.0-1.28","","","","","","","","","","","","","",""
"image-keyboard-response","377","1082086","0.0-13.0-2.28","null","stimuli/noise_texture.png","null","","","","","","","","","","",""
"html-custom-grid-response","378","1086876","0.0-13.0-3.28","4344","Please locate the emotion in an appropriate spot in the grid by pointing and clicking the mouse.<br>Press the <b>space bar</b> when you're ready to continue.<br><br>","","","","","","tom-grid","","","6","-47","F5","skeptical"
"html-keyboard-response","379","1087879","0.0-13.0-0.29","null","<span style=""font-size:40px;"">+</span>","null","","","","","","","","","","",""
"html-keyboard-response","380","1092468","0.0-13.0-1.29","","","","","","","","","","","","","",""
"image-keyboard-response","381","1092971","0.0-13.0-2.29","null","stimuli/noise_texture.png","null","","","","","","","","","","",""
"html-custom-grid-response","382","1096776","0.0-13.0-3.29","3043.300000011921","Please locate the emotion in an appropriate spot in the grid by pointing and clicking the mouse.<br>Press the <b>space bar</b> when you're ready to continue.<br><br>","","","","","","tom-grid","","","-59","-56","M2","stern"
"html-keyboard-response","383","1097779","0.0-14.0-0.0","null","<span style=""font-size:40px;"">+</span>","null","","","","","","","","","","",""
"html-keyboard-response","384","1102158","0.0-14.0-1.0","","","","","","","","","","","","","",""
"image-keyboard-response","385","1102661","0.0-14.0-2.0","null","stimuli/noise_texture.png","null","","","","","","","","","","",""
"html-custom-grid-response-ac","386","1107412","0.0-14.0-3.0","2602.600000023842","If you are paying attention, please click anywhere in the <span style='color: #ff0000;'><strong>top left quadrant</strong></span>.<br>Press the <b>space bar</b> when you're ready to continue.<br><br>","","","","","","attention-check","","","-93","76","M4","concerned"
"html-keyboard-response","387","1108414","0.0-16.0-0.0","null","<span style=""font-size:40px;"">+</span>","null","","","","","","","","","","",""
"html-keyboard-response","388","1112900","0.0-16.0-1.0","","","","","","","","","","","","","",""
"image-keyboard-response","389","1113403","0.0-16.0-2.0","null","stimuli/noise_texture.png","null","","","","","","","","","","",""
"html-custom-grid-response","390","1116192","0.0-16.0-3.0","2408.099999964237","Please locate the emotion in an appropriate spot in the grid by pointing and clicking the mouse.<br>Press the <b>space bar</b> when you're ready to continue.<br><br>","","","","","","tom-grid","","","-62","-72","F4","impatient"
"html-keyboard-response","391","1117195","0.0-16.0-0.1","null","<span style=""font-size:40px;"">+</span>","null","","","","","","","","","","",""
"html-keyboard-response","392","1121927","0.0-16.0-1.1","","","","","","","","","","","","","",""
"image-keyboard-response","393","1122428","0.0-16.0-2.1","null","stimuli/noise_texture.png","null","","","","","","","","","","",""
"html-custom-grid-response","394","1126040","0.0-16.0-3.1","2974.300000011921","Please locate the emotion in an appropriate spot in the grid by pointing and clicking the mouse.<br>Press the <b>space bar</b> when you're ready to continue.<br><br>","","","","","","tom-grid","","","-18","-73","F4","irritated"
"html-keyboard-response","395","1127042","0.0-16.0-0.2","null","<span style=""font-size:40px;"">+</span>","null","","","","","","","","","","",""
"html-keyboard-response","396","1131419","0.0-16.0-1.2","","","","","","","","","","","","","",""
"image-keyboard-response","397","1131922","0.0-16.0-2.2","null","stimuli/noise_texture.png","null","","","","","","","","","","",""
"html-custom-grid-response","398","1134987","0.0-16.0-3.2","2741.300000011921","Please locate the emotion in an appropriate spot in the grid by pointing and clicking the mouse.<br>Press the <b>space bar</b> when you're ready to continue.<br><br>","","","","","","tom-grid","","","-46","-55","F3","preoccupied"
"html-keyboard-response","399","1135990","0.0-16.0-0.3","null","<span style=""font-size:40px;"">+</span>","null","","","","","","","","","","",""
"html-keyboard-response","400","1141275","0.0-16.0-1.3","","","","","","","","","","","","","",""
"image-keyboard-response","401","1141777","0.0-16.0-2.3","null","stimuli/noise_texture.png","null","","","","","","","","","","",""
"html-custom-grid-response","402","1146906","0.0-16.0-3.3","4569.5","Please locate the emotion in an appropriate spot in the grid by pointing and clicking the mouse.<br>Press the <b>space bar</b> when you're ready to continue.<br><br>","","","","","","tom-grid","","","-74","-21","F7","apologetic"
"html-keyboard-response","403","1147910","0.0-16.0-0.4","null","<span style=""font-size:40px;"">+</span>","null","","","","","","","","","","",""
"html-keyboard-response","404","1152118","0.0-16.0-1.4","","","","","","","","","","","","","",""
"image-keyboard-response","405","1152620","0.0-16.0-2.4","null","stimuli/noise_texture.png","null","","","","","","","","","","",""
"html-custom-grid-response","406","1155554","0.0-16.0-3.4","2107.199999988079","Please locate the emotion in an appropriate spot in the grid by pointing and clicking the mouse.<br>Press the <b>space bar</b> when you're ready to continue.<br><br>","","","","","","tom-grid","","","-96","-82","F2","despondent"
"html-keyboard-response","407","1156557","0.0-16.0-0.5","null","<span style=""font-size:40px;"">+</span>","null","","","","","","","","","","",""
"html-keyboard-response","408","1160902","0.0-16.0-1.5","","","","","","","","","","","","","",""
"image-keyboard-response","409","1161403","0.0-16.0-2.5","null","stimuli/noise_texture.png","null","","","","","","","","","","",""
"html-custom-grid-response","410","1164179","0.0-16.0-3.5","2397.800000011921","Please locate the emotion in an appropriate spot in the grid by pointing and clicking the mouse.<br>Press the <b>space bar</b> when you're ready to continue.<br><br>","","","","","","tom-grid","","","-26","-77","M1","deciding"
"html-keyboard-response","411","1165181","0.0-16.0-0.6","null","<span style=""font-size:40px;"">+</span>","null","","","","","","","","","","",""
"html-keyboard-response","412","1169958","0.0-16.0-1.6","","","","","","","","","","","","","",""
"image-keyboard-response","413","1170460","0.0-16.0-2.6","null","stimuli/noise_texture.png","null","","","","","","","","","","",""
"html-custom-grid-response","414","1176370","0.0-16.0-3.6","5276.899999976158","Please locate the emotion in an appropriate spot in the grid by pointing and clicking the mouse.<br>Press the <b>space bar</b> when you're ready to continue.<br><br>","","","","","","tom-grid","","","48","-19","M5","contented"
"html-keyboard-response","415","1177372","0.0-16.0-0.7","null","<span style=""font-size:40px;"">+</span>","null","","","","","","","","","","",""
"html-keyboard-response","416","1182163","0.0-16.0-1.7","","","","","","","","","","","","","",""
"image-keyboard-response","417","1182664","0.0-16.0-2.7","null","stimuli/noise_texture.png","null","","","","","","","","","","",""
"html-custom-grid-response","418","1198240","0.0-16.0-3.7","1919.699999988079","Please locate the emotion in an appropriate spot in the grid by pointing and clicking the mouse.<br>Press the <b>space bar</b> when you're ready to continue.<br><br>","","","","","","tom-grid","","","46","-70","M5","comforting"
"html-keyboard-response","419","1199243","0.0-16.0-0.8","null","<span style=""font-size:40px;"">+</span>","null","","","","","","","","","","",""
"html-keyboard-response","420","1203887","0.0-16.0-1.8","","","","","","","","","","","","","",""
"image-keyboard-response","421","1204389","0.0-16.0-2.8","null","stimuli/noise_texture.png","null","","","","","","","","","","",""
"html-custom-grid-response","422","1208474","0.0-16.0-3.8","3444.300000011921","Please locate the emotion in an appropriate spot in the grid by pointing and clicking the mouse.<br>Press the <b>space bar</b> when you're ready to continue.<br><br>","","","","","","tom-grid","","","-64","-44","F5","worried"
"html-keyboard-response","423","1209477","0.0-16.0-0.9","null","<span style=""font-size:40px;"">+</span>","null","","","","","","","","","","",""
"html-keyboard-response","424","1213917","0.0-16.0-1.9","","","","","","","","","","","","","",""
"image-keyboard-response","425","1214419","0.0-16.0-2.9","null","stimuli/noise_texture.png","null","","","","","","","","","","",""
"html-custom-grid-response","426","1217981","0.0-16.0-3.9","3137.800000011921","Please locate the emotion in an appropriate spot in the grid by pointing and clicking the mouse.<br>Press the <b>space bar</b> when you're ready to continue.<br><br>","","","","","","tom-grid","","","62","11","M3","grateful"
"html-keyboard-response","427","1218984","0.0-16.0-0.10","null","<span style=""font-size:40px;"">+</span>","null","","","","","","","","","","",""
"html-keyboard-response","428","1223653","0.0-16.0-1.10","","","","","","","","","","","","","",""
"image-keyboard-response","429","1224155","0.0-16.0-2.10","null","stimuli/noise_texture.png","null","","","","","","","","","","",""
"html-custom-grid-response","430","1227182","0.0-16.0-3.10","2733.099999964237","Please locate the emotion in an appropriate spot in the grid by pointing and clicking the mouse.<br>Press the <b>space bar</b> when you're ready to continue.<br><br>","","","","","","tom-grid","","","-67","-64","F5","disappointed"
"html-keyboard-response","431","1228185","0.0-16.0-0.11","null","<span style=""font-size:40px;"">+</span>","null","","","","","","","","","","",""
"html-keyboard-response","432","1233027","0.0-16.0-1.11","","","","","","","","","","","","","",""
"image-keyboard-response","433","1233528","0.0-16.0-2.11","null","stimuli/noise_texture.png","null","","","","","","","","","","",""
"html-custom-grid-response","434","1238189","0.0-16.0-3.11","4379.600000023842","Please locate the emotion in an appropriate spot in the grid by pointing and clicking the mouse.<br>Press the <b>space bar</b> when you're ready to continue.<br><br>","","","","","","tom-grid","","","-54","-23","M5","hostile"
"html-keyboard-response","435","1239192","0.0-16.0-0.12","null","<span style=""font-size:40px;"">+</span>","null","","","","","","","","","","",""
"html-keyboard-response","436","1243979","0.0-16.0-1.12","","","","","","","","","","","","","",""
"image-keyboard-response","437","1244481","0.0-16.0-2.12","null","stimuli/noise_texture.png","null","","","","","","","","","","",""
"html-custom-grid-response","438","1247459","0.0-16.0-3.12","2653.900000035763","Please locate the emotion in an appropriate spot in the grid by pointing and clicking the mouse.<br>Press the <b>space bar</b> when you're ready to continue.<br><br>","","","","","","tom-grid","","","90","14","M2","encouraging"
"html-keyboard-response","439","1248462","0.0-16.0-0.13","null","<span style=""font-size:40px;"">+</span>","null","","","","","","","","","","",""
"html-keyboard-response","440","1253263","0.0-16.0-1.13","","","","","","","","","","","","","",""
"image-keyboard-response","441","1253764","0.0-16.0-2.13","null","stimuli/noise_texture.png","null","","","","","","","","","","",""
"html-custom-grid-response","442","1258597","0.0-16.0-3.13","4419.099999964237","Please locate the emotion in an appropriate spot in the grid by pointing and clicking the mouse.<br>Press the <b>space bar</b> when you're ready to continue.<br><br>","","","","","","tom-grid","","","88","31","F8","friendly"
"html-keyboard-response","443","1259600","0.0-16.0-0.14","null","<span style=""font-size:40px;"">+</span>","null","","","","","","","","","","",""
"html-keyboard-response","444","1264346","0.0-16.0-1.14","","","","","","","","","","","","","",""
"image-keyboard-response","445","1264849","0.0-16.0-2.14","null","stimuli/noise_texture.png","null","","","","","","","","","","",""
"html-custom-grid-response","446","1268513","0.0-16.0-3.14","3329.100000023842","Please locate the emotion in an appropriate spot in the grid by pointing and clicking the mouse.<br>Press the <b>space bar</b> when you're ready to continue.<br><br>","","","","","","tom-grid","","","-95","-101","F6","guilty"
"html-keyboard-response","447","1269517","0.0-16.0-0.15","null","<span style=""font-size:40px;"">+</span>","null","","","","","","","","","","",""
"html-keyboard-response","448","1273679","0.0-16.0-1.15","","","","","","","","","","","","","",""
"image-keyboard-response","449","1274182","0.0-16.0-2.15","null","stimuli/noise_texture.png","null","","","","","","","","","","",""
"html-custom-grid-response","450","1278389","0.0-16.0-3.15","3724.7000000476837","Please locate the emotion in an appropriate spot in the grid by pointing and clicking the mouse.<br>Press the <b>space bar</b> when you're ready to continue.<br><br>","","","","","","tom-grid","","","42","35","M2","joking"
"html-keyboard-response","451","1279392","0.0-16.0-0.16","null","<span style=""font-size:40px;"">+</span>","null","","","","","","","","","","",""
"html-keyboard-response","452","1283861","0.0-16.0-1.16","","","","","","","","","","","","","",""
"image-keyboard-response","453","1284363","0.0-16.0-2.16","null","stimuli/noise_texture.png","null","","","","","","","","","","",""
"html-custom-grid-response","454","1287506","0.0-16.0-3.16","2787.100000023842","Please locate the emotion in an appropriate spot in the grid by pointing and clicking the mouse.<br>Press the <b>space bar</b> when you're ready to continue.<br><br>","","","","","","tom-grid","","","-15","-83","M5","preoccupied"
"html-keyboard-response","455","1288510","0.0-16.0-0.17","null","<span style=""font-size:40px;"">+</span>","null","","","","","","","","","","",""
"html-keyboard-response","456","1293030","0.0-16.0-1.17","","","","","","","","","","","","","",""
"image-keyboard-response","457","1293532","0.0-16.0-2.17","null","stimuli/noise_texture.png","null","","","","","","","","","","",""
"html-custom-grid-response","458","1296857","0.0-16.0-3.17","3021.300000011921","Please locate the emotion in an appropriate spot in the grid by pointing and clicking the mouse.<br>Press the <b>space bar</b> when you're ready to continue.<br><br>","","","","","","tom-grid","","","-28","-77","M2","doubtful"
"html-keyboard-response","459","1297859","0.0-16.0-0.18","null","<span style=""font-size:40px;"">+</span>","null","","","","","","","","","","",""
"html-keyboard-response","460","1302768","0.0-16.0-1.18","","","","","","","","","","","","","",""
"image-keyboard-response","461","1303269","0.0-16.0-2.18","null","stimuli/noise_texture.png","null","","","","","","","","","","",""
"html-custom-grid-response","462","1305856","0.0-16.0-3.18","2251.5","Please locate the emotion in an appropriate spot in the grid by pointing and clicking the mouse.<br>Press the <b>space bar</b> when you're ready to continue.<br><br>","","","","","","tom-grid","","","-20","-89","F4","arrogant"
"html-keyboard-response","463","1306860","0.0-16.0-0.19","null","<span style=""font-size:40px;"">+</span>","null","","","","","","","","","","",""
"html-keyboard-response","464","1311466","0.0-16.0-1.19","","","","","","","","","","","","","",""
"image-keyboard-response","465","1311969","0.0-16.0-2.19","null","stimuli/noise_texture.png","null","","","","","","","","","","",""
"html-custom-grid-response","466","1314744","0.0-16.0-3.19","2015.9000000357628","Please locate the emotion in an appropriate spot in the grid by pointing and clicking the mouse.<br>Press the <b>space bar</b> when you're ready to continue.<br><br>","","","","","","tom-grid","","","-23","-54","F4","imploring"
"html-keyboard-response","467","1315747","0.0-16.0-0.20","null","<span style=""font-size:40px;"">+</span>","null","","","","","","","","","","",""
"html-keyboard-response","468","1320637","0.0-16.0-1.20","","","","","","","","","","","","","",""
"image-keyboard-response","469","1321140","0.0-16.0-2.20","null","stimuli/noise_texture.png","null","","","","","","","","","","",""
"html-custom-grid-response","470","1329279","0.0-16.0-3.20","7759.399999976158","Please locate the emotion in an appropriate spot in the grid by pointing and clicking the mouse.<br>Press the <b>space bar</b> when you're ready to continue.<br><br>","","","","","","tom-grid","","","62","18","M2","entertained"
"html-keyboard-response","471","1330283","0.0-16.0-0.21","null","<span style=""font-size:40px;"">+</span>","null","","","","","","","","","","",""
"html-keyboard-response","472","1334744","0.0-16.0-1.21","","","","","","","","","","","","","",""
"image-keyboard-response","473","1335245","0.0-16.0-2.21","null","stimuli/noise_texture.png","null","","","","","","","","","","",""
"html-custom-grid-response","474","1338067","0.0-16.0-3.21","2558","Please locate the emotion in an appropriate spot in the grid by pointing and clicking the mouse.<br>Press the <b>space bar</b> when you're ready to continue.<br><br>","","","","","","tom-grid","","","87","74","F5","grateful"
"html-keyboard-response","475","1339069","0.0-16.0-0.22","null","<span style=""font-size:40px;"">+</span>","null","","","","","","","","","","",""
"html-keyboard-response","476","1343635","0.0-16.0-1.22","","","","","","","","","","","","","",""
"image-keyboard-response","477","1344137","0.0-16.0-2.22","null","stimuli/noise_texture.png","null","","","","","","","","","","",""
"html-custom-grid-response","478","1347190","0.0-16.0-3.22","2558.7000000476837","Please locate the emotion in an appropriate spot in the grid by pointing and clicking the mouse.<br>Press the <b>space bar</b> when you're ready to continue.<br><br>","","","","","","tom-grid","","","-84","24","F7","uneasy"
"html-keyboard-response","479","1348193","0.0-16.0-0.23","null","<span style=""font-size:40px;"">+</span>","null","","","","","","","","","","",""
"html-keyboard-response","480","1352733","0.0-16.0-1.23","","","","","","","","","","","","","",""
"image-keyboard-response","481","1353235","0.0-16.0-2.23","null","stimuli/noise_texture.png","null","","","","","","","","","","",""
"html-custom-grid-response","482","1358942","0.0-16.0-3.23","5386.400000035763","Please locate the emotion in an appropriate spot in the grid by pointing and clicking the mouse.<br>Press the <b>space bar</b> when you're ready to continue.<br><br>","","","","","","tom-grid","","","-110","51","M3","hateful"
"html-keyboard-response","483","1359946","0.0-16.0-0.24","null","<span style=""font-size:40px;"">+</span>","null","","","","","","","","","","",""
"html-keyboard-response","484","1364510","0.0-16.0-1.24","","","","","","","","","","","","","",""
"image-keyboard-response","485","1365012","0.0-16.0-2.24","null","stimuli/noise_texture.png","null","","","","","","","","","","",""
"html-custom-grid-response","486","1368310","0.0-16.0-3.24","2690.800000011921","Please locate the emotion in an appropriate spot in the grid by pointing and clicking the mouse.<br>Press the <b>space bar</b> when you're ready to continue.<br><br>","","","","","","tom-grid","","","-39","-61","F4","defiant"
"html-keyboard-response","487","1369314","0.0-16.0-0.25","null","<span style=""font-size:40px;"">+</span>","null","","","","","","","","","","",""
"html-keyboard-response","488","1373829","0.0-16.0-1.25","","","","","","","","","","","","","",""
"image-keyboard-response","489","1374331","0.0-16.0-2.25","null","stimuli/noise_texture.png","null","","","","","","","","","","",""
"html-custom-grid-response","490","1377309","0.0-16.0-3.25","2644.699999988079","Please locate the emotion in an appropriate spot in the grid by pointing and clicking the mouse.<br>Press the <b>space bar</b> when you're ready to continue.<br><br>","","","","","","tom-grid","","","35","-83","M3","assertive"
"html-keyboard-response","491","1378313","0.0-16.0-0.26","null","<span style=""font-size:40px;"">+</span>","null","","","","","","","","","","",""
"html-keyboard-response","492","1383012","0.0-16.0-1.26","","","","","","","","","","","","","",""
"image-keyboard-response","493","1383514","0.0-16.0-2.26","null","stimuli/noise_texture.png","null","","","","","","","","","","",""
"html-custom-grid-response","494","1386415","0.0-16.0-3.26","2606.899999976158","Please locate the emotion in an appropriate spot in the grid by pointing and clicking the mouse.<br>Press the <b>space bar</b> when you're ready to continue.<br><br>","","","","","","tom-grid","","","31","-95","M5","suspicious"
"html-keyboard-response","495","1387419","0.0-16.0-0.27","null","<span style=""font-size:40px;"">+</span>","null","","","","","","","","","","",""
"html-keyboard-response","496","1391798","0.0-16.0-1.27","","","","","","","","","","","","","",""
"image-keyboard-response","497","1392300","0.0-16.0-2.27","null","stimuli/noise_texture.png","null","","","","","","","","","","",""
"html-custom-grid-response","498","1395435","0.0-16.0-3.27","2792.599999964237","Please locate the emotion in an appropriate spot in the grid by pointing and clicking the mouse.<br>Press the <b>space bar</b> when you're ready to continue.<br><br>","","","","","","tom-grid","","","71","-86","M4","reassuring"
"html-keyboard-response","499","1396439","0.0-16.0-0.28","null","<span style=""font-size:40px;"">+</span>","null","","","","","","","","","","",""
"html-keyboard-response","500","1401435","0.0-16.0-1.28","","","","","","","","","","","","","",""
"image-keyboard-response","501","1401937","0.0-16.0-2.28","null","stimuli/noise_texture.png","null","","","","","","","","","","",""
"html-custom-grid-response","502","1404727","0.0-16.0-3.28","2336.100000023842","Please locate the emotion in an appropriate spot in the grid by pointing and clicking the mouse.<br>Press the <b>space bar</b> when you're ready to continue.<br><br>","","","","","","tom-grid","","","107","63","F2","enthused"
"html-keyboard-response","503","1405729","0.0-16.0-0.29","null","<span style=""font-size:40px;"">+</span>","null","","","","","","","","","","",""
"html-keyboard-response","504","1411030","0.0-16.0-1.29","","","","","","","","","","","","","",""
"image-keyboard-response","505","1411531","0.0-16.0-2.29","null","stimuli/noise_texture.png","null","","","","","","","","","","",""
"html-custom-grid-response","506","1415255","0.0-16.0-3.29","3221.600000023842","Please locate the emotion in an appropriate spot in the grid by pointing and clicking the mouse.<br>Press the <b>space bar</b> when you're ready to continue.<br><br>","","","","","","tom-grid","","","-90","24","F3","sarcastic"
"html-keyboard-response","507","1416257","0.0-16.0-0.30","null","<span style=""font-size:40px;"">+</span>","null","","","","","","","","","","",""
"html-keyboard-response","508","1422365","0.0-16.0-1.30","","","","","","","","","","","","","",""
"image-keyboard-response","509","1422866","0.0-16.0-2.30","null","stimuli/noise_texture.png","null","","","","","","","","","","",""
"html-custom-grid-response","510","1426719","0.0-16.0-3.30","3583.7999999523163","Please locate the emotion in an appropriate spot in the grid by pointing and clicking the mouse.<br>Press the <b>space bar</b> when you're ready to continue.<br><br>","","","","","","tom-grid","","","-41","-70","M4","contemplative"
"html-keyboard-response","511","1427723","0.0-16.0-0.31","null","<span style=""font-size:40px;"">+</span>","null","","","","","","","","","","",""
"html-keyboard-response","512","1432258","0.0-16.0-1.31","","","","","","","","","","","","","",""
"image-keyboard-response","513","1432759","0.0-16.0-2.31","null","stimuli/noise_texture.png","null","","","","","","","","","","",""
"html-custom-grid-response","514","1436596","0.0-16.0-3.31","3489.899999976158","Please locate the emotion in an appropriate spot in the grid by pointing and clicking the mouse.<br>Press the <b>space bar</b> when you're ready to continue.<br><br>","","","","","","tom-grid","","","-15","-88","M5","earnest"
"html-button-response","515","1482314","0.0-17.0","45714.89999997616","You have completed the second part of the experiment.<br> Please take a five-minute break before moving on to the next trial.<p> Feel free to walk around the room and stretch. However, please make sure to return to the task<br> within 5 minutes, as extended delays may result in automatic withdrawal from the study.<br>Press <b>Continue</b> to proceed with the experiment.<p><span id=""clock"">5:00</span>","0","","","","","","","","","","",""
"html-keyboard-response","516","1483315","0.0-18.0-0.0","null","<span style=""font-size:40px;"">+</span>","null","","","","","","","","","","",""
"html-keyboard-response","517","1487887","0.0-18.0-1.0","","","","","","","","","","","","","",""
"image-keyboard-response","518","1488389","0.0-18.0-2.0","null","stimuli/noise_texture.png","null","","","","","","","","","","",""
"html-custom-grid-response","519","1491679","0.0-18.0-3.0","2884.600000023842","Please locate the emotion in an appropriate spot in the grid by pointing and clicking the mouse.<br>Press the <b>space bar</b> when you're ready to continue.<br><br>","","","","","","tom-grid","","","70","57","F5","encouraging"
"html-keyboard-response","520","1492683","0.0-18.0-0.1","null","<span style=""font-size:40px;"">+</span>","null","","","","","","","","","","",""
"html-keyboard-response","521","1497564","0.0-18.0-1.1","","","","","","","","","","","","","",""
"image-keyboard-response","522","1498066","0.0-18.0-2.1","null","stimuli/noise_texture.png","null","","","","","","","","","","",""
"html-custom-grid-response","523","1500557","0.0-18.0-3.1","1491.0999999642372","Please locate the emotion in an appropriate spot in the grid by pointing and clicking the mouse.<br>Press the <b>space bar</b> when you're ready to continue.<br><br>","","","","","","tom-grid","","","46","-110","F6","reassuring"
"html-keyboard-response","524","1501560","0.0-18.0-0.2","null","<span style=""font-size:40px;"">+</span>","null","","","","","","","","","","",""
"html-keyboard-response","525","1506031","0.0-18.0-1.2","","","","","","","","","","","","","",""
"image-keyboard-response","526","1506532","0.0-18.0-2.2","null","stimuli/noise_texture.png","null","","","","","","","","","","",""
"html-custom-grid-response","527","1509713","0.0-18.0-3.2","2922","Please locate the emotion in an appropriate spot in the grid by pointing and clicking the mouse.<br>Press the <b>space bar</b> when you're ready to continue.<br><br>","","","","","","tom-grid","","","-55","-83","F3","regretful"
"html-keyboard-response","528","1510716","0.0-18.0-0.3","null","<span style=""font-size:40px;"">+</span>","null","","","","","","","","","","",""
"html-keyboard-response","529","1515116","0.0-18.0-1.3","","","","","","","","","","","","","",""
"image-keyboard-response","530","1515618","0.0-18.0-2.3","null","stimuli/noise_texture.png","null","","","","","","","","","","",""
"html-custom-grid-response","531","1518850","0.0-18.0-3.3","2841.699999988079","Please locate the emotion in an appropriate spot in the grid by pointing and clicking the mouse.<br>Press the <b>space bar</b> when you're ready to continue.<br><br>","","","","","","tom-grid","","","85","33","F3","entertained"
"html-keyboard-response","532","1519852","0.0-18.0-0.4","null","<span style=""font-size:40px;"">+</span>","null","","","","","","","","","","",""
"html-keyboard-response","533","1524431","0.0-18.0-1.4","","","","","","","","","","","","","",""
"image-keyboard-response","534","1524933","0.0-18.0-2.4","null","stimuli/noise_texture.png","null","","","","","","","","","","",""
"html-custom-grid-response","535","1527293","0.0-18.0-3.4","1794","Please locate the emotion in an appropriate spot in the grid by pointing and clicking the mouse.<br>Press the <b>space bar</b> when you're ready to continue.<br><br>","","","","","","tom-grid","","","97","74","F5","eager"
"html-keyboard-response","536","1528296","0.0-18.0-0.5","null","<span style=""font-size:40px;"">+</span>","null","","","","","","","","","","",""
"html-keyboard-response","537","1532726","0.0-18.0-1.5","","","","","","","","","","","","","",""
"image-keyboard-response","538","1533228","0.0-18.0-2.5","null","stimuli/noise_texture.png","null","","","","","","","","","","",""
"html-custom-grid-response","539","1535861","0.0-18.0-3.5","2020.199999988079","Please locate the emotion in an appropriate spot in the grid by pointing and clicking the mouse.<br>Press the <b>space bar</b> when you're ready to continue.<br><br>","","","","","","tom-grid","","","91","71","M1","amused"
"html-keyboard-response","540","1536863","0.0-18.0-0.6","null","<span style=""font-size:40px;"">+</span>","null","","","","","","","","","","",""
"html-keyboard-response","541","1541422","0.0-18.0-1.6","","","","","","","","","","","","","",""
"image-keyboard-response","542","1541924","0.0-18.0-2.6","null","stimuli/noise_texture.png","null","","","","","","","","","","",""
"html-custom-grid-response","543","1544710","0.0-18.0-3.6","2468.599999964237","Please locate the emotion in an appropriate spot in the grid by pointing and clicking the mouse.<br>Press the <b>space bar</b> when you're ready to continue.<br><br>","","","","","","tom-grid","","","-82","-76","F5","resentful"
"html-keyboard-response","544","1545714","0.0-18.0-0.7","null","<span style=""font-size:40px;"">+</span>","null","","","","","","","","","","",""
"html-keyboard-response","545","1550114","0.0-18.0-1.7","","","","","","","","","","","","","",""
"image-keyboard-response","546","1550616","0.0-18.0-2.7","null","stimuli/noise_texture.png","null","","","","","","","","","","",""
"html-custom-grid-response","547","1553868","0.0-18.0-3.7","2890.099999964237","Please locate the emotion in an appropriate spot in the grid by pointing and clicking the mouse.<br>Press the <b>space bar</b> when you're ready to continue.<br><br>","","","","","","tom-grid","","","-76","-102","M3","dubious"
"html-keyboard-response","548","1554871","0.0-18.0-0.8","null","<span style=""font-size:40px;"">+</span>","null","","","","","","","","","","",""
"html-keyboard-response","549","1559264","0.0-18.0-1.8","","","","","","","","","","","","","",""
"image-keyboard-response","550","1559765","0.0-18.0-2.8","null","stimuli/noise_texture.png","null","","","","","","","","","","",""
"html-custom-grid-response","551","1562841","0.0-18.0-3.8","2444.699999988079","Please locate the emotion in an appropriate spot in the grid by pointing and clicking the mouse.<br>Press the <b>space bar</b> when you're ready to continue.<br><br>","","","","","","tom-grid","","","-26","-93","F3","distrustful"
"html-keyboard-response","552","1563844","0.0-18.0-0.9","null","<span style=""font-size:40px;"">+</span>","null","","","","","","","","","","",""
"html-keyboard-response","553","1568530","0.0-18.0-1.9","","","","","","","","","","","","","",""
"image-keyboard-response","554","1569032","0.0-18.0-2.9","null","stimuli/noise_texture.png","null","","","","","","","","","","",""
"html-custom-grid-response","555","1573098","0.0-18.0-3.9","3776.199999988079","Please locate the emotion in an appropriate spot in the grid by pointing and clicking the mouse.<br>Press the <b>space bar</b> when you're ready to continue.<br><br>","","","","","","tom-grid","","","-56","-86","M6","annoyed"
"html-keyboard-response","556","1574102","0.0-18.0-0.10","null","<span style=""font-size:40px;"">+</span>","null","","","","","","","","","","",""
"html-keyboard-response","557","1578460","0.0-18.0-1.10","","","","","","","","","","","","","",""
"image-keyboard-response","558","1578962","0.0-18.0-2.10","null","stimuli/noise_texture.png","null","","","","","","","","","","",""
"html-custom-grid-response","559","1581948","0.0-18.0-3.10","2671.699999988079","Please locate the emotion in an appropriate spot in the grid by pointing and clicking the mouse.<br>Press the <b>space bar</b> when you're ready to continue.<br><br>","","","","","","tom-grid","","","-86","-29","M1","ashamed"
"html-keyboard-response","560","1582951","0.0-18.0-0.11","null","<span style=""font-size:40px;"">+</span>","null","","","","","","","","","","",""
"html-keyboard-response","561","1587299","0.0-18.0-1.11","","","","","","","","","","","","","",""
"image-keyboard-response","562","1587801","0.0-18.0-2.11","null","stimuli/noise_texture.png","null","","","","","","","","","","",""
"html-custom-grid-response","563","1590439","0.0-18.0-3.11","2298.399999976158","Please locate the emotion in an appropriate spot in the grid by pointing and clicking the mouse.<br>Press the <b>space bar</b> when you're ready to continue.<br><br>","","","","","","tom-grid","","","-93","34","M1","dispirited"
"html-keyboard-response","564","1591441","0.0-18.0-0.12","null","<span style=""font-size:40px;"">+</span>","null","","","","","","","","","","",""
"html-keyboard-response","565","1596191","0.0-18.0-1.12","","","","","","","","","","","","","",""
"image-keyboard-response","566","1596693","0.0-18.0-2.12","null","stimuli/noise_texture.png","null","","","","","","","","","","",""
"html-custom-grid-response","567","1600251","0.0-18.0-3.12","3261.300000011921","Please locate the emotion in an appropriate spot in the grid by pointing and clicking the mouse.<br>Press the <b>space bar</b> when you're ready to continue.<br><br>","","","","","","tom-grid","","","-54","-37","M4","skeptical"
"html-keyboard-response","568","1601254","0.0-18.0-0.13","null","<span style=""font-size:40px;"">+</span>","null","","","","","","","","","","",""
"html-keyboard-response","569","1605815","0.0-18.0-1.13","","","","","","","","","","","","","",""
"image-keyboard-response","570","1606318","0.0-18.0-2.13","null","stimuli/noise_texture.png","null","","","","","","","","","","",""
"html-custom-grid-response","571","1609170","0.0-18.0-3.13","2518.399999976158","Please locate the emotion in an appropriate spot in the grid by pointing and clicking the mouse.<br>Press the <b>space bar</b> when you're ready to continue.<br><br>","","","","","","tom-grid","","","-80","54","F2","annoyed"
"html-keyboard-response","572","1610173","0.0-18.0-0.14","null","<span style=""font-size:40px;"">+</span>","null","","","","","","","","","","",""
"html-keyboard-response","573","1614748","0.0-18.0-1.14","","","","","","","","","","","","","",""
"image-keyboard-response","574","1615250","0.0-18.0-2.14","null","stimuli/noise_texture.png","null","","","","","","","","","","",""
"html-custom-grid-response","575","1618666","0.0-18.0-3.14","2920.199999988079","Please locate the emotion in an appropriate spot in the grid by pointing and clicking the mouse.<br>Press the <b>space bar</b> when you're ready to continue.<br><br>","","","","","","tom-grid","","","107","-18","M4","affectionate"
"html-keyboard-response","576","1619669","0.0-18.0-0.15","null","<span style=""font-size:40px;"">+</span>","null","","","","","","","","","","",""
"html-keyboard-response","577","1623873","0.0-18.0-1.15","","","","","","","","","","","","","",""
"image-keyboard-response","578","1624374","0.0-18.0-2.15","null","stimuli/noise_texture.png","null","","","","","","","","","","",""
"html-custom-grid-response","579","1627626","0.0-18.0-3.15","2895.900000035763","Please locate the emotion in an appropriate spot in the grid by pointing and clicking the mouse.<br>Press the <b>space bar</b> when you're ready to continue.<br><br>","","","","","","tom-grid","","","-85","26","F3","offended"
"html-keyboard-response","580","1628630","0.0-18.0-0.16","null","<span style=""font-size:40px;"">+</span>","null","","","","","","","","","","",""
"html-keyboard-response","581","1633282","0.0-18.0-1.16","","","","","","","","","","","","","",""
"image-keyboard-response","582","1633783","0.0-18.0-2.16","null","stimuli/noise_texture.png","null","","","","","","","","","","",""
"html-custom-grid-response","583","1636661","0.0-18.0-3.16","2487.899999976158","Please locate the emotion in an appropriate spot in the grid by pointing and clicking the mouse.<br>Press the <b>space bar</b> when you're ready to continue.<br><br>","","","","","","tom-grid","","","92","83","F5","joking"
"html-keyboard-response","584","1637665","0.0-18.0-0.17","null","<span style=""font-size:40px;"">+</span>","null","","","","","","","","","","",""
"html-keyboard-response","585","1642172","0.0-18.0-1.17","","","","","","","","","","","","","",""
"image-keyboard-response","586","1642675","0.0-18.0-2.17","null","stimuli/noise_texture.png","null","","","","","","","","","","",""
"html-custom-grid-response","587","1645337","0.0-18.0-3.17","1884.699999988079","Please locate the emotion in an appropriate spot in the grid by pointing and clicking the mouse.<br>Press the <b>space bar</b> when you're ready to continue.<br><br>","","","","","","tom-grid","","","-76","-85","F3","doubtful"
"html-keyboard-response","588","1646340","0.0-18.0-0.18","null","<span style=""font-size:40px;"">+</span>","null","","","","","","","","","","",""
"html-keyboard-response","589","1650663","0.0-18.0-1.18","","","","","","","","","","","","","",""
"image-keyboard-response","590","1651165","0.0-18.0-2.18","null","stimuli/noise_texture.png","null","","","","","","","","","","",""
"html-custom-grid-response","591","1657159","0.0-18.0-3.18","5671","Please locate the emotion in an appropriate spot in the grid by pointing and clicking the mouse.<br>Press the <b>space bar</b> when you're ready to continue.<br><br>","","","","","","tom-grid","","","-78","-25","M3","impatient"
"html-keyboard-response","592","1658162","0.0-18.0-0.19","null","<span style=""font-size:40px;"">+</span>","null","","","","","","","","","","",""
"html-keyboard-response","593","1662618","0.0-18.0-1.19","","","","","","","","","","","","","",""
"image-keyboard-response","594","1663121","0.0-18.0-2.19","null","stimuli/noise_texture.png","null","","","","","","","","","","",""
"html-custom-grid-response","595","1668407","0.0-18.0-3.19","4568.300000011921","Please locate the emotion in an appropriate spot in the grid by pointing and clicking the mouse.<br>Press the <b>space bar</b> when you're ready to continue.<br><br>","","","","","","tom-grid","","","-24","-63","M2","cautious"
"html-keyboard-response","596","1669409","0.0-18.0-0.20","null","<span style=""font-size:40px;"">+</span>","null","","","","","","","","","","",""
"html-keyboard-response","597","1673985","0.0-18.0-1.20","","","","","","","","","","","","","",""
"image-keyboard-response","598","1674487","0.0-18.0-2.20","null","stimuli/noise_texture.png","null","","","","","","","","","","",""
"html-custom-grid-response","599","1676946","0.0-18.0-3.20","1814.1000000238419","Please locate the emotion in an appropriate spot in the grid by pointing and clicking the mouse.<br>Press the <b>space bar</b> when you're ready to continue.<br><br>","","","","","","tom-grid","","","-5","-55","M3","decisive"
"html-keyboard-response","600","1677949","0.0-18.0-0.21","null","<span style=""font-size:40px;"">+</span>","null","","","","","","","","","","",""
"html-keyboard-response","601","1682965","0.0-18.0-1.21","","","","","","","","","","","","","",""
"image-keyboard-response","602","1683467","0.0-18.0-2.21","null","stimuli/noise_texture.png","null","","","","","","","","","","",""
"html-custom-grid-response","603","1688214","0.0-18.0-3.21","4422.100000023842","Please locate the emotion in an appropriate spot in the grid by pointing and clicking the mouse.<br>Press the <b>space bar</b> when you're ready to continue.<br><br>","","","","","","tom-grid","","","34","-64","F6","relieved"
"html-keyboard-response","604","1689217","0.0-18.0-0.22","null","<span style=""font-size:40px;"">+</span>","null","","","","","","","","","","",""
"html-keyboard-response","605","1694120","0.0-18.0-1.22","","","","","","","","","","","","","",""
"image-keyboard-response","606","1694622","0.0-18.0-2.22","null","stimuli/noise_texture.png","null","","","","","","","","","","",""
"html-custom-grid-response","607","1697225","0.0-18.0-3.22","2253","Please locate the emotion in an appropriate spot in the grid by pointing and clicking the mouse.<br>Press the <b>space bar</b> when you're ready to continue.<br><br>","","","","","","tom-grid","","","-42","-63","M6","serious"
"html-keyboard-response","608","1698229","0.0-18.0-0.23","null","<span style=""font-size:40px;"">+</span>","null","","","","","","","","","","",""
"html-keyboard-response","609","1702788","0.0-18.0-1.23","","","","","","","","","","","","","",""
"image-keyboard-response","610","1703290","0.0-18.0-2.23","null","stimuli/noise_texture.png","null","","","","","","","","","","",""
"html-custom-grid-response","611","1706720","0.0-18.0-3.23","3035.5","Please locate the emotion in an appropriate spot in the grid by pointing and clicking the mouse.<br>Press the <b>space bar</b> when you're ready to continue.<br><br>","","","","","","tom-grid","","","48","-30","F8","desire"
"html-keyboard-response","612","1707724","0.0-18.0-0.24","null","<span style=""font-size:40px;"">+</span>","null","","","","","","","","","","",""
"html-keyboard-response","613","1712501","0.0-18.0-1.24","","","","","","","","","","","","","",""
"image-keyboard-response","614","1713003","0.0-18.0-2.24","null","stimuli/noise_texture.png","null","","","","","","","","","","",""
"html-custom-grid-response","615","1717820","0.0-18.0-3.24","4300.200000047684","Please locate the emotion in an appropriate spot in the grid by pointing and clicking the mouse.<br>Press the <b>space bar</b> when you're ready to continue.<br><br>","","","","","","tom-grid","","","8","-65","M4","intrigued"
"html-keyboard-response","616","1718824","0.0-18.0-0.25","null","<span style=""font-size:40px;"">+</span>","null","","","","","","","","","","",""
"html-keyboard-response","617","1723740","0.0-18.0-1.25","","","","","","","","","","","","","",""
"image-keyboard-response","618","1724242","0.0-18.0-2.25","null","stimuli/noise_texture.png","null","","","","","","","","","","",""
"html-custom-grid-response","619","1738664","0.0-18.0-3.25","2600.800000011921","Please locate the emotion in an appropriate spot in the grid by pointing and clicking the mouse.<br>Press the <b>space bar</b> when you're ready to continue.<br><br>","","","","","","tom-grid","","","5","-54","F6","suspicious"
"html-keyboard-response","620","1739668","0.0-18.0-0.26","null","<span style=""font-size:40px;"">+</span>","null","","","","","","","","","","",""
"html-keyboard-response","621","1744282","0.0-18.0-1.26","","","","","","","","","","","","","",""
"image-keyboard-response","622","1744783","0.0-18.0-2.26","null","stimuli/noise_texture.png","null","","","","","","","","","","",""
"html-custom-grid-response","623","1751053","0.0-18.0-3.26","6006","Please locate the emotion in an appropriate spot in the grid by pointing and clicking the mouse.<br>Press the <b>space bar</b> when you're ready to continue.<br><br>","","","","","","tom-grid","","","74","-56","M5","friendly"
"html-keyboard-response","624","1752056","0.0-18.0-0.27","null","<span style=""font-size:40px;"">+</span>","null","","","","","","","","","","",""
"html-keyboard-response","625","1756462","0.0-18.0-1.27","","","","","","","","","","","","","",""
"image-keyboard-response","626","1756964","0.0-18.0-2.27","null","stimuli/noise_texture.png","null","","","","","","","","","","",""
"html-custom-grid-response","627","1759937","0.0-18.0-3.27","2655.300000011921","Please locate the emotion in an appropriate spot in the grid by pointing and clicking the mouse.<br>Press the <b>space bar</b> when you're ready to continue.<br><br>","","","","","","tom-grid","","","79","-77","M3","sympathetic"
"html-keyboard-response","628","1760941","0.0-18.0-0.28","null","<span style=""font-size:40px;"">+</span>","null","","","","","","","","","","",""
"html-keyboard-response","629","1765545","0.0-18.0-1.28","","","","","","","","","","","","","",""
"image-keyboard-response","630","1766046","0.0-18.0-2.28","null","stimuli/noise_texture.png","null","","","","","","","","","","",""
"html-custom-grid-response","631","1769604","0.0-18.0-3.28","3034.699999988079","Please locate the emotion in an appropriate spot in the grid by pointing and clicking the mouse.<br>Press the <b>space bar</b> when you're ready to continue.<br><br>","","","","","","tom-grid","","","-79","21","M4","worried"
"html-keyboard-response","632","1770607","0.0-18.0-0.29","null","<span style=""font-size:40px;"">+</span>","null","","","","","","","","","","",""
"html-keyboard-response","633","1775396","0.0-18.0-1.29","","","","","","","","","","","","","",""
"image-keyboard-response","634","1775897","0.0-18.0-2.29","null","stimuli/noise_texture.png","null","","","","","","","","","","",""
"html-custom-grid-response","635","1778384","0.0-18.0-3.29","1955.300000011921","Please locate the emotion in an appropriate spot in the grid by pointing and clicking the mouse.<br>Press the <b>space bar</b> when you're ready to continue.<br><br>","","","","","","tom-grid","","","-111","103","F6","terrified"
"html-keyboard-response","636","1779388","0.0-19.0-0.0","null","<span style=""font-size:40px;"">+</span>","null","","","","","","","","","","",""
"html-keyboard-response","637","1783862","0.0-19.0-1.0","","","","","","","","","","","","","",""
"image-keyboard-response","638","1784365","0.0-19.0-2.0","null","stimuli/noise_texture.png","null","","","","","","","","","","",""
"html-custom-grid-response-ac","639","1789856","0.0-19.0-3.0","2258.7000000476837","If you are paying attention, please click anywhere in the <span style='color: #ff0000;'><strong>bottom left quadrant</strong></span>.<br>Press the <b>space bar</b> when you're ready to continue.<br><br>","","","","","","attention-check","","","-78","-79","F6","puzzled"
"html-keyboard-response","640","1790858","0.0-21.0-0.0","null","<span style=""font-size:40px;"">+</span>","null","","","","","","","","","","",""
"html-keyboard-response","641","1795539","0.0-21.0-1.0","","","","","","","","","","","","","",""
"image-keyboard-response","642","1796041","0.0-21.0-2.0","null","stimuli/noise_texture.png","null","","","","","","","","","","",""
"html-custom-grid-response","643","1803700","0.0-21.0-3.0","7365.899999976158","Please locate the emotion in an appropriate spot in the grid by pointing and clicking the mouse.<br>Press the <b>space bar</b> when you're ready to continue.<br><br>","","","","","","tom-grid","","","-50","-31","F2","interested"
"html-keyboard-response","644","1804704","0.0-21.0-0.1","null","<span style=""font-size:40px;"">+</span>","null","","","","","","","","","","",""
"html-keyboard-response","645","1813135","0.0-21.0-1.1","","","","","","","","","","","","","",""
"image-keyboard-response","646","1813637","0.0-21.0-2.1","null","stimuli/noise_texture.png","null","","","","","","","","","","",""
"html-custom-grid-response","647","1816253","0.0-21.0-3.1","2094.599999964237","Please locate the emotion in an appropriate spot in the grid by pointing and clicking the mouse.<br>Press the <b>space bar</b> when you're ready to continue.<br><br>","","","","","","tom-grid","","","-29","-34","F6","accusing"
"html-keyboard-response","648","1817257","0.0-21.0-0.2","null","<span style=""font-size:40px;"">+</span>","null","","","","","","","","","","",""
"html-keyboard-response","649","1821764","0.0-21.0-1.2","","","","","","","","","","","","","",""
"image-keyboard-response","650","1822266","0.0-21.0-2.2","null","stimuli/noise_texture.png","null","","","","","","","","","","",""
"html-custom-grid-response","651","1824989","0.0-21.0-3.2","2214.5","Please locate the emotion in an appropriate spot in the grid by pointing and clicking the mouse.<br>Press the <b>space bar</b> when you're ready to continue.<br><br>","","","","","","tom-grid","","","-20","-66","F4","upset"
"html-keyboard-response","652","1825992","0.0-21.0-0.3","null","<span style=""font-size:40px;"">+</span>","null","","","","","","","","","","",""
"html-keyboard-response","653","1830634","0.0-21.0-1.3","","","","","","","","","","","","","",""
"image-keyboard-response","654","1831136","0.0-21.0-2.3","null","stimuli/noise_texture.png","null","","","","","","","","","","",""
"html-custom-grid-response","655","1843113","0.0-21.0-3.3","2872.399999976158","Please locate the emotion in an appropriate spot in the grid by pointing and clicking the mouse.<br>Press the <b>space bar</b> when you're ready to continue.<br><br>","","","","","","tom-grid","","","57","-62","F6","comforting"
"html-keyboard-response","656","1844116","0.0-21.0-0.4","null","<span style=""font-size:40px;"">+</span>","null","","","","","","","","","","",""
"html-keyboard-response","657","1848756","0.0-21.0-1.4","","","","","","","","","","","","","",""
"image-keyboard-response","658","1849259","0.0-21.0-2.4","null","stimuli/noise_texture.png","null","","","","","","","","","","",""
"html-custom-grid-response","659","1852826","0.0-21.0-3.4","3196.599999964237","Please locate the emotion in an appropriate spot in the grid by pointing and clicking the mouse.<br>Press the <b>space bar</b> when you're ready to continue.<br><br>","","","","","","tom-grid","","","-43","-88","F4","stern"
"html-keyboard-response","660","1853830","0.0-21.0-0.5","null","<span style=""font-size:40px;"">+</span>","null","","","","","","","","","","",""
"html-keyboard-response","661","1858533","0.0-21.0-1.5","","","","","","","","","","","","","",""
"image-keyboard-response","662","1859035","0.0-21.0-2.5","null","stimuli/noise_texture.png","null","","","","","","","","","","",""
"html-custom-grid-response","663","1868717","0.0-21.0-3.5","9234.600000023842","Please locate the emotion in an appropriate spot in the grid by pointing and clicking the mouse.<br>Press the <b>space bar</b> when you're ready to continue.<br><br>","","","","","","tom-grid","","","-71","-24","M2","uneasy"
"html-keyboard-response","664","1869720","0.0-21.0-0.6","null","<span style=""font-size:40px;"">+</span>","null","","","","","","","","","","",""
"html-keyboard-response","665","1873672","0.0-21.0-1.6","","","","","","","","","","","","","",""
"image-keyboard-response","666","1874173","0.0-21.0-2.6","null","stimuli/noise_texture.png","null","","","","","","","","","","",""
"html-custom-grid-response","667","1877324","0.0-21.0-3.6","2791.800000011921","Please locate the emotion in an appropriate spot in the grid by pointing and clicking the mouse.<br>Press the <b>space bar</b> when you're ready to continue.<br><br>","","","","","","tom-grid","","","70","-53","M1","relaxed"
"html-keyboard-response","668","1878326","0.0-21.0-0.7","null","<span style=""font-size:40px;"">+</span>","null","","","","","","","","","","",""
"html-keyboard-response","669","1882998","0.0-21.0-1.7","","","","","","","","","","","","","",""
"image-keyboard-response","670","1883501","0.0-21.0-2.7","null","stimuli/noise_texture.png","null","","","","","","","","","","",""
"html-custom-grid-response","671","1886519","0.0-21.0-3.7","2696.7999999523163","Please locate the emotion in an appropriate spot in the grid by pointing and clicking the mouse.<br>Press the <b>space bar</b> when you're ready to continue.<br><br>","","","","","","tom-grid","","","-18","-50","M2","defiant"
"html-keyboard-response","672","1887523","0.0-21.0-0.8","null","<span style=""font-size:40px;"">+</span>","null","","","","","","","","","","",""
"html-keyboard-response","673","1892027","0.0-21.0-1.8","","","","","","","","","","","","","",""
"image-keyboard-response","674","1892529","0.0-21.0-2.8","null","stimuli/noise_texture.png","null","","","","","","","","","","",""
"html-custom-grid-response","675","1896148","0.0-21.0-3.8","3006.800000011921","Please locate the emotion in an appropriate spot in the grid by pointing and clicking the mouse.<br>Press the <b>space bar</b> when you're ready to continue.<br><br>","","","","","","tom-grid","","","-19","-55","F4","flustered"
"html-keyboard-response","676","1897151","0.0-21.0-0.9","null","<span style=""font-size:40px;"">+</span>","null","","","","","","","","","","",""
"html-keyboard-response","677","1901460","0.0-21.0-1.9","","","","","","","","","","","","","",""
"image-keyboard-response","678","1901962","0.0-21.0-2.9","null","stimuli/noise_texture.png","null","","","","","","","","","","",""
"html-custom-grid-response","679","1907222","0.0-21.0-3.9","4360.600000023842","Please locate the emotion in an appropriate spot in the grid by pointing and clicking the mouse.<br>Press the <b>space bar</b> when you're ready to continue.<br><br>","","","","","","tom-grid","","","-81","23","F3","alarmed"
"html-keyboard-response","680","1908225","0.0-21.0-0.10","null","<span style=""font-size:40px;"">+</span>","null","","","","","","","","","","",""
"html-keyboard-response","681","1912645","0.0-21.0-1.10","","","","","","","","","","","","","",""
"image-keyboard-response","682","1913147","0.0-21.0-2.10","null","stimuli/noise_texture.png","null","","","","","","","","","","",""
"html-custom-grid-response","683","1916827","0.0-21.0-3.10","2541.899999976158","Please locate the emotion in an appropriate spot in the grid by pointing and clicking the mouse.<br>Press the <b>space bar</b> when you're ready to continue.<br><br>","","","","","","tom-grid","","","-98","-32","M3","aghast"
"html-keyboard-response","684","1917830","0.0-21.0-0.11","null","<span style=""font-size:40px;"">+</span>","null","","","","","","","","","","",""
"html-keyboard-response","685","1922074","0.0-21.0-1.11","","","","","","","","","","","","","",""
"image-keyboard-response","686","1922576","0.0-21.0-2.11","null","stimuli/noise_texture.png","null","","","","","","","","","","",""
"html-custom-grid-response","687","1926678","0.0-21.0-3.11","3709.7999999523163","Please locate the emotion in an appropriate spot in the grid by pointing and clicking the mouse.<br>Press the <b>space bar</b> when you're ready to continue.<br><br>","","","","","","tom-grid","","","34","-45","F3","insisting"
"html-keyboard-response","688","1927681","0.0-21.0-0.12","null","<span style=""font-size:40px;"">+</span>","null","","","","","","","","","","",""
"html-keyboard-response","689","1932242","0.0-21.0-1.12","","","","","","","","","","","","","",""
"image-keyboard-response","690","1932743","0.0-21.0-2.12","null","stimuli/noise_texture.png","null","","","","","","","","","","",""
"html-custom-grid-response","691","1935837","0.0-21.0-3.12","2559.600000023842","Please locate the emotion in an appropriate spot in the grid by pointing and clicking the mouse.<br>Press the <b>space bar</b> when you're ready to continue.<br><br>","","","","","","tom-grid","","","27","-64","F4","convinced"
"html-keyboard-response","692","1936840","0.0-21.0-0.13","null","<span style=""font-size:40px;"">+</span>","null","","","","","","","","","","",""
"html-keyboard-response","693","1941506","0.0-21.0-1.13","","","","","","","","","","","","","",""
"image-keyboard-response","694","1942008","0.0-21.0-2.13","null","stimuli/noise_texture.png","null","","","","","","","","","","",""
"html-custom-grid-response","695","1975392","0.0-21.0-3.13","2033.800000011921","Please locate the emotion in an appropriate spot in the grid by pointing and clicking the mouse.<br>Press the <b>space bar</b> when you're ready to continue.<br><br>","","","","","","tom-grid","","","-79","30","M5","terrified"
"html-keyboard-response","696","1976395","0.0-21.0-0.14","null","<span style=""font-size:40px;"">+</span>","null","","","","","","","","","","",""
"html-keyboard-response","697","1980956","0.0-21.0-1.14","","","","","","","","","","","","","",""
"image-keyboard-response","698","1981457","0.0-21.0-2.14","null","stimuli/noise_texture.png","null","","","","","","","","","","",""
"html-custom-grid-response","699","1985015","0.0-21.0-3.14","2926.699999988079","Please locate the emotion in an appropriate spot in the grid by pointing and clicking the mouse.<br>Press the <b>space bar</b> when you're ready to continue.<br><br>","","","","","","tom-grid","","","87","76","M5","playful"
"html-keyboard-response","700","1986019","0.0-21.0-0.15","null","<span style=""font-size:40px;"">+</span>","null","","","","","","","","","","",""
"html-keyboard-response","701","1990887","0.0-21.0-1.15","","","","","","","","","","","","","",""
"image-keyboard-response","702","1991389","0.0-21.0-2.15","null","stimuli/noise_texture.png","null","","","","","","","","","","",""
"html-custom-grid-response","703","1996003","0.0-21.0-3.15","3793.300000011921","Please locate the emotion in an appropriate spot in the grid by pointing and clicking the mouse.<br>Press the <b>space bar</b> when you're ready to continue.<br><br>","","","","","","tom-grid","","","-12","-34","M6","anticipating"
"html-keyboard-response","704","1997006","0.0-21.0-0.16","null","<span style=""font-size:40px;"">+</span>","null","","","","","","","","","","",""
"html-keyboard-response","705","2001491","0.0-21.0-1.16","","","","","","","","","","","","","",""
"image-keyboard-response","706","2001994","0.0-21.0-2.16","null","stimuli/noise_texture.png","null","","","","","","","","","","",""
"html-custom-grid-response","707","2004635","0.0-21.0-3.16","1814.0999999642372","Please locate the emotion in an appropriate spot in the grid by pointing and clicking the mouse.<br>Press the <b>space bar</b> when you're ready to continue.<br><br>","","","","","","tom-grid","","","-72","-39","M4","tentative"
"html-keyboard-response","708","2005639","0.0-21.0-0.17","null","<span style=""font-size:40px;"">+</span>","null","","","","","","","","","","",""
"html-keyboard-response","709","2010700","0.0-21.0-1.17","","","","","","","","","","","","","",""
"image-keyboard-response","710","2011203","0.0-21.0-2.17","null","stimuli/noise_texture.png","null","","","","","","","","","","",""
"html-custom-grid-response","711","2016532","0.0-21.0-3.17","4014.800000011921","Please locate the emotion in an appropriate spot in the grid by pointing and clicking the mouse.<br>Press the <b>space bar</b> when you're ready to continue.<br><br>","","","","","","tom-grid","","","-61","-29","M6","puzzled"
"html-keyboard-response","712","2017535","0.0-21.0-0.18","null","<span style=""font-size:40px;"">+</span>","null","","","","","","","","","","",""
"html-keyboard-response","713","2022208","0.0-21.0-1.18","","","","","","","","","","","","","",""
"image-keyboard-response","714","2022710","0.0-21.0-2.18","null","stimuli/noise_texture.png","null","","","","","","","","","","",""
"html-custom-grid-response","715","2026915","0.0-21.0-3.18","3625.5","Please locate the emotion in an appropriate spot in the grid by pointing and clicking the mouse.<br>Press the <b>space bar</b> when you're ready to continue.<br><br>","","","","","","tom-grid","","","-80","-67","F3","fearful"
"html-keyboard-response","716","2027918","0.0-21.0-0.19","null","<span style=""font-size:40px;"">+</span>","null","","","","","","","","","","",""
"html-keyboard-response","717","2032242","0.0-21.0-1.19","","","","","","","","","","","","","",""
"image-keyboard-response","718","2032744","0.0-21.0-2.19","null","stimuli/noise_texture.png","null","","","","","","","","","","",""
"html-custom-grid-response","719","2037831","0.0-21.0-3.19","3838","Please locate the emotion in an appropriate spot in the grid by pointing and clicking the mouse.<br>Press the <b>space bar</b> when you're ready to continue.<br><br>","","","","","","tom-grid","","","103","94","M1","fascinated"
"html-keyboard-response","720","2038833","0.0-21.0-0.20","null","<span style=""font-size:40px;"">+</span>","null","","","","","","","","","","",""
"html-keyboard-response","721","2043191","0.0-21.0-1.20","","","","","","","","","","","","","",""
"image-keyboard-response","722","2043694","0.0-21.0-2.20","null","stimuli/noise_texture.png","null","","","","","","","","","","",""
"html-custom-grid-response","723","2047496","0.0-21.0-3.20","3303.800000011921","Please locate the emotion in an appropriate spot in the grid by pointing and clicking the mouse.<br>Press the <b>space bar</b> when you're ready to continue.<br><br>","","","","","","tom-grid","","","28","59","M1","arrogant"
"html-keyboard-response","724","2048500","0.0-21.0-0.21","null","<span style=""font-size:40px;"">+</span>","null","","","","","","","","","","",""
"html-keyboard-response","725","2052946","0.0-21.0-1.21","","","","","","","","","","","","","",""
"image-keyboard-response","726","2053447","0.0-21.0-2.21","null","stimuli/noise_texture.png","null","","","","","","","","","","",""
"html-custom-grid-response","727","2061228","0.0-21.0-3.21","2224.2999999523163","Please locate the emotion in an appropriate spot in the grid by pointing and clicking the mouse.<br>Press the <b>space bar</b> when you're ready to continue.<br><br>","","","","","","tom-grid","","","-21","-30","F7","embarrassed"
"html-keyboard-response","728","2062230","0.0-21.0-0.22","null","<span style=""font-size:40px;"">+</span>","null","","","","","","","","","","",""
"html-keyboard-response","729","2066143","0.0-21.0-1.22","","","","","","","","","","","","","",""
"image-keyboard-response","730","2066646","0.0-21.0-2.22","null","stimuli/noise_texture.png","null","","","","","","","","","","",""
"html-custom-grid-response","731","2109834","0.0-21.0-3.22","7358.5","Please locate the emotion in an appropriate spot in the grid by pointing and clicking the mouse.<br>Press the <b>space bar</b> when you're ready to continue.<br><br>","","","","","","tom-grid","","","-48","-32","M1","disappointed"
"html-keyboard-response","732","2110836","0.0-21.0-0.23","null","<span style=""font-size:40px;"">+</span>","null","","","","","","","","","","",""
"html-keyboard-response","733","2115524","0.0-21.0-1.23","","","","","","","","","","","","","",""
"image-keyboard-response","734","2116027","0.0-21.0-2.23","null","stimuli/noise_texture.png","null","","","","","","","","","","",""
"html-custom-grid-response","735","2123794","0.0-21.0-3.23","3064.699999988079","Please locate the emotion in an appropriate spot in the grid by pointing and clicking the mouse.<br>Press the <b>space bar</b> when you're ready to continue.<br><br>","","","","","","tom-grid","","","-11","-27","F6","deciding"
"html-keyboard-response","736","2124798","0.0-21.0-0.24","null","<span style=""font-size:40px;"">+</span>","null","","","","","","","","","","",""
"html-keyboard-response","737","2129574","0.0-21.0-1.24","","","","","","","","","","","","","",""
"image-keyboard-response","738","2130076","0.0-21.0-2.24","null","stimuli/noise_texture.png","null","","","","","","","","","","",""
"html-custom-grid-response","739","2176811","0.0-21.0-3.24","4009.5","Please locate the emotion in an appropriate spot in the grid by pointing and clicking the mouse.<br>Press the <b>space bar</b> when you're ready to continue.<br><br>","","","","","","tom-grid","","","-6","-134","M6","convinced"
"html-keyboard-response","740","2177814","0.0-21.0-0.25","null","<span style=""font-size:40px;"">+</span>","null","","","","","","","","","","",""
"html-keyboard-response","741","2182261","0.0-21.0-1.25","","","","","","","","","","","","","",""
"image-keyboard-response","742","2182763","0.0-21.0-2.25","null","stimuli/noise_texture.png","null","","","","","","","","","","",""
"html-custom-grid-response","743","2242390","0.0-21.0-3.25","3967.599999964237","Please locate the emotion in an appropriate spot in the grid by pointing and clicking the mouse.<br>Press the <b>space bar</b> when you're ready to continue.<br><br>","","","","","","tom-grid","","","2","-40","F3","earnest"
"html-keyboard-response","744","2243391","0.0-21.0-0.26","null","<span style=""font-size:40px;"">+</span>","null","","","","","","","","","","",""
"html-keyboard-response","745","2248094","0.0-21.0-1.26","","","","","","","","","","","","","",""
"image-keyboard-response","746","2248596","0.0-21.0-2.26","null","stimuli/noise_texture.png","null","","","","","","","","","","",""
"html-custom-grid-response","747","2255744","0.0-21.0-3.26","6408.899999976158","Please locate the emotion in an appropriate spot in the grid by pointing and clicking the mouse.<br>Press the <b>space bar</b> when you're ready to continue.<br><br>","","","","","","tom-grid","","","-59","-59","F7","dispirited"
"html-keyboard-response","748","2256749","0.0-21.0-0.27","null","<span style=""font-size:40px;"">+</span>","null","","","","","","","","","","",""
"html-keyboard-response","749","2261510","0.0-21.0-1.27","","","","","","","","","","","","","",""
"image-keyboard-response","750","2262012","0.0-21.0-2.27","null","stimuli/noise_texture.png","null","","","","","","","","","","",""
"html-custom-grid-response","751","2348717","0.0-21.0-3.27","2685.5","Please locate the emotion in an appropriate spot in the grid by pointing and clicking the mouse.<br>Press the <b>space bar</b> when you're ready to continue.<br><br>","","","","","","tom-grid","","","103","61","F5","amused"
"html-keyboard-response","752","2349718","0.0-21.0-0.28","null","<span style=""font-size:40px;"">+</span>","null","","","","","","","","","","",""
"html-keyboard-response","753","2354466","0.0-21.0-1.28","","","","","","","","","","","","","",""
"image-keyboard-response","754","2354968","0.0-21.0-2.28","null","stimuli/noise_texture.png","null","","","","","","","","","","",""
"html-custom-grid-response","755","2410525","0.0-21.0-3.28","1495.8999999761581","Please locate the emotion in an appropriate spot in the grid by pointing and clicking the mouse.<br>Press the <b>space bar</b> when you're ready to continue.<br><br>","","","","","","tom-grid","","","-99","63","M4","anxious"
"html-keyboard-response","756","2411527","0.0-21.0-0.29","null","<span style=""font-size:40px;"">+</span>","null","","","","","","","","","","",""
"html-keyboard-response","757","2416296","0.0-21.0-1.29","","","","","","","","","","","","","",""
"image-keyboard-response","758","2416798","0.0-21.0-2.29","null","stimuli/noise_texture.png","null","","","","","","","","","","",""
"html-custom-grid-response","759","2491488","0.0-21.0-3.29","2888.399999976158","Please locate the emotion in an appropriate spot in the grid by pointing and clicking the mouse.<br>Press the <b>space bar</b> when you're ready to continue.<br><br>","","","","","","tom-grid","","","112","69","F6","flirtatious"
"html-button-response","760","2603588","0.0-22.0","112097.30000001192","<h3>Thank you for participating!</h1><p>You are done with the experiment. You will receive the full payment for your participation. Thank you for your time and contribution.</p><p>You will be automatically redirected to Prolific upon clicking <strong>Complete Experiment</strong>.</p><p>Please DO NOT close this tab until you have been redirected to Prolific. Please take note of your Prolific Completion Code before clicking <strong>Complete Experiment</strong>: <strong>C1HPV5RI</strong>.</p>","0","6694154a46060b3c49b2d6fd","1760749802967","B","0","","","","","","",""
