"trial_type","trial_index","time_elapsed","internal_node_id","rt","stimulus","response","PID","START_TIME","EXP_AB","ATTENTION_FAILURES","trial","responses","view_history","actor","target_emotion"
"pavlovia","0","679","0.0-0.0","","","","","","","","","","","",""
"html-button-response","1","8082","0.0-1.0","7401","<h1>Welcome to the Multiethnic Face Database Study!</h1>","0","65c8d70512b2fc050e53d0d1","1760800951665","A","0","","","","",""
"html-button-response","2","220184","0.0-2.0","212095.89999997616","<div style=""text-align: left; margin: 50px 80px -60px 80px;""><p><span style='text-decoration: underline;'><strong>CONSENT FORM </strong></span></p><p><strong>McGill University </strong></p><p><strong>Title of Research:</strong> A Dual Process Theory of Theory of Mind</p><p><strong>Researchers:</strong><br>Ian Gold, Ph.D., Professor, McGill University<br />Elizaveta Solomonova, Ph.D., Researcher, McGill University <br />Fernanda Perez-Gay Juarez, M.D., Ph.D., Psychiatry Resident, McGill University<br />Sophie Serebryany, Undergraduate Student, McGill University <br />Ani Shahbazian, Undergraduate Student, Concordia University<br>Sophie Hoyer, Undergraduate Student, McGill University</p><p><strong>Contact Information:<br />Tel:</strong> 514-398-8939 (Dr. Ian Gold) <br /><strong>Email:</strong> neurophilosophylabmcgill@gmail.com (all researchers)</p><p><strong>Purpose of the research:</strong><br> This study aims to measure people's ability to understand what others are thinking and feeling across different contexts and modalities. Please read through the description of the research project, and take the opportunity to ask any questions that you have about the project.</p><p><strong>What is involved in participating:</strong><br>You will be asked to look at a series of videos of facial expressions and answer questions about them. The online study in its entirety will take around [insert time], divided into 3 blocks with two 5-minute breaks in between. You will be asked to respond by answering multiple choice questions about the video. You will only need a mouse and a keyboard to provide responses to the various tasks.</p><p><strong>Right to withdraw:</strong><br>Please note that your participation is voluntary, and you are free to withdraw at any time without any negative consequences. Once you consent to participate, you may proceed to complete the online tasks. At the end of the experiment, you will see the message 'This is the end of the study. Please click on the button 'Complete the Experiment' to save your data and obtain your payment code.' Once you click the button, your data will be automatically collected through Pavlovia. Since participants will be anonymized (identified only by an alphanumeric code assigned by Prolific), the data will not be able to be withdrawn anonymously once you have completed the experiment. If you wish to withdraw consent without data collection, do not click the button to end the experiment and just close your browser.</p><p><strong>Confidentiality:</strong><br>The study's data will be kept for 7 years, stored in a password-protected virtual drive under the jurisdiction of McGill University (Dr. Ian Gold McGill's OneDrive). Your responses will be kept strictly confidential and will be identified only by means of your Prolific ID and never with your name or other identifying information. Only members of Dr. Ian Gold's lab will have access to identifiable study materials. You will not be identified or identifiable in any report or reports that result from the research (peer reviewed publications, presentations at national and international conferences, etc).</p><p><strong>Compensation:</strong><br>You will be compensated with &pound;9 for the completion of the study which should take approximately 60 minutes. Please use the completion code given to you at the end of the study to retrieve your payment in your Prolific account. Please note that if you decide to withdraw before finishing a session, there will be no way to compensate you for the time you spent, given that your data will not be saved.</p><p><strong>Risks &amp; Benefits:</strong> The only associated risks associated with this study are screen fatigue. If you have questions or concerns regarding your rights or welfare as a participant in this research study, please contact the Manager, Research Ethics at 514-398-6831 or lynda.mcneil@mcgill.ca.</p><p><strong>Consent:</strong><br>Please click on the button below if you have read the above information and consent to participate in this study. Otherwise, you can just close this window and return to the experiment in Prolific. Agreeing to participate in this study does not waive any of your rights or release the researchers from their responsibilities. To ensure the study is being conducted properly, authorized individuals, such as a member of the Research Ethics Board, may have access to your information.</p></div>","0","","","","","false","","","",""
"survey-demo","3","275558","0.0-3.0","55352","","","65c8d70512b2fc050e53d0d1","1760800951665","","","demo","{""age"":""29"",""gender"":""Woman"",""ethnicity"":[""Black""],""education"":""University/College (BA/BS/...)"",""religion"":""Christian"",""birthcountry"":""United Kingdom of Great Britain and Northern Ireland"",""residencecountry"":""United Kingdom of Great Britain and Northern Ireland"",""yearsresidence"":""29"",""internetspeed"":""66""}","","",""
"instructions","4","538798","0.0-6.0-0.0","263237.60000002384","","","","","","","","","[{""page_index"":0,""viewing_time"":156566.40000009537},{""page_index"":1,""viewing_time"":8926.399999976158},{""page_index"":2,""viewing_time"":6419.399999976158},{""page_index"":3,""viewing_time"":89088},{""page_index"":4,""viewing_time"":2236.7000000476837}]","",""
"html-keyboard-response","5","539801","0.0-6.0-1.0","null","<span style=""font-size:40px;"">+</span>","null","","","","","","","","",""
"html-keyboard-response","6","544768","0.0-6.0-2.0","","","","","","","","","","","",""
"image-keyboard-response","7","545277","0.0-6.0-3.0","null","stimuli/noise_texture.png","null","","","","","","","","",""
"custom-labels-response","8","547174","0.0-6.0-4.0","1892.2999999523163","","doubtful","","","","","tom-labels-practice","","","12","Doubtful"
"html-button-response","9","549358","0.0-7.0","2183.1999999284744","<div style=""width: 1000px; height: 45px""><p>You will now be shown a series of short videos. Please select the label that best describes the emotion that the face was showing. Please provide one best guess for each item. Starting now, your responses will be recorded.</p><p>Click <strong>Continue</strong> to start. Good luck!</p></div>","0","","","","","false","","","",""
"html-keyboard-response","10","550366","0.0-8.0-0.0","null","<span style=""font-size:40px;"">+</span>","null","","","","","","","","",""
"html-keyboard-response","11","555584","0.0-8.0-1.0","","","","","","","","","","","",""
"image-keyboard-response","12","556085","0.0-8.0-2.0","null","stimuli/noise_texture.png","null","","","","","","","","",""
"custom-labels-response","13","558556","0.0-8.0-3.0","2466.8000000715256","","friendly","","","","","tom-labels","","","F6","relieved"
"html-keyboard-response","14","559564","0.0-8.0-0.1","null","<span style=""font-size:40px;"">+</span>","null","","","","","","","","",""
"html-keyboard-response","15","564597","0.0-8.0-1.1","","","","","","","","","","","",""
"image-keyboard-response","16","565104","0.0-8.0-2.1","null","stimuli/noise_texture.png","null","","","","","","","","",""
"custom-labels-response","17","567845","0.0-8.0-3.1","2736.7999999523163","","insisting","","","","","tom-labels","","","M2","insisting"
"html-keyboard-response","18","568852","0.0-8.0-0.2","null","<span style=""font-size:40px;"">+</span>","null","","","","","","","","",""
"html-keyboard-response","19","573912","0.0-8.0-1.2","","","","","","","","","","","",""
"image-keyboard-response","20","574422","0.0-8.0-2.2","null","stimuli/noise_texture.png","null","","","","","","","","",""
"custom-labels-response","21","590407","0.0-8.0-3.2","15983.600000023842","","earnest","","","","","tom-labels","","","M6","relieved"
"html-keyboard-response","22","591415","0.0-8.0-0.3","null","<span style=""font-size:40px;"">+</span>","null","","","","","","","","",""
"html-keyboard-response","23","596161","0.0-8.0-1.3","","","","","","","","","","","",""
"image-keyboard-response","24","596663","0.0-8.0-2.3","null","stimuli/noise_texture.png","null","","","","","","","","",""
"custom-labels-response","25","601334","0.0-8.0-3.3","4667","","skeptical","","","","","tom-labels","","","F7","dispirited"
"html-keyboard-response","26","602341","0.0-8.0-0.4","null","<span style=""font-size:40px;"">+</span>","null","","","","","","","","",""
"html-keyboard-response","27","606982","0.0-8.0-1.4","","","","","","","","","","","",""
"image-keyboard-response","28","607497","0.0-8.0-2.4","null","stimuli/noise_texture.png","null","","","","","","","","",""
"custom-labels-response","29","609980","0.0-8.0-3.4","2476.399999976158","","amused","","","","","tom-labels","","","F5","amused"
"html-keyboard-response","30","610990","0.0-8.0-0.5","null","<span style=""font-size:40px;"">+</span>","null","","","","","","","","",""
"html-keyboard-response","31","615818","0.0-8.0-1.5","","","","","","","","","","","",""
"image-keyboard-response","32","616326","0.0-8.0-2.5","null","stimuli/noise_texture.png","null","","","","","","","","",""
"custom-labels-response","33","619649","0.0-8.0-3.5","3317.8000000715256","","intrigued","","","","","tom-labels","","","M6","reflective"
"html-keyboard-response","34","620665","0.0-8.0-0.6","null","<span style=""font-size:40px;"">+</span>","null","","","","","","","","",""
"html-keyboard-response","35","625298","0.0-8.0-1.6","","","","","","","","","","","",""
"image-keyboard-response","36","625803","0.0-8.0-2.6","null","stimuli/noise_texture.png","null","","","","","","","","",""
"custom-labels-response","37","630745","0.0-8.0-3.6","4939.800000071526","","concerned","","","","","tom-labels","","","F7","apologetic"
"html-keyboard-response","38","631758","0.0-8.0-0.7","null","<span style=""font-size:40px;"">+</span>","null","","","","","","","","",""
"html-keyboard-response","39","636800","0.0-8.0-1.7","","","","","","","","","","","",""
"image-keyboard-response","40","637302","0.0-8.0-2.7","null","stimuli/noise_texture.png","null","","","","","","","","",""
"custom-labels-response","41","639009","0.0-8.0-3.7","1703.1000000238419","","hostile","","","","","tom-labels","","","M5","hostile"
"html-keyboard-response","42","640019","0.0-8.0-0.8","null","<span style=""font-size:40px;"">+</span>","null","","","","","","","","",""
"html-keyboard-response","43","644655","0.0-8.0-1.8","","","","","","","","","","","",""
"image-keyboard-response","44","645169","0.0-8.0-2.8","null","stimuli/noise_texture.png","null","","","","","","","","",""
"custom-labels-response","45","649071","0.0-8.0-3.8","3898.5","","serious","","","","","tom-labels","","","F5","serious"
"html-keyboard-response","46","650078","0.0-8.0-0.9","null","<span style=""font-size:40px;"">+</span>","null","","","","","","","","",""
"html-keyboard-response","47","654868","0.0-8.0-1.9","","","","","","","","","","","",""
"image-keyboard-response","48","655383","0.0-8.0-2.9","null","stimuli/noise_texture.png","null","","","","","","","","",""
"custom-labels-response","49","661534","0.0-8.0-3.9","6147.600000023842","","distrustful","","","","","tom-labels","","","F4","impatient"
"html-keyboard-response","50","662543","0.0-8.0-0.10","null","<span style=""font-size:40px;"">+</span>","null","","","","","","","","",""
"html-keyboard-response","51","667539","0.0-8.0-1.10","","","","","","","","","","","",""
"image-keyboard-response","52","668045","0.0-8.0-2.10","null","stimuli/noise_texture.png","null","","","","","","","","",""
"custom-labels-response","53","670503","0.0-8.0-3.10","2455.5","","joking","","","","","tom-labels","","","F5","joking"
"html-keyboard-response","54","671505","0.0-8.0-0.11","null","<span style=""font-size:40px;"">+</span>","null","","","","","","","","",""
"html-keyboard-response","55","676149","0.0-8.0-1.11","","","","","","","","","","","",""
"image-keyboard-response","56","676653","0.0-8.0-2.11","null","stimuli/noise_texture.png","null","","","","","","","","",""
"custom-labels-response","57","686676","0.0-8.0-3.11","10019","","perplexed","","","","","tom-labels","","","F3","offended"
"html-keyboard-response","58","687688","0.0-8.0-0.12","null","<span style=""font-size:40px;"">+</span>","null","","","","","","","","",""
"html-keyboard-response","59","692587","0.0-8.0-1.12","","","","","","","","","","","",""
"image-keyboard-response","60","693092","0.0-8.0-2.12","null","stimuli/noise_texture.png","null","","","","","","","","",""
"custom-labels-response","61","699807","0.0-8.0-3.12","6712.100000023842","","earnest","","","","","tom-labels","","","M6","convinced"
"html-keyboard-response","62","700818","0.0-8.0-0.13","null","<span style=""font-size:40px;"">+</span>","null","","","","","","","","",""
"html-keyboard-response","63","705275","0.0-8.0-1.13","","","","","","","","","","","",""
"image-keyboard-response","64","705787","0.0-8.0-2.13","null","stimuli/noise_texture.png","null","","","","","","","","",""
"custom-labels-response","65","708466","0.0-8.0-3.13","2676.2999999523163","","jealous","","","","","tom-labels","","","M3","jealous"
"html-keyboard-response","66","709473","0.0-8.0-0.14","null","<span style=""font-size:40px;"">+</span>","null","","","","","","","","",""
"html-keyboard-response","67","713883","0.0-8.0-1.14","","","","","","","","","","","",""
"image-keyboard-response","68","714398","0.0-8.0-2.14","null","stimuli/noise_texture.png","null","","","","","","","","",""
"custom-labels-response","69","716095","0.0-8.0-3.14","1693.5","","amused","","","","","tom-labels","","","M1","amused"
"html-keyboard-response","70","717104","0.0-8.0-0.15","null","<span style=""font-size:40px;"">+</span>","null","","","","","","","","",""
"html-keyboard-response","71","721879","0.0-8.0-1.15","","","","","","","","","","","",""
"image-keyboard-response","72","722389","0.0-8.0-2.15","null","stimuli/noise_texture.png","null","","","","","","","","",""
"custom-labels-response","73","724941","0.0-8.0-3.15","2549.3000000715256","","annoyed","","","","","tom-labels","","","F6","hostile"
"html-keyboard-response","74","725945","0.0-8.0-0.16","null","<span style=""font-size:40px;"">+</span>","null","","","","","","","","",""
"html-keyboard-response","75","731197","0.0-8.0-1.16","","","","","","","","","","","",""
"image-keyboard-response","76","731713","0.0-8.0-2.16","null","stimuli/noise_texture.png","null","","","","","","","","",""
"custom-labels-response","77","733999","0.0-8.0-3.16","2284.899999976158","","convinced","","","","","tom-labels","","","F4","convinced"
"html-keyboard-response","78","735007","0.0-8.0-0.17","null","<span style=""font-size:40px;"">+</span>","null","","","","","","","","",""
"html-keyboard-response","79","740037","0.0-8.0-1.17","","","","","","","","","","","",""
"image-keyboard-response","80","740543","0.0-8.0-2.17","null","stimuli/noise_texture.png","null","","","","","","","","",""
"custom-labels-response","81","749761","0.0-8.0-3.17","9215.100000023842","","affectionate","","","","","tom-labels","","","F6","suspicious"
"html-keyboard-response","82","750771","0.0-8.0-0.18","null","<span style=""font-size:40px;"">+</span>","null","","","","","","","","",""
"html-keyboard-response","83","755253","0.0-8.0-1.18","","","","","","","","","","","",""
"image-keyboard-response","84","755760","0.0-8.0-2.18","null","stimuli/noise_texture.png","null","","","","","","","","",""
"custom-labels-response","85","759291","0.0-8.0-3.18","3527.5","","imploring","","","","","tom-labels","","","M3","imploring"
"html-keyboard-response","86","760299","0.0-8.0-0.19","null","<span style=""font-size:40px;"">+</span>","null","","","","","","","","",""
"html-keyboard-response","87","765130","0.0-8.0-1.19","","","","","","","","","","","",""
"image-keyboard-response","88","765639","0.0-8.0-2.19","null","stimuli/noise_texture.png","null","","","","","","","","",""
"custom-labels-response","89","768039","0.0-8.0-3.19","2396.5","","flirtatious","","","","","tom-labels","","","M2","flirtatious"
"html-keyboard-response","90","769044","0.0-8.0-0.20","null","<span style=""font-size:40px;"">+</span>","null","","","","","","","","",""
"html-keyboard-response","91","773711","0.0-8.0-1.20","","","","","","","","","","","",""
"image-keyboard-response","92","774217","0.0-8.0-2.20","null","stimuli/noise_texture.png","null","","","","","","","","",""
"custom-labels-response","93","777444","0.0-8.0-3.20","3223.100000023842","","upset","","","","","tom-labels","","","F4","upset"
"html-keyboard-response","94","778455","0.0-8.0-0.21","null","<span style=""font-size:40px;"">+</span>","null","","","","","","","","",""
"html-keyboard-response","95","783544","0.0-8.0-1.21","","","","","","","","","","","",""
"image-keyboard-response","96","784049","0.0-8.0-2.21","null","stimuli/noise_texture.png","null","","","","","","","","",""
"custom-labels-response","97","786706","0.0-8.0-3.21","2653.600000023842","","fascinated","","","","","tom-labels","","","F3","fascinated"
"html-keyboard-response","98","787715","0.0-8.0-0.22","null","<span style=""font-size:40px;"">+</span>","null","","","","","","","","",""
"html-keyboard-response","99","792631","0.0-8.0-1.22","","","","","","","","","","","",""
"image-keyboard-response","100","793137","0.0-8.0-2.22","null","stimuli/noise_texture.png","null","","","","","","","","",""
"custom-labels-response","101","795683","0.0-8.0-3.22","2542.1999999284744","","terrified","","","","","tom-labels","","","F6","terrified"
"html-keyboard-response","102","796692","0.0-8.0-0.23","null","<span style=""font-size:40px;"">+</span>","null","","","","","","","","",""
"html-keyboard-response","103","801381","0.0-8.0-1.23","","","","","","","","","","","",""
"image-keyboard-response","104","801897","0.0-8.0-2.23","null","stimuli/noise_texture.png","null","","","","","","","","",""
"custom-labels-response","105","808196","0.0-8.0-3.23","6294.200000047684","","comforting","","","","","tom-labels","","","F6","comforting"
"html-keyboard-response","106","809206","0.0-8.0-0.24","null","<span style=""font-size:40px;"">+</span>","null","","","","","","","","",""
"html-keyboard-response","107","813952","0.0-8.0-1.24","","","","","","","","","","","",""
"image-keyboard-response","108","814455","0.0-8.0-2.24","null","stimuli/noise_texture.png","null","","","","","","","","",""
"custom-labels-response","109","820391","0.0-8.0-3.24","5932.400000095367","","anxious","","","","","tom-labels","","","M4","anxious"
"html-keyboard-response","110","821402","0.0-8.0-0.25","null","<span style=""font-size:40px;"">+</span>","null","","","","","","","","",""
"html-keyboard-response","111","826006","0.0-8.0-1.25","","","","","","","","","","","",""
"image-keyboard-response","112","826521","0.0-8.0-2.25","null","stimuli/noise_texture.png","null","","","","","","","","",""
"custom-labels-response","113","829319","0.0-8.0-3.25","2796.8000000715256","","panicked","","","","","tom-labels","","","F5","panicked"
"html-keyboard-response","114","830328","0.0-8.0-0.26","null","<span style=""font-size:40px;"">+</span>","null","","","","","","","","",""
"html-keyboard-response","115","835073","0.0-8.0-1.26","","","","","","","","","","","",""
"image-keyboard-response","116","835579","0.0-8.0-2.26","null","stimuli/noise_texture.png","null","","","","","","","","",""
"custom-labels-response","117","837893","0.0-8.0-3.26","2310.8000000715256","","doubtful","","","","","tom-labels","","","M5","earnest"
"html-keyboard-response","118","838905","0.0-8.0-0.27","null","<span style=""font-size:40px;"">+</span>","null","","","","","","","","",""
"html-keyboard-response","119","843487","0.0-8.0-1.27","","","","","","","","","","","",""
"image-keyboard-response","120","843992","0.0-8.0-2.27","null","stimuli/noise_texture.png","null","","","","","","","","",""
"custom-labels-response","121","847086","0.0-8.0-3.27","3089.0999999046326","","jealous","","","","","tom-labels","","","F8","jealous"
"html-keyboard-response","122","848098","0.0-8.0-0.28","null","<span style=""font-size:40px;"">+</span>","null","","","","","","","","",""
"html-keyboard-response","123","852537","0.0-8.0-1.28","","","","","","","","","","","",""
"image-keyboard-response","124","853042","0.0-8.0-2.28","null","stimuli/noise_texture.png","null","","","","","","","","",""
"custom-labels-response","125","855583","0.0-8.0-3.28","2537.7999999523163","","indecisive","","","","","tom-labels","","","M3","offended"
"html-keyboard-response","126","856586","0.0-8.0-0.29","null","<span style=""font-size:40px;"">+</span>","null","","","","","","","","",""
"html-keyboard-response","127","860977","0.0-8.0-1.29","","","","","","","","","","","",""
"image-keyboard-response","128","861481","0.0-8.0-2.29","null","stimuli/noise_texture.png","null","","","","","","","","",""
"custom-labels-response","129","863390","0.0-8.0-3.29","1906","","indecisive","","","","","tom-labels","","","F3","indecisive"
"html-keyboard-response","130","864408","0.0-8.0-0.30","null","<span style=""font-size:40px;"">+</span>","null","","","","","","","","",""
"html-keyboard-response","131","869133","0.0-8.0-1.30","","","","","","","","","","","",""
"image-keyboard-response","132","869640","0.0-8.0-2.30","null","stimuli/noise_texture.png","null","","","","","","","","",""
"custom-labels-response","133","876322","0.0-8.0-3.30","6679.100000023842","","dubious","","","","","tom-labels","","","F4","dubious"
"html-keyboard-response","134","877332","0.0-8.0-0.31","null","<span style=""font-size:40px;"">+</span>","null","","","","","","","","",""
"html-keyboard-response","135","882097","0.0-8.0-1.31","","","","","","","","","","","",""
"image-keyboard-response","136","882604","0.0-8.0-2.31","null","stimuli/noise_texture.png","null","","","","","","","","",""
"custom-labels-response","137","885348","0.0-8.0-3.31","2739.2000000476837","","hopeful","","","","","tom-labels","","","M4","hopeful"
"html-keyboard-response","138","886357","0.0-8.0-0.32","null","<span style=""font-size:40px;"">+</span>","null","","","","","","","","",""
"html-keyboard-response","139","891139","0.0-8.0-1.32","","","","","","","","","","","",""
"image-keyboard-response","140","891642","0.0-8.0-2.32","null","stimuli/noise_texture.png","null","","","","","","","","",""
"custom-labels-response","141","895628","0.0-8.0-3.32","3982.899999976158","","contemplative","","","","","tom-labels","","","M2","defiant"
"html-keyboard-response","142","896643","0.0-8.0-0.33","null","<span style=""font-size:40px;"">+</span>","null","","","","","","","","",""
"html-keyboard-response","143","901272","0.0-8.0-1.33","","","","","","","","","","","",""
"image-keyboard-response","144","901775","0.0-8.0-2.33","null","stimuli/noise_texture.png","null","","","","","","","","",""
"custom-labels-response","145","904698","0.0-8.0-3.33","2919.1999999284744","","friendly","","","","","tom-labels","","","M5","friendly"
"html-keyboard-response","146","905708","0.0-8.0-0.34","null","<span style=""font-size:40px;"">+</span>","null","","","","","","","","",""
"html-keyboard-response","147","910422","0.0-8.0-1.34","","","","","","","","","","","",""
"image-keyboard-response","148","910930","0.0-8.0-2.34","null","stimuli/noise_texture.png","null","","","","","","","","",""
"custom-labels-response","149","917997","0.0-8.0-3.34","7063.799999952316","","dubious","","","","","tom-labels","","","F5","intrigued"
"html-keyboard-response","150","919010","0.0-8.0-0.35","null","<span style=""font-size:40px;"">+</span>","null","","","","","","","","",""
"html-keyboard-response","151","923682","0.0-8.0-1.35","","","","","","","","","","","",""
"image-keyboard-response","152","924195","0.0-8.0-2.35","null","stimuli/noise_texture.png","null","","","","","","","","",""
"custom-labels-response","153","926943","0.0-8.0-3.35","2745.100000023842","","suspicious","","","","","tom-labels","","","F4","assertive"
"html-keyboard-response","154","927949","0.0-8.0-0.36","null","<span style=""font-size:40px;"">+</span>","null","","","","","","","","",""
"html-keyboard-response","155","932511","0.0-8.0-1.36","","","","","","","","","","","",""
"image-keyboard-response","156","933026","0.0-8.0-2.36","null","stimuli/noise_texture.png","null","","","","","","","","",""
"custom-labels-response","157","937820","0.0-8.0-3.36","4790.399999976158","","eager","","","","","tom-labels","","","F5","eager"
"html-keyboard-response","158","938829","0.0-8.0-0.37","null","<span style=""font-size:40px;"">+</span>","null","","","","","","","","",""
"html-keyboard-response","159","943505","0.0-8.0-1.37","","","","","","","","","","","",""
"image-keyboard-response","160","944021","0.0-8.0-2.37","null","stimuli/noise_texture.png","null","","","","","","","","",""
"custom-labels-response","161","948896","0.0-8.0-3.37","4871.899999976158","","doubtful","","","","","tom-labels","","","F4","stern"
"html-keyboard-response","162","949910","0.0-8.0-0.38","null","<span style=""font-size:40px;"">+</span>","null","","","","","","","","",""
"html-keyboard-response","163","954540","0.0-8.0-1.38","","","","","","","","","","","",""
"image-keyboard-response","164","955047","0.0-8.0-2.38","null","stimuli/noise_texture.png","null","","","","","","","","",""
"custom-labels-response","165","957089","0.0-8.0-3.38","2038.6999999284744","","contented","","","","","tom-labels","","","F7","contented"
"html-keyboard-response","166","958102","0.0-8.0-0.39","null","<span style=""font-size:40px;"">+</span>","null","","","","","","","","",""
"html-keyboard-response","167","962661","0.0-8.0-1.39","","","","","","","","","","","",""
"image-keyboard-response","168","963176","0.0-8.0-2.39","null","stimuli/noise_texture.png","null","","","","","","","","",""
"custom-labels-response","169","965186","0.0-8.0-3.39","2007","","doubtful","","","","","tom-labels","","","M2","doubtful"
"html-keyboard-response","170","966194","0.0-9.0-0.0","null","<span style=""font-size:40px;"">+</span>","null","","","","","","","","",""
"html-keyboard-response","171","970939","0.0-9.0-1.0","","","","","","","","","","","",""
"image-keyboard-response","172","971453","0.0-9.0-2.0","null","stimuli/noise_texture.png","null","","","","","","","","",""
"custom-labels-response","173","977633","0.0-9.0-3.0","6177.199999928474","","click","","","","","attention-check","","","M6","reflective"
"html-keyboard-response","174","978640","0.0-11.0-0.0","null","<span style=""font-size:40px;"">+</span>","null","","","","","","","","",""
"html-keyboard-response","175","983752","0.0-11.0-1.0","","","","","","","","","","","",""
"image-keyboard-response","176","984265","0.0-11.0-2.0","null","stimuli/noise_texture.png","null","","","","","","","","",""
"custom-labels-response","177","990645","0.0-11.0-3.0","6376.5","","depressed","","","","","tom-labels","","","M6","depressed"
"html-keyboard-response","178","991655","0.0-11.0-0.1","null","<span style=""font-size:40px;"">+</span>","null","","","","","","","","",""
"html-keyboard-response","179","996287","0.0-11.0-1.1","","","","","","","","","","","",""
"image-keyboard-response","180","996800","0.0-11.0-2.1","null","stimuli/noise_texture.png","null","","","","","","","","",""
"custom-labels-response","181","1002491","0.0-11.0-3.1","5688.700000047684","","fascinated","","","","","tom-labels","","","F5","encouraging"
"html-keyboard-response","182","1003503","0.0-11.0-0.2","null","<span style=""font-size:40px;"">+</span>","null","","","","","","","","",""
"html-keyboard-response","183","1008248","0.0-11.0-1.2","","","","","","","","","","","",""
"image-keyboard-response","184","1008756","0.0-11.0-2.2","null","stimuli/noise_texture.png","null","","","","","","","","",""
"custom-labels-response","185","1010935","0.0-11.0-3.2","2176.2999999523163","","intrigued","","","","","tom-labels","","","M4","intrigued"
"html-keyboard-response","186","1011946","0.0-11.0-0.3","null","<span style=""font-size:40px;"">+</span>","null","","","","","","","","",""
"html-keyboard-response","187","1016570","0.0-11.0-1.3","","","","","","","","","","","",""
"image-keyboard-response","188","1017079","0.0-11.0-2.3","null","stimuli/noise_texture.png","null","","","","","","","","",""
"custom-labels-response","189","1020111","0.0-11.0-3.3","3029.600000023842","","sarcastic","","","","","tom-labels","","","F3","sarcastic"
"html-keyboard-response","190","1021118","0.0-11.0-0.4","null","<span style=""font-size:40px;"">+</span>","null","","","","","","","","",""
"html-keyboard-response","191","1025531","0.0-11.0-1.4","","","","","","","","","","","",""
"image-keyboard-response","192","1026045","0.0-11.0-2.4","null","stimuli/noise_texture.png","null","","","","","","","","",""
"custom-labels-response","193","1028270","0.0-11.0-3.4","2221.7999999523163","","insisting","","","","","tom-labels","","","F3","insisting"
"html-keyboard-response","194","1029273","0.0-11.0-0.5","null","<span style=""font-size:40px;"">+</span>","null","","","","","","","","",""
"html-keyboard-response","195","1033912","0.0-11.0-1.5","","","","","","","","","","","",""
"image-keyboard-response","196","1034415","0.0-11.0-2.5","null","stimuli/noise_texture.png","null","","","","","","","","",""
"custom-labels-response","197","1038699","0.0-11.0-3.5","4280.600000023842","","dispirited","","","","","tom-labels","","","F3","regretful"
"html-keyboard-response","198","1039708","0.0-11.0-0.6","null","<span style=""font-size:40px;"">+</span>","null","","","","","","","","",""
"html-keyboard-response","199","1044516","0.0-11.0-1.6","","","","","","","","","","","",""
"image-keyboard-response","200","1045031","0.0-11.0-2.6","null","stimuli/noise_texture.png","null","","","","","","","","",""
"custom-labels-response","201","1058189","0.0-11.0-3.6","13153.600000023842","","indecisive","","","","","tom-labels","","","M2","insulting"
"html-keyboard-response","202","1059191","0.0-11.0-0.7","null","<span style=""font-size:40px;"">+</span>","null","","","","","","","","",""
"html-keyboard-response","203","1063968","0.0-11.0-1.7","","","","","","","","","","","",""
"image-keyboard-response","204","1064470","0.0-11.0-2.7","null","stimuli/noise_texture.png","null","","","","","","","","",""
"custom-labels-response","205","1066344","0.0-11.0-3.7","1870","","amused","","","","","tom-labels","","","M4","affectionate"
"html-keyboard-response","206","1067356","0.0-11.0-0.8","null","<span style=""font-size:40px;"">+</span>","null","","","","","","","","",""
"html-keyboard-response","207","1071820","0.0-11.0-1.8","","","","","","","","","","","",""
"image-keyboard-response","208","1072330","0.0-11.0-2.8","null","stimuli/noise_texture.png","null","","","","","","","","",""
"custom-labels-response","209","1075202","0.0-11.0-3.8","2869","","pensive","","","","","tom-labels","","","M1","pensive"
"html-keyboard-response","210","1076215","0.0-11.0-0.9","null","<span style=""font-size:40px;"">+</span>","null","","","","","","","","",""
"html-keyboard-response","211","1080817","0.0-11.0-1.9","","","","","","","","","","","",""
"image-keyboard-response","212","1081325","0.0-11.0-2.9","null","stimuli/noise_texture.png","null","","","","","","","","",""
"custom-labels-response","213","1083956","0.0-11.0-3.9","2627.5999999046326","","horrified","","","","","tom-labels","","","F8","horrified"
"html-keyboard-response","214","1084958","0.0-11.0-0.10","null","<span style=""font-size:40px;"">+</span>","null","","","","","","","","",""
"html-keyboard-response","215","1089547","0.0-11.0-1.10","","","","","","","","","","","",""
"image-keyboard-response","216","1090050","0.0-11.0-2.10","null","stimuli/noise_texture.png","null","","","","","","","","",""
"custom-labels-response","217","1092758","0.0-11.0-3.10","2704.2000000476837","","tentative","","","","","tom-labels","","","F2","tentative"
"html-keyboard-response","218","1093770","0.0-11.0-0.11","null","<span style=""font-size:40px;"">+</span>","null","","","","","","","","",""
"html-keyboard-response","219","1098307","0.0-11.0-1.11","","","","","","","","","","","",""
"image-keyboard-response","220","1098811","0.0-11.0-2.11","null","stimuli/noise_texture.png","null","","","","","","","","",""
"custom-labels-response","221","1106205","0.0-11.0-3.11","7390.600000023842","","terrified","","","","","tom-labels","","","M3","accusing"
"html-keyboard-response","222","1107210","0.0-11.0-0.12","null","<span style=""font-size:40px;"">+</span>","null","","","","","","","","",""
"html-keyboard-response","223","1111857","0.0-11.0-1.12","","","","","","","","","","","",""
"image-keyboard-response","224","1112360","0.0-11.0-2.12","null","stimuli/noise_texture.png","null","","","","","","","","",""
"custom-labels-response","225","1115030","0.0-11.0-3.12","2666.100000023842","","thoughtful","","","","","tom-labels","","","M2","thoughtful"
"html-keyboard-response","226","1116033","0.0-11.0-0.13","null","<span style=""font-size:40px;"">+</span>","null","","","","","","","","",""
"html-keyboard-response","227","1120405","0.0-11.0-1.13","","","","","","","","","","","",""
"image-keyboard-response","228","1120920","0.0-11.0-2.13","null","stimuli/noise_texture.png","null","","","","","","","","",""
"custom-labels-response","229","1126109","0.0-11.0-3.13","5186.100000023842","","fearful","","","","","tom-labels","","","F3","fearful"
"html-keyboard-response","230","1127127","0.0-11.0-0.14","null","<span style=""font-size:40px;"">+</span>","null","","","","","","","","",""
"html-keyboard-response","231","1131677","0.0-11.0-1.14","","","","","","","","","","","",""
"image-keyboard-response","232","1132182","0.0-11.0-2.14","null","stimuli/noise_texture.png","null","","","","","","","","",""
"custom-labels-response","233","1136255","0.0-11.0-3.14","4069.2000000476837","","indecisive","","","","","tom-labels","","","F4","irritated"
"html-keyboard-response","234","1137268","0.0-11.0-0.15","null","<span style=""font-size:40px;"">+</span>","null","","","","","","","","",""
"html-keyboard-response","235","1142175","0.0-11.0-1.15","","","","","","","","","","","",""
"image-keyboard-response","236","1142681","0.0-11.0-2.15","null","stimuli/noise_texture.png","null","","","","","","","","",""
"custom-labels-response","237","1148885","0.0-11.0-3.15","6200.600000023842","","sympathetic","","","","","tom-labels","","","F6","sympathetic"
"html-keyboard-response","238","1149888","0.0-11.0-0.16","null","<span style=""font-size:40px;"">+</span>","null","","","","","","","","",""
"html-keyboard-response","239","1154276","0.0-11.0-1.16","","","","","","","","","","","",""
"image-keyboard-response","240","1154789","0.0-11.0-2.16","null","stimuli/noise_texture.png","null","","","","","","","","",""
"custom-labels-response","241","1162952","0.0-11.0-3.16","8160.100000023842","","terrified","","","","","tom-labels","","","M3","hateful"
"html-keyboard-response","242","1163961","0.0-11.0-0.17","null","<span style=""font-size:40px;"">+</span>","null","","","","","","","","",""
"html-keyboard-response","243","1168571","0.0-11.0-1.17","","","","","","","","","","","",""
"image-keyboard-response","244","1169074","0.0-11.0-2.17","null","stimuli/noise_texture.png","null","","","","","","","","",""
"custom-labels-response","245","1170926","0.0-11.0-3.17","1849.7000000476837","","alarmed","","","","","tom-labels","","","F3","alarmed"
"html-keyboard-response","246","1171933","0.0-11.0-0.18","null","<span style=""font-size:40px;"">+</span>","null","","","","","","","","",""
"html-keyboard-response","247","1176587","0.0-11.0-1.18","","","","","","","","","","","",""
"image-keyboard-response","248","1177096","0.0-11.0-2.18","null","stimuli/noise_texture.png","null","","","","","","","","",""
"custom-labels-response","249","1180871","0.0-11.0-3.18","3771.7000000476837","","dubious","","","","","tom-labels","","","F5","grateful"
"html-keyboard-response","250","1181884","0.0-11.0-0.19","null","<span style=""font-size:40px;"">+</span>","null","","","","","","","","",""
"html-keyboard-response","251","1186350","0.0-11.0-1.19","","","","","","","","","","","",""
"image-keyboard-response","252","1186857","0.0-11.0-2.19","null","stimuli/noise_texture.png","null","","","","","","","","",""
"custom-labels-response","253","1188942","0.0-11.0-3.19","2082.1999999284744","","dispirited","","","","","tom-labels","","","M1","dispirited"
"html-keyboard-response","254","1189958","0.0-11.0-0.20","null","<span style=""font-size:40px;"">+</span>","null","","","","","","","","",""
"html-keyboard-response","255","1194401","0.0-11.0-1.20","","","","","","","","","","","",""
"image-keyboard-response","256","1194913","0.0-11.0-2.20","null","stimuli/noise_texture.png","null","","","","","","","","",""
"custom-labels-response","257","1198694","0.0-11.0-3.20","3776.399999976158","","alarmed","","","","","tom-labels","","","M2","alarmed"
"html-keyboard-response","258","1199699","0.0-11.0-0.21","null","<span style=""font-size:40px;"">+</span>","null","","","","","","","","",""
"html-keyboard-response","259","1204379","0.0-11.0-1.21","","","","","","","","","","","",""
"image-keyboard-response","260","1204880","0.0-11.0-2.21","null","stimuli/noise_texture.png","null","","","","","","","","",""
"custom-labels-response","261","1208234","0.0-11.0-3.21","3350.399999976158","","indifferent","","","","","tom-labels","","","F4","indifferent"
"html-button-response","262","1511808","0.0-12.0","303570.7000000477","You have completed the first part of the experiment.<br> Please take a five-minute break before moving on to the next trial.<p> Feel free to walk around the room and stretch. However, please make sure to return to the task<br> within 5 minutes, as extended delays may result in automatic withdrawal from the study.<br>Press <b>Continue</b> to proceed with the experiment.<p><span id=""clock"">5:00</span>","0","","","","","","","","",""
"instructions","263","1520768","0.0-13.0","8958.099999904633","","","","","","","","","[{""page_index"":0,""viewing_time"":2100.1999999284744},{""page_index"":1,""viewing_time"":4423},{""page_index"":2,""viewing_time"":2434.399999976158}]","",""
"html-keyboard-response","264","1521773","0.0-14.0-0.0","null","<span style=""font-size:40px;"">+</span>","null","","","","","","","","",""
"html-keyboard-response","265","1526851","0.0-14.0-1.0","","","","","","","","","","","",""
"image-keyboard-response","266","1527359","0.0-14.0-2.0","null","stimuli/noise_texture.png","null","","","","","","","","",""
"custom-labels-response","267","1528908","0.0-14.0-3.0","1547.6000000238419","","thoughtful","","","","","tom-labels","","","M5","suspicious"
"html-keyboard-response","268","1529915","0.0-14.0-0.1","null","<span style=""font-size:40px;"">+</span>","null","","","","","","","","",""
"html-keyboard-response","269","1534651","0.0-14.0-1.1","","","","","","","","","","","",""
"image-keyboard-response","270","1535161","0.0-14.0-2.1","null","stimuli/noise_texture.png","null","","","","","","","","",""
"custom-labels-response","271","1537921","0.0-14.0-3.1","2758.5","","skeptical","","","","","tom-labels","","","F5","worried"
"html-keyboard-response","272","1538923","0.0-14.0-0.2","null","<span style=""font-size:40px;"">+</span>","null","","","","","","","","",""
"html-keyboard-response","273","1543736","0.0-14.0-1.2","","","","","","","","","","","",""
"image-keyboard-response","274","1544239","0.0-14.0-2.2","null","stimuli/noise_texture.png","null","","","","","","","","",""
"custom-labels-response","275","1545526","0.0-14.0-3.2","1286.1999999284744","","terrified","","","","","tom-labels","","","M5","terrified"
"html-keyboard-response","276","1546529","0.0-14.0-0.3","null","<span style=""font-size:40px;"">+</span>","null","","","","","","","","",""
"html-keyboard-response","277","1551130","0.0-14.0-1.3","","","","","","","","","","","",""
"image-keyboard-response","278","1551635","0.0-14.0-2.3","null","stimuli/noise_texture.png","null","","","","","","","","",""
"custom-labels-response","279","1552921","0.0-14.0-3.3","1284.7999999523163","","resentful","","","","","tom-labels","","","M3","resentful"
"html-keyboard-response","280","1553923","0.0-14.0-0.4","null","<span style=""font-size:40px;"">+</span>","null","","","","","","","","",""
"html-keyboard-response","281","1558948","0.0-14.0-1.4","","","","","","","","","","","",""
"image-keyboard-response","282","1559460","0.0-14.0-2.4","null","stimuli/noise_texture.png","null","","","","","","","","",""
"custom-labels-response","283","1561981","0.0-14.0-3.4","2519","","offended","","","","","tom-labels","","","M2","uneasy"
"html-keyboard-response","284","1562997","0.0-14.0-0.5","null","<span style=""font-size:40px;"">+</span>","null","","","","","","","","",""
"html-keyboard-response","285","1568118","0.0-14.0-1.5","","","","","","","","","","","",""
"image-keyboard-response","286","1568620","0.0-14.0-2.5","null","stimuli/noise_texture.png","null","","","","","","","","",""
"custom-labels-response","287","1569906","0.0-14.0-3.5","1283.8999999761581","","contemplative","","","","","tom-labels","","","F6","contemplative"
"html-keyboard-response","288","1570910","0.0-14.0-0.6","null","<span style=""font-size:40px;"">+</span>","null","","","","","","","","",""
"html-keyboard-response","289","1575521","0.0-14.0-1.6","","","","","","","","","","","",""
"image-keyboard-response","290","1576027","0.0-14.0-2.6","null","stimuli/noise_texture.png","null","","","","","","","","",""
"custom-labels-response","291","1577761","0.0-14.0-3.6","1733.3999999761581","","dominant","","","","","tom-labels","","","M1","dominant"
"html-keyboard-response","292","1578769","0.0-14.0-0.7","null","<span style=""font-size:40px;"">+</span>","null","","","","","","","","",""
"html-keyboard-response","293","1583703","0.0-14.0-1.7","","","","","","","","","","","",""
"image-keyboard-response","294","1584205","0.0-14.0-2.7","null","stimuli/noise_texture.png","null","","","","","","","","",""
"custom-labels-response","295","1586269","0.0-14.0-3.7","2063","","deciding","","","","","tom-labels","","","F6","deciding"
"html-keyboard-response","296","1587278","0.0-14.0-0.8","null","<span style=""font-size:40px;"">+</span>","null","","","","","","","","",""
"html-keyboard-response","297","1592228","0.0-14.0-1.8","","","","","","","","","","","",""
"image-keyboard-response","298","1592744","0.0-14.0-2.8","null","stimuli/noise_texture.png","null","","","","","","","","",""
"custom-labels-response","299","1595015","0.0-14.0-3.8","2269.899999976158","","perplexed","","","","","tom-labels","","","M6","indecisive"
"html-keyboard-response","300","1596017","0.0-14.0-0.9","null","<span style=""font-size:40px;"">+</span>","null","","","","","","","","",""
"html-keyboard-response","301","1600446","0.0-14.0-1.9","","","","","","","","","","","",""
"image-keyboard-response","302","1600955","0.0-14.0-2.9","null","stimuli/noise_texture.png","null","","","","","","","","",""
"custom-labels-response","303","1605371","0.0-14.0-3.9","4414.100000023842","","sympathetic","","","","","tom-labels","","","M3","sympathetic"
"html-keyboard-response","304","1606386","0.0-14.0-0.10","null","<span style=""font-size:40px;"">+</span>","null","","","","","","","","",""
"html-keyboard-response","305","1611271","0.0-14.0-1.10","","","","","","","","","","","",""
"image-keyboard-response","306","1611783","0.0-14.0-2.10","null","stimuli/noise_texture.png","null","","","","","","","","",""
"custom-labels-response","307","1618207","0.0-14.0-3.10","6422.5","","panicked","","","","","tom-labels","","","M4","panicked"
"html-keyboard-response","308","1619214","0.0-14.0-0.11","null","<span style=""font-size:40px;"">+</span>","null","","","","","","","","",""
"html-keyboard-response","309","1623741","0.0-14.0-1.11","","","","","","","","","","","",""
"image-keyboard-response","310","1624247","0.0-14.0-2.11","null","stimuli/noise_texture.png","null","","","","","","","","",""
"custom-labels-response","311","1628303","0.0-14.0-3.11","4054.7000000476837","","earnest","","","","","tom-labels","","","F3","earnest"
"html-keyboard-response","312","1629305","0.0-14.0-0.12","null","<span style=""font-size:40px;"">+</span>","null","","","","","","","","",""
"html-keyboard-response","313","1634672","0.0-14.0-1.12","","","","","","","","","","","",""
"image-keyboard-response","314","1635175","0.0-14.0-2.12","null","stimuli/noise_texture.png","null","","","","","","","","",""
"custom-labels-response","315","1641520","0.0-14.0-3.12","6344","","arrogant","","","","","tom-labels","","","M2","desire"
"html-keyboard-response","316","1642523","0.0-14.0-0.13","null","<span style=""font-size:40px;"">+</span>","null","","","","","","","","",""
"html-keyboard-response","317","1647627","0.0-14.0-1.13","","","","","","","","","","","",""
"image-keyboard-response","318","1648141","0.0-14.0-2.13","null","stimuli/noise_texture.png","null","","","","","","","","",""
"custom-labels-response","319","1655431","0.0-14.0-3.13","7288.5","","tentative","","","","","tom-labels","","","F4","defiant"
"html-keyboard-response","320","1656440","0.0-14.0-0.14","null","<span style=""font-size:40px;"">+</span>","null","","","","","","","","",""
"html-keyboard-response","321","1661180","0.0-14.0-1.14","","","","","","","","","","","",""
"image-keyboard-response","322","1661688","0.0-14.0-2.14","null","stimuli/noise_texture.png","null","","","","","","","","",""
"custom-labels-response","323","1667497","0.0-14.0-3.14","5808.399999976158","","playful","","","","","tom-labels","","","M5","playful"
"html-keyboard-response","324","1668499","0.0-14.0-0.15","null","<span style=""font-size:40px;"">+</span>","null","","","","","","","","",""
"html-keyboard-response","325","1673726","0.0-14.0-1.15","","","","","","","","","","","",""
"image-keyboard-response","326","1674235","0.0-14.0-2.15","null","stimuli/noise_texture.png","null","","","","","","","","",""
"custom-labels-response","327","1678258","0.0-14.0-3.15","4021","","embarrassed","","","","","tom-labels","","","M5","embarrassed"
"html-keyboard-response","328","1679262","0.0-14.0-0.16","null","<span style=""font-size:40px;"">+</span>","null","","","","","","","","",""
"html-keyboard-response","329","1684270","0.0-14.0-1.16","","","","","","","","","","","",""
"image-keyboard-response","330","1684782","0.0-14.0-2.16","null","stimuli/noise_texture.png","null","","","","","","","","",""
"custom-labels-response","331","1689303","0.0-14.0-3.16","4518.700000047684","","anxious","","","","","tom-labels","","","F7","anxious"
"html-keyboard-response","332","1690314","0.0-14.0-0.17","null","<span style=""font-size:40px;"">+</span>","null","","","","","","","","",""
"html-keyboard-response","333","1695360","0.0-14.0-1.17","","","","","","","","","","","",""
"image-keyboard-response","334","1695876","0.0-14.0-2.17","null","stimuli/noise_texture.png","null","","","","","","","","",""
"custom-labels-response","335","1699649","0.0-14.0-3.17","3771.399999976158","","contemplative","","","","","tom-labels","","","F8","desire"
"html-keyboard-response","336","1700654","0.0-14.0-0.18","null","<span style=""font-size:40px;"">+</span>","null","","","","","","","","",""
"html-keyboard-response","337","1705738","0.0-14.0-1.18","","","","","","","","","","","",""
"image-keyboard-response","338","1706252","0.0-14.0-2.18","null","stimuli/noise_texture.png","null","","","","","","","","",""
"custom-labels-response","339","1709107","0.0-14.0-3.18","2853.399999976158","","despondent","","","","","tom-labels","","","M4","contemplative"
"html-keyboard-response","340","1710123","0.0-14.0-0.19","null","<span style=""font-size:40px;"">+</span>","null","","","","","","","","",""
"html-keyboard-response","341","1714861","0.0-14.0-1.19","","","","","","","","","","","",""
"image-keyboard-response","342","1715365","0.0-14.0-2.19","null","stimuli/noise_texture.png","null","","","","","","","","",""
"custom-labels-response","343","1718156","0.0-14.0-3.19","2790","","aghast","","","","","tom-labels","","","M3","aghast"
"html-keyboard-response","344","1719158","0.0-14.0-0.20","null","<span style=""font-size:40px;"">+</span>","null","","","","","","","","",""
"html-keyboard-response","345","1723738","0.0-14.0-1.20","","","","","","","","","","","",""
"image-keyboard-response","346","1724241","0.0-14.0-2.20","null","stimuli/noise_texture.png","null","","","","","","","","",""
"custom-labels-response","347","1726424","0.0-14.0-3.20","2181.3000000715256","","grateful","","","","","tom-labels","","","M3","grateful"
"html-keyboard-response","348","1727433","0.0-14.0-0.21","null","<span style=""font-size:40px;"">+</span>","null","","","","","","","","",""
"html-keyboard-response","349","1732465","0.0-14.0-1.21","","","","","","","","","","","",""
"image-keyboard-response","350","1732973","0.0-14.0-2.21","null","stimuli/noise_texture.png","null","","","","","","","","",""
"custom-labels-response","351","1736131","0.0-14.0-3.21","3153.2000000476837","","puzzled","","","","","tom-labels","","","M6","puzzled"
"html-keyboard-response","352","1737144","0.0-14.0-0.22","null","<span style=""font-size:40px;"">+</span>","null","","","","","","","","",""
"html-keyboard-response","353","1741686","0.0-14.0-1.22","","","","","","","","","","","",""
"image-keyboard-response","354","1742191","0.0-14.0-2.22","null","stimuli/noise_texture.png","null","","","","","","","","",""
"custom-labels-response","355","1751303","0.0-14.0-3.22","9109.200000047684","","baffled","","","","","tom-labels","","","F7","aghast"
"html-keyboard-response","356","1752319","0.0-14.0-0.23","null","<span style=""font-size:40px;"">+</span>","null","","","","","","","","",""
"html-keyboard-response","357","1756610","0.0-14.0-1.23","","","","","","","","","","","",""
"image-keyboard-response","358","1757116","0.0-14.0-2.23","null","stimuli/noise_texture.png","null","","","","","","","","",""
"custom-labels-response","359","1759578","0.0-14.0-3.23","2458.399999976158","","distrustful","","","","","tom-labels","","","F3","distrustful"
"html-keyboard-response","360","1760587","0.0-14.0-0.24","null","<span style=""font-size:40px;"">+</span>","null","","","","","","","","",""
"html-keyboard-response","361","1765074","0.0-14.0-1.24","","","","","","","","","","","",""
"image-keyboard-response","362","1765581","0.0-14.0-2.24","null","stimuli/noise_texture.png","null","","","","","","","","",""
"custom-labels-response","363","1768302","0.0-14.0-3.24","2716.9000000953674","","curious","","","","","tom-labels","","","F2","curious"
"html-keyboard-response","364","1769304","0.0-14.0-0.25","null","<span style=""font-size:40px;"">+</span>","null","","","","","","","","",""
"html-keyboard-response","365","1773837","0.0-14.0-1.25","","","","","","","","","","","",""
"image-keyboard-response","366","1774352","0.0-14.0-2.25","null","stimuli/noise_texture.png","null","","","","","","","","",""
"custom-labels-response","367","1781053","0.0-14.0-3.25","6697.899999976158","","regretful","","","","","tom-labels","","","F4","flustered"
"html-keyboard-response","368","1782057","0.0-14.0-0.26","null","<span style=""font-size:40px;"">+</span>","null","","","","","","","","",""
"html-keyboard-response","369","1786785","0.0-14.0-1.26","","","","","","","","","","","",""
"image-keyboard-response","370","1787299","0.0-14.0-2.26","null","stimuli/noise_texture.png","null","","","","","","","","",""
"custom-labels-response","371","1790263","0.0-14.0-3.26","2960.2000000476837","","arrogant","","","","","tom-labels","","","F4","arrogant"
"html-keyboard-response","372","1791271","0.0-14.0-0.27","null","<span style=""font-size:40px;"">+</span>","null","","","","","","","","",""
"html-keyboard-response","373","1795871","0.0-14.0-1.27","","","","","","","","","","","",""
"image-keyboard-response","374","1796375","0.0-14.0-2.27","null","stimuli/noise_texture.png","null","","","","","","","","",""
"custom-labels-response","375","1798718","0.0-14.0-3.27","2339","","uneasy","","","","","tom-labels","","","F7","uneasy"
"html-keyboard-response","376","1799725","0.0-14.0-0.28","null","<span style=""font-size:40px;"">+</span>","null","","","","","","","","",""
"html-keyboard-response","377","1804525","0.0-14.0-1.28","","","","","","","","","","","",""
"image-keyboard-response","378","1805036","0.0-14.0-2.28","null","stimuli/noise_texture.png","null","","","","","","","","",""
"custom-labels-response","379","1808430","0.0-14.0-3.28","3390.2000000476837","","contented","","","","","tom-labels","","","M5","contented"
"html-keyboard-response","380","1809444","0.0-14.0-0.29","null","<span style=""font-size:40px;"">+</span>","null","","","","","","","","",""
"html-keyboard-response","381","1813921","0.0-14.0-1.29","","","","","","","","","","","",""
"image-keyboard-response","382","1814437","0.0-14.0-2.29","null","stimuli/noise_texture.png","null","","","","","","","","",""
"custom-labels-response","383","1820526","0.0-14.0-3.29","6086.100000023842","","annoyed","","","","","tom-labels","","","M6","annoyed"
"html-keyboard-response","384","1821538","0.0-15.0-0.0","null","<span style=""font-size:40px;"">+</span>","null","","","","","","","","",""
"html-keyboard-response","385","1826157","0.0-15.0-1.0","","","","","","","","","","","",""
"image-keyboard-response","386","1826671","0.0-15.0-2.0","null","stimuli/noise_texture.png","null","","","","","","","","",""
"custom-labels-response","387","1828917","0.0-15.0-3.0","2242.3000000715256","","click","","","","","attention-check","","","F4","dubious"
"html-keyboard-response","388","1829930","0.0-17.0-0.0","null","<span style=""font-size:40px;"">+</span>","null","","","","","","","","",""
"html-keyboard-response","389","1834414","0.0-17.0-1.0","","","","","","","","","","","",""
"image-keyboard-response","390","1834917","0.0-17.0-2.0","null","stimuli/noise_texture.png","null","","","","","","","","",""
"custom-labels-response","391","1837195","0.0-17.0-3.0","2274.399999976158","","fantasizing","","","","","tom-labels","","","F2","fantasizing"
"html-keyboard-response","392","1838206","0.0-17.0-0.1","null","<span style=""font-size:40px;"">+</span>","null","","","","","","","","",""
"html-keyboard-response","393","1842645","0.0-17.0-1.1","","","","","","","","","","","",""
"image-keyboard-response","394","1843162","0.0-17.0-2.1","null","stimuli/noise_texture.png","null","","","","","","","","",""
"custom-labels-response","395","1844870","0.0-17.0-3.1","1703.7000000476837","","pensive","","","","","tom-labels","","","F3","pensive"
"html-keyboard-response","396","1845880","0.0-17.0-0.2","null","<span style=""font-size:40px;"">+</span>","null","","","","","","","","",""
"html-keyboard-response","397","1850309","0.0-17.0-1.2","","","","","","","","","","","",""
"image-keyboard-response","398","1850819","0.0-17.0-2.2","null","stimuli/noise_texture.png","null","","","","","","","","",""
"custom-labels-response","399","1859119","0.0-17.0-3.2","8296.299999952316","","hopeful","","","","","tom-labels","","","F3","entertained"
"html-keyboard-response","400","1860129","0.0-17.0-0.3","null","<span style=""font-size:40px;"">+</span>","null","","","","","","","","",""
"html-keyboard-response","401","1864494","0.0-17.0-1.3","","","","","","","","","","","",""
"image-keyboard-response","402","1865004","0.0-17.0-2.3","null","stimuli/noise_texture.png","null","","","","","","","","",""
"custom-labels-response","403","1869365","0.0-17.0-3.3","4357.599999904633","","doubtful","","","","","tom-labels","","","F3","doubtful"
"html-keyboard-response","404","1870380","0.0-17.0-0.4","null","<span style=""font-size:40px;"">+</span>","null","","","","","","","","",""
"html-keyboard-response","405","1875269","0.0-17.0-1.4","","","","","","","","","","","",""
"image-keyboard-response","406","1875782","0.0-17.0-2.4","null","stimuli/noise_texture.png","null","","","","","","","","",""
"custom-labels-response","407","1880246","0.0-17.0-3.4","4460.400000095367","","flustered","","","","","tom-labels","","","M4","flustered"
"html-keyboard-response","408","1881255","0.0-17.0-0.5","null","<span style=""font-size:40px;"">+</span>","null","","","","","","","","",""
"html-keyboard-response","409","1885899","0.0-17.0-1.5","","","","","","","","","","","",""
"image-keyboard-response","410","1886406","0.0-17.0-2.5","null","stimuli/noise_texture.png","null","","","","","","","","",""
"custom-labels-response","411","1891386","0.0-17.0-3.5","4976.5","","concerned","","","","","tom-labels","","","F7","concerned"
"html-keyboard-response","412","1892398","0.0-17.0-0.6","null","<span style=""font-size:40px;"">+</span>","null","","","","","","","","",""
"html-keyboard-response","413","1897102","0.0-17.0-1.6","","","","","","","","","","","",""
"image-keyboard-response","414","1897604","0.0-17.0-2.6","null","stimuli/noise_texture.png","null","","","","","","","","",""
"custom-labels-response","415","1901686","0.0-17.0-3.6","4077.5","","fearful","","","","","tom-labels","","","M4","tentative"
"html-keyboard-response","416","1902702","0.0-17.0-0.7","null","<span style=""font-size:40px;"">+</span>","null","","","","","","","","",""
"html-keyboard-response","417","1907826","0.0-17.0-1.7","","","","","","","","","","","",""
"image-keyboard-response","418","1908334","0.0-17.0-2.7","null","stimuli/noise_texture.png","null","","","","","","","","",""
"custom-labels-response","419","1926677","0.0-17.0-3.7","18339.299999952316","","baffled","","","","","tom-labels","","","M6","despondent"
"html-keyboard-response","420","1927686","0.0-17.0-0.8","null","<span style=""font-size:40px;"">+</span>","null","","","","","","","","",""
"html-keyboard-response","421","1932190","0.0-17.0-1.8","","","","","","","","","","","",""
"image-keyboard-response","422","1932706","0.0-17.0-2.8","null","stimuli/noise_texture.png","null","","","","","","","","",""
"custom-labels-response","423","1935088","0.0-17.0-3.8","2378.7999999523163","","threatening","","","","","tom-labels","","","M3","threatening"
"html-keyboard-response","424","1936096","0.0-17.0-0.9","null","<span style=""font-size:40px;"">+</span>","null","","","","","","","","",""
"html-keyboard-response","425","1940729","0.0-17.0-1.9","","","","","","","","","","","",""
"image-keyboard-response","426","1941242","0.0-17.0-2.9","null","stimuli/noise_texture.png","null","","","","","","","","",""
"custom-labels-response","427","1945066","0.0-17.0-3.9","3821.2999999523163","","relaxed","","","","","tom-labels","","","F2","relaxed"
"html-keyboard-response","428","1946075","0.0-17.0-0.10","null","<span style=""font-size:40px;"">+</span>","null","","","","","","","","",""
"html-keyboard-response","429","1950768","0.0-17.0-1.10","","","","","","","","","","","",""
"image-keyboard-response","430","1951282","0.0-17.0-2.10","null","stimuli/noise_texture.png","null","","","","","","","","",""
"custom-labels-response","431","1953005","0.0-17.0-3.10","1719.7000000476837","","satisfied","","","","","tom-labels","","","M6","satisfied"
"html-keyboard-response","432","1954018","0.0-17.0-0.11","null","<span style=""font-size:40px;"">+</span>","null","","","","","","","","",""
"html-keyboard-response","433","1958755","0.0-17.0-1.11","","","","","","","","","","","",""
"image-keyboard-response","434","1959272","0.0-17.0-2.11","null","stimuli/noise_texture.png","null","","","","","","","","",""
"custom-labels-response","435","1965035","0.0-17.0-3.11","5758.5","","fantasizing","","","","","tom-labels","","","M4","fantasizing"
"html-keyboard-response","436","1966046","0.0-17.0-0.12","null","<span style=""font-size:40px;"">+</span>","null","","","","","","","","",""
"html-keyboard-response","437","1970587","0.0-17.0-1.12","","","","","","","","","","","",""
"image-keyboard-response","438","1971100","0.0-17.0-2.12","null","stimuli/noise_texture.png","null","","","","","","","","",""
"custom-labels-response","439","1984375","0.0-17.0-3.12","13271.099999904633","","baffled","","","","","tom-labels","","","F2","baffled"
"html-keyboard-response","440","1985386","0.0-17.0-0.13","null","<span style=""font-size:40px;"">+</span>","null","","","","","","","","",""
"html-keyboard-response","441","1990005","0.0-17.0-1.13","","","","","","","","","","","",""
"image-keyboard-response","442","1990520","0.0-17.0-2.13","null","stimuli/noise_texture.png","null","","","","","","","","",""
"custom-labels-response","443","1995498","0.0-17.0-3.13","4975.399999976158","","worried","","","","","tom-labels","","","M4","worried"
"html-keyboard-response","444","1996514","0.0-17.0-0.14","null","<span style=""font-size:40px;"">+</span>","null","","","","","","","","",""
"html-keyboard-response","445","2001190","0.0-17.0-1.14","","","","","","","","","","","",""
"image-keyboard-response","446","2001702","0.0-17.0-2.14","null","stimuli/noise_texture.png","null","","","","","","","","",""
"custom-labels-response","447","2007134","0.0-17.0-3.14","5428.600000023842","","defiant","","","","","tom-labels","","","M3","assertive"
"html-keyboard-response","448","2008142","0.0-17.0-0.15","null","<span style=""font-size:40px;"">+</span>","null","","","","","","","","",""
"html-keyboard-response","449","2016875","0.0-17.0-1.15","","","","","","","","","","","",""
"image-keyboard-response","450","2017390","0.0-17.0-2.15","null","stimuli/noise_texture.png","null","","","","","","","","",""
"custom-labels-response","451","2022030","0.0-17.0-3.15","4635.5","","accusing","","","","","tom-labels","","","F6","accusing"
"html-keyboard-response","452","2023043","0.0-17.0-0.16","null","<span style=""font-size:40px;"">+</span>","null","","","","","","","","",""
"html-keyboard-response","453","2027559","0.0-17.0-1.16","","","","","","","","","","","",""
"image-keyboard-response","454","2028067","0.0-17.0-2.16","null","stimuli/noise_texture.png","null","","","","","","","","",""
"custom-labels-response","455","2032293","0.0-17.0-3.16","4222.600000023842","","anticipating","","","","","tom-labels","","","F5","anticipating"
"html-keyboard-response","456","2033305","0.0-17.0-0.17","null","<span style=""font-size:40px;"">+</span>","null","","","","","","","","",""
"html-keyboard-response","457","2038059","0.0-17.0-1.17","","","","","","","","","","","",""
"image-keyboard-response","458","2038569","0.0-17.0-2.17","null","stimuli/noise_texture.png","null","","","","","","","","",""
"custom-labels-response","459","2040035","0.0-17.0-3.17","1463","","flirtatious","","","","","tom-labels","","","F6","flirtatious"
"html-keyboard-response","460","2041042","0.0-17.0-0.18","null","<span style=""font-size:40px;"">+</span>","null","","","","","","","","",""
"html-keyboard-response","461","2045595","0.0-17.0-1.18","","","","","","","","","","","",""
"image-keyboard-response","462","2046103","0.0-17.0-2.18","null","stimuli/noise_texture.png","null","","","","","","","","",""
"custom-labels-response","463","2051133","0.0-17.0-3.18","5027.200000047684","","intrigued","","","","","tom-labels","","","M4","confused"
"html-keyboard-response","464","2052139","0.0-17.0-0.19","null","<span style=""font-size:40px;"">+</span>","null","","","","","","","","",""
"html-keyboard-response","465","2056958","0.0-17.0-1.19","","","","","","","","","","","",""
"image-keyboard-response","466","2057463","0.0-17.0-2.19","null","stimuli/noise_texture.png","null","","","","","","","","",""
"custom-labels-response","467","2058820","0.0-17.0-3.19","1353.1999999284744","","disappointed","","","","","tom-labels","","","F5","disappointed"
"html-keyboard-response","468","2059834","0.0-17.0-0.20","null","<span style=""font-size:40px;"">+</span>","null","","","","","","","","",""
"html-keyboard-response","469","2064540","0.0-17.0-1.20","","","","","","","","","","","",""
"image-keyboard-response","470","2065055","0.0-17.0-2.20","null","stimuli/noise_texture.png","null","","","","","","","","",""
"custom-labels-response","471","2067052","0.0-17.0-3.20","1993.5","","irritated","","","","","tom-labels","","","M6","irritated"
"html-keyboard-response","472","2068059","0.0-17.0-0.21","null","<span style=""font-size:40px;"">+</span>","null","","","","","","","","",""
"html-keyboard-response","473","2072734","0.0-17.0-1.21","","","","","","","","","","","",""
"image-keyboard-response","474","2073244","0.0-17.0-2.21","null","stimuli/noise_texture.png","null","","","","","","","","",""
"custom-labels-response","475","2075226","0.0-17.0-3.21","1978.0999999046326","","annoyed","","","","","tom-labels","","","F2","annoyed"
"html-keyboard-response","476","2076233","0.0-17.0-0.22","null","<span style=""font-size:40px;"">+</span>","null","","","","","","","","",""
"html-keyboard-response","477","2080697","0.0-17.0-1.22","","","","","","","","","","","",""
"image-keyboard-response","478","2081209","0.0-17.0-2.22","null","stimuli/noise_texture.png","null","","","","","","","","",""
"custom-labels-response","479","2083002","0.0-17.0-3.22","1789.6000000238419","","upset","","","","","tom-labels","","","M1","upset"
"html-keyboard-response","480","2084008","0.0-17.0-0.23","null","<span style=""font-size:40px;"">+</span>","null","","","","","","","","",""
"html-keyboard-response","481","2087849","0.0-17.0-1.23","","","","","","","","","","","",""
"image-keyboard-response","482","2088365","0.0-17.0-2.23","null","stimuli/noise_texture.png","null","","","","","","","","",""
"custom-labels-response","483","2095794","0.0-17.0-3.23","7425.800000071526","","irritated","","","","","tom-labels","","","M1","disappointed"
"html-keyboard-response","484","2096807","0.0-17.0-0.24","null","<span style=""font-size:40px;"">+</span>","null","","","","","","","","",""
"html-keyboard-response","485","2101305","0.0-17.0-1.24","","","","","","","","","","","",""
"image-keyboard-response","486","2101812","0.0-17.0-2.24","null","stimuli/noise_texture.png","null","","","","","","","","",""
"custom-labels-response","487","2104157","0.0-17.0-3.24","2341.100000023842","","interested","","","","","tom-labels","","","F2","interested"
"html-keyboard-response","488","2105167","0.0-17.0-0.25","null","<span style=""font-size:40px;"">+</span>","null","","","","","","","","",""
"html-keyboard-response","489","2110158","0.0-17.0-1.25","","","","","","","","","","","",""
"image-keyboard-response","490","2110670","0.0-17.0-2.25","null","stimuli/noise_texture.png","null","","","","","","","","",""
"custom-labels-response","491","2113199","0.0-17.0-3.25","2523.2000000476837","","enthused","","","","","tom-labels","","","M5","enthused"
"html-keyboard-response","492","2114209","0.0-17.0-0.26","null","<span style=""font-size:40px;"">+</span>","null","","","","","","","","",""
"html-keyboard-response","493","2118818","0.0-17.0-1.26","","","","","","","","","","","",""
"image-keyboard-response","494","2119330","0.0-17.0-2.26","null","stimuli/noise_texture.png","null","","","","","","","","",""
"custom-labels-response","495","2125813","0.0-17.0-3.26","6479.299999952316","","guilty","","","","","tom-labels","","","M5","guilty"
"html-keyboard-response","496","2126831","0.0-17.0-0.27","null","<span style=""font-size:40px;"">+</span>","null","","","","","","","","",""
"html-keyboard-response","497","2131396","0.0-17.0-1.27","","","","","","","","","","","",""
"image-keyboard-response","498","2131911","0.0-17.0-2.27","null","stimuli/noise_texture.png","null","","","","","","","","",""
"custom-labels-response","499","2134003","0.0-17.0-3.27","2087.7000000476837","","pensive","","","","","tom-labels","","","M4","concerned"
"html-keyboard-response","500","2135017","0.0-17.0-0.28","null","<span style=""font-size:40px;"">+</span>","null","","","","","","","","",""
"html-keyboard-response","501","2139614","0.0-17.0-1.28","","","","","","","","","","","",""
"image-keyboard-response","502","2140117","0.0-17.0-2.28","null","stimuli/noise_texture.png","null","","","","","","","","",""
"custom-labels-response","503","2145203","0.0-17.0-3.28","5079.900000095367","","hateful","","","","","tom-labels","","","F2","hateful"
"html-keyboard-response","504","2146210","0.0-17.0-0.29","null","<span style=""font-size:40px;"">+</span>","null","","","","","","","","",""
"html-keyboard-response","505","2151038","0.0-17.0-1.29","","","","","","","","","","","",""
"image-keyboard-response","506","2151551","0.0-17.0-2.29","null","stimuli/noise_texture.png","null","","","","","","","","",""
"custom-labels-response","507","2153863","0.0-17.0-3.29","2308.2000000476837","","distrustful","","","","","tom-labels","","","M2","distrustful"
"html-keyboard-response","508","2154872","0.0-17.0-0.30","null","<span style=""font-size:40px;"">+</span>","null","","","","","","","","",""
"html-keyboard-response","509","2159488","0.0-17.0-1.30","","","","","","","","","","","",""
"image-keyboard-response","510","2159997","0.0-17.0-2.30","null","stimuli/noise_texture.png","null","","","","","","","","",""
"custom-labels-response","511","2179283","0.0-17.0-3.30","19283.600000023842","","thoughtful","","","","","tom-labels","","","F8","decisive"
"html-keyboard-response","512","2180297","0.0-17.0-0.31","null","<span style=""font-size:40px;"">+</span>","null","","","","","","","","",""
"html-keyboard-response","513","2184876","0.0-17.0-1.31","","","","","","","","","","","",""
"image-keyboard-response","514","2185379","0.0-17.0-2.31","null","stimuli/noise_texture.png","null","","","","","","","","",""
"custom-labels-response","515","2189667","0.0-17.0-3.31","4282.600000023842","","embarrassed","","","","","tom-labels","","","F7","embarrassed"
"html-button-response","516","2267023","0.0-18.0","77353","You have completed the second part of the experiment.<br> Please take a five-minute break before moving on to the next trial.<p> Feel free to walk around the room and stretch. However, please make sure to return to the task<br> within 5 minutes, as extended delays may result in automatic withdrawal from the study.<br>Press <b>Continue</b> to proceed with the experiment.<p><span id=""clock"">5:00</span>","0","","","","","","","","",""
"instructions","517","2285362","0.0-19.0","18337.399999976158","","","","","","","","","[{""page_index"":0,""viewing_time"":2930.399999976158},{""page_index"":1,""viewing_time"":6140.100000023842},{""page_index"":2,""viewing_time"":9266.199999928474}]","",""
"html-keyboard-response","518","2286367","0.0-20.0-0.0","null","<span style=""font-size:40px;"">+</span>","null","","","","","","","","",""
"html-keyboard-response","519","2291114","0.0-20.0-1.0","","","","","","","","","","","",""
"image-keyboard-response","520","2291620","0.0-20.0-2.0","null","stimuli/noise_texture.png","null","","","","","","","","",""
"custom-labels-response","521","2304494","0.0-20.0-3.0","12870.899999976158","","thoughtful","","","","","tom-labels","","","F8","cautious"
"html-keyboard-response","522","2305504","0.0-20.0-0.1","null","<span style=""font-size:40px;"">+</span>","null","","","","","","","","",""
"html-keyboard-response","523","2310178","0.0-20.0-1.1","","","","","","","","","","","",""
"image-keyboard-response","524","2310686","0.0-20.0-2.1","null","stimuli/noise_texture.png","null","","","","","","","","",""
"custom-labels-response","525","2314702","0.0-20.0-3.1","4012.7999999523163","","skeptical","","","","","tom-labels","","","M4","skeptical"
"html-keyboard-response","526","2315714","0.0-20.0-0.2","null","<span style=""font-size:40px;"">+</span>","null","","","","","","","","",""
"html-keyboard-response","527","2320241","0.0-20.0-1.2","","","","","","","","","","","",""
"image-keyboard-response","528","2320752","0.0-20.0-2.2","null","stimuli/noise_texture.png","null","","","","","","","","",""
"custom-labels-response","529","2328756","0.0-20.0-3.2","8000.200000047684","","reflective","","","","","tom-labels","","","F2","reflective"
"html-keyboard-response","530","2329764","0.0-20.0-0.3","null","<span style=""font-size:40px;"">+</span>","null","","","","","","","","",""
"html-keyboard-response","531","2334462","0.0-20.0-1.3","","","","","","","","","","","",""
"image-keyboard-response","532","2334977","0.0-20.0-2.3","null","stimuli/noise_texture.png","null","","","","","","","","",""
"custom-labels-response","533","2338316","0.0-20.0-3.3","3335","","thoughtful","","","","","tom-labels","","","F5","thoughtful"
"html-keyboard-response","534","2339326","0.0-20.0-0.4","null","<span style=""font-size:40px;"">+</span>","null","","","","","","","","",""
"html-keyboard-response","535","2343844","0.0-20.0-1.4","","","","","","","","","","","",""
"image-keyboard-response","536","2344347","0.0-20.0-2.4","null","stimuli/noise_texture.png","null","","","","","","","","",""
"custom-labels-response","537","2352550","0.0-20.0-3.4","8199","","nervous","","","","","tom-labels","","","M3","apologetic"
"html-keyboard-response","538","2353558","0.0-20.0-0.5","null","<span style=""font-size:40px;"">+</span>","null","","","","","","","","",""
"html-keyboard-response","539","2357980","0.0-20.0-1.5","","","","","","","","","","","",""
"image-keyboard-response","540","2358487","0.0-20.0-2.5","null","stimuli/noise_texture.png","null","","","","","","","","",""
"custom-labels-response","541","2361007","0.0-20.0-3.5","2516.899999976158","","horrified","","","","","tom-labels","","","M1","horrified"
"html-keyboard-response","542","2362013","0.0-20.0-0.6","null","<span style=""font-size:40px;"">+</span>","null","","","","","","","","",""
"html-keyboard-response","543","2366705","0.0-20.0-1.6","","","","","","","","","","","",""
"image-keyboard-response","544","2367215","0.0-20.0-2.6","null","stimuli/noise_texture.png","null","","","","","","","","",""
"custom-labels-response","545","2371135","0.0-20.0-3.6","3916.7999999523163","","cautious","","","","","tom-labels","","","M2","cautious"
"html-keyboard-response","546","2372141","0.0-20.0-0.7","null","<span style=""font-size:40px;"">+</span>","null","","","","","","","","",""
"html-keyboard-response","547","2376595","0.0-20.0-1.7","","","","","","","","","","","",""
"image-keyboard-response","548","2377101","0.0-20.0-2.7","null","stimuli/noise_texture.png","null","","","","","","","","",""
"custom-labels-response","549","2380462","0.0-20.0-3.7","3357.3000000715256","","deciding","","","","","tom-labels","","","M1","deciding"
"html-keyboard-response","550","2381467","0.0-20.0-0.8","null","<span style=""font-size:40px;"">+</span>","null","","","","","","","","",""
"html-keyboard-response","551","2385849","0.0-20.0-1.8","","","","","","","","","","","",""
"image-keyboard-response","552","2386360","0.0-20.0-2.8","null","stimuli/noise_texture.png","null","","","","","","","","",""
"custom-labels-response","553","2387987","0.0-20.0-3.8","1621.5","","dubious","","","","","tom-labels","","","M3","dubious"
"html-keyboard-response","554","2388995","0.0-20.0-0.9","null","<span style=""font-size:40px;"">+</span>","null","","","","","","","","",""
"html-keyboard-response","555","2393913","0.0-20.0-1.9","","","","","","","","","","","",""
"image-keyboard-response","556","2394418","0.0-20.0-2.9","null","stimuli/noise_texture.png","null","","","","","","","","",""
"custom-labels-response","557","2401335","0.0-20.0-3.9","6912.800000071526","","anticipating","","","","","tom-labels","","","M6","anticipating"
"html-keyboard-response","558","2402345","0.0-20.0-0.10","null","<span style=""font-size:40px;"">+</span>","null","","","","","","","","",""
"html-keyboard-response","559","2406969","0.0-20.0-1.10","","","","","","","","","","","",""
"image-keyboard-response","560","2407476","0.0-20.0-2.10","null","stimuli/noise_texture.png","null","","","","","","","","",""
"custom-labels-response","561","2410373","0.0-20.0-3.10","2893.5","","insisting","","","","","tom-labels","","","F5","skeptical"
"html-keyboard-response","562","2411386","0.0-20.0-0.11","null","<span style=""font-size:40px;"">+</span>","null","","","","","","","","",""
"html-keyboard-response","563","2415812","0.0-20.0-1.11","","","","","","","","","","","",""
"image-keyboard-response","564","2416326","0.0-20.0-2.11","null","stimuli/noise_texture.png","null","","","","","","","","",""
"custom-labels-response","565","2419234","0.0-20.0-3.11","2903.8000000715256","","incredulous","","","","","tom-labels","","","M1","incredulous"
"html-keyboard-response","566","2420247","0.0-20.0-0.12","null","<span style=""font-size:40px;"">+</span>","null","","","","","","","","",""
"html-keyboard-response","567","2424769","0.0-20.0-1.12","","","","","","","","","","","",""
"image-keyboard-response","568","2425286","0.0-20.0-2.12","null","stimuli/noise_texture.png","null","","","","","","","","",""
"custom-labels-response","569","2427530","0.0-20.0-3.12","2239.899999976158","","hopeful","","","","","tom-labels","","","F2","hopeful"
"html-keyboard-response","570","2428540","0.0-20.0-0.13","null","<span style=""font-size:40px;"">+</span>","null","","","","","","","","",""
"html-keyboard-response","571","2433194","0.0-20.0-1.13","","","","","","","","","","","",""
"image-keyboard-response","572","2433709","0.0-20.0-2.13","null","stimuli/noise_texture.png","null","","","","","","","","",""
"custom-labels-response","573","2438772","0.0-20.0-3.13","5059.900000095367","","sarcastic","","","","","tom-labels","","","F7","insulting"
"html-keyboard-response","574","2439785","0.0-20.0-0.14","null","<span style=""font-size:40px;"">+</span>","null","","","","","","","","",""
"html-keyboard-response","575","2444518","0.0-20.0-1.14","","","","","","","","","","","",""
"image-keyboard-response","576","2445027","0.0-20.0-2.14","null","stimuli/noise_texture.png","null","","","","","","","","",""
"custom-labels-response","577","2448718","0.0-20.0-3.14","3687.9000000953674","","regretful","","","","","tom-labels","","","M2","regretful"
"html-keyboard-response","578","2449725","0.0-20.0-0.15","null","<span style=""font-size:40px;"">+</span>","null","","","","","","","","",""
"html-keyboard-response","579","2454606","0.0-20.0-1.15","","","","","","","","","","","",""
"image-keyboard-response","580","2455119","0.0-20.0-2.15","null","stimuli/noise_texture.png","null","","","","","","","","",""
"custom-labels-response","581","2458614","0.0-20.0-3.15","3490.6999999284744","","indifferent","","","","","tom-labels","","","M6","indifferent"
"html-keyboard-response","582","2459617","0.0-20.0-0.16","null","<span style=""font-size:40px;"">+</span>","null","","","","","","","","",""
"html-keyboard-response","583","2463981","0.0-20.0-1.16","","","","","","","","","","","",""
"image-keyboard-response","584","2464492","0.0-20.0-2.16","null","stimuli/noise_texture.png","null","","","","","","","","",""
"custom-labels-response","585","2467622","0.0-20.0-3.16","3127.5","","despondent","","","","","tom-labels","","","F2","despondent"
"html-keyboard-response","586","2468629","0.0-20.0-0.17","null","<span style=""font-size:40px;"">+</span>","null","","","","","","","","",""
"html-keyboard-response","587","2473064","0.0-20.0-1.17","","","","","","","","","","","",""
"image-keyboard-response","588","2473568","0.0-20.0-2.17","null","stimuli/noise_texture.png","null","","","","","","","","",""
"custom-labels-response","589","2476120","0.0-20.0-3.17","2548.7000000476837","","fascinated","","","","","tom-labels","","","M1","fascinated"
"html-keyboard-response","590","2477127","0.0-20.0-0.18","null","<span style=""font-size:40px;"">+</span>","null","","","","","","","","",""
"html-keyboard-response","591","2481886","0.0-20.0-1.18","","","","","","","","","","","",""
"image-keyboard-response","592","2482395","0.0-20.0-2.18","null","stimuli/noise_texture.png","null","","","","","","","","",""
"custom-labels-response","593","2484024","0.0-20.0-3.18","1626","","reassuring","","","","","tom-labels","","","F6","reassuring"
"html-keyboard-response","594","2485035","0.0-20.0-0.19","null","<span style=""font-size:40px;"">+</span>","null","","","","","","","","",""
"html-keyboard-response","595","2489861","0.0-20.0-1.19","","","","","","","","","","","",""
"image-keyboard-response","596","2490372","0.0-20.0-2.19","null","stimuli/noise_texture.png","null","","","","","","","","",""
"custom-labels-response","597","2493104","0.0-20.0-3.19","2728.8000000715256","","entertained","","","","","tom-labels","","","M2","entertained"
"html-keyboard-response","598","2494112","0.0-20.0-0.20","null","<span style=""font-size:40px;"">+</span>","null","","","","","","","","",""
"html-keyboard-response","599","2498973","0.0-20.0-1.20","","","","","","","","","","","",""
"image-keyboard-response","600","2499475","0.0-20.0-2.20","null","stimuli/noise_texture.png","null","","","","","","","","",""
"custom-labels-response","601","2503680","0.0-20.0-3.20","4201.700000047684","","curious","","","","","tom-labels","","","M6","curious"
"html-keyboard-response","602","2504686","0.0-20.0-0.21","null","<span style=""font-size:40px;"">+</span>","null","","","","","","","","",""
"html-keyboard-response","603","2509435","0.0-20.0-1.21","","","","","","","","","","","",""
"image-keyboard-response","604","2509944","0.0-20.0-2.21","null","stimuli/noise_texture.png","null","","","","","","","","",""
"custom-labels-response","605","2511754","0.0-20.0-3.21","1806.8000000715256","","eager","","","","","tom-labels","","","M5","eager"
"html-keyboard-response","606","2512765","0.0-20.0-0.22","null","<span style=""font-size:40px;"">+</span>","null","","","","","","","","",""
"html-keyboard-response","607","2517192","0.0-20.0-1.22","","","","","","","","","","","",""
"image-keyboard-response","608","2517707","0.0-20.0-2.22","null","stimuli/noise_texture.png","null","","","","","","","","",""
"custom-labels-response","609","2520233","0.0-20.0-3.22","2522.899999976158","","perplexed","","","","","tom-labels","","","F3","preoccupied"
"html-keyboard-response","610","2521243","0.0-20.0-0.23","null","<span style=""font-size:40px;"">+</span>","null","","","","","","","","",""
"html-keyboard-response","611","2525823","0.0-20.0-1.23","","","","","","","","","","","",""
"image-keyboard-response","612","2526324","0.0-20.0-2.23","null","stimuli/noise_texture.png","null","","","","","","","","",""
"custom-labels-response","613","2532763","0.0-20.0-3.23","6432.700000047684","","impatient","","","","","tom-labels","","","M3","impatient"
"html-keyboard-response","614","2533775","0.0-20.0-0.24","null","<span style=""font-size:40px;"">+</span>","null","","","","","","","","",""
"html-keyboard-response","615","2538108","0.0-20.0-1.24","","","","","","","","","","","",""
"image-keyboard-response","616","2538623","0.0-20.0-2.24","null","stimuli/noise_texture.png","null","","","","","","","","",""
"custom-labels-response","617","2545140","0.0-20.0-3.24","6513.200000047684","","incredulous","","","","","tom-labels","","","F3","incredulous"
"html-keyboard-response","618","2546152","0.0-20.0-0.25","null","<span style=""font-size:40px;"">+</span>","null","","","","","","","","",""
"html-keyboard-response","619","2550290","0.0-20.0-1.25","","","","","","","","","","","",""
"image-keyboard-response","620","2550806","0.0-20.0-2.25","null","stimuli/noise_texture.png","null","","","","","","","","",""
"custom-labels-response","621","2552568","0.0-20.0-3.25","1757","","confident","","","","","tom-labels","","","M1","confident"
"html-keyboard-response","622","2553578","0.0-20.0-0.26","null","<span style=""font-size:40px;"">+</span>","null","","","","","","","","",""
"html-keyboard-response","623","2558441","0.0-20.0-1.26","","","","","","","","","","","",""
"image-keyboard-response","624","2558950","0.0-20.0-2.26","null","stimuli/noise_texture.png","null","","","","","","","","",""
"custom-labels-response","625","2562294","0.0-20.0-3.26","3339.3000000715256","","puzzled","","","","","tom-labels","","","F6","puzzled"
"html-keyboard-response","626","2563297","0.0-20.0-0.27","null","<span style=""font-size:40px;"">+</span>","null","","","","","","","","",""
"html-keyboard-response","627","2567969","0.0-20.0-1.27","","","","","","","","","","","",""
"image-keyboard-response","628","2568471","0.0-20.0-2.27","null","stimuli/noise_texture.png","null","","","","","","","","",""
"custom-labels-response","629","2571007","0.0-20.0-3.27","2533.5","","perplexed","","","","","tom-labels","","","F5","perplexed"
"html-keyboard-response","630","2572014","0.0-20.0-0.28","null","<span style=""font-size:40px;"">+</span>","null","","","","","","","","",""
"html-keyboard-response","631","2576526","0.0-20.0-1.28","","","","","","","","","","","",""
"image-keyboard-response","632","2577036","0.0-20.0-2.28","null","stimuli/noise_texture.png","null","","","","","","","","",""
"custom-labels-response","633","2580564","0.0-20.0-3.28","3523.9000000953674","","ashamed","","","","","tom-labels","","","M5","preoccupied"
"html-keyboard-response","634","2581568","0.0-20.0-0.29","null","<span style=""font-size:40px;"">+</span>","null","","","","","","","","",""
"html-keyboard-response","635","2586514","0.0-20.0-1.29","","","","","","","","","","","",""
"image-keyboard-response","636","2587033","0.0-20.0-2.29","null","stimuli/noise_texture.png","null","","","","","","","","",""
"custom-labels-response","637","2588422","0.0-20.0-3.29","1383","","encouraging","","","","","tom-labels","","","M2","encouraging"
"html-keyboard-response","638","2589434","0.0-21.0-0.0","null","<span style=""font-size:40px;"">+</span>","null","","","","","","","","",""
"html-keyboard-response","639","2594087","0.0-21.0-1.0","","","","","","","","","","","",""
"image-keyboard-response","640","2594600","0.0-21.0-2.0","null","stimuli/noise_texture.png","null","","","","","","","","",""
"custom-labels-response","641","2596384","0.0-21.0-3.0","1781.2000000476837","","click","","","","","attention-check","","","M6","indecisive"
"html-keyboard-response","642","2597390","0.0-23.0-0.0","null","<span style=""font-size:40px;"">+</span>","null","","","","","","","","",""
"html-keyboard-response","643","2601976","0.0-23.0-1.0","","","","","","","","","","","",""
"image-keyboard-response","644","2602479","0.0-23.0-2.0","null","stimuli/noise_texture.png","null","","","","","","","","",""
"custom-labels-response","645","2610998","0.0-23.0-3.0","8515.700000047684","","playful","","","","","tom-labels","","","F2","playful"
"html-keyboard-response","646","2612005","0.0-23.0-0.1","null","<span style=""font-size:40px;"">+</span>","null","","","","","","","","",""
"html-keyboard-response","647","2616172","0.0-23.0-1.1","","","","","","","","","","","",""
"image-keyboard-response","648","2616681","0.0-23.0-2.1","null","stimuli/noise_texture.png","null","","","","","","","","",""
"custom-labels-response","649","2620143","0.0-23.0-3.1","3457.5","","relaxed","","","","","tom-labels","","","M1","relaxed"
"html-keyboard-response","650","2621155","0.0-23.0-0.2","null","<span style=""font-size:40px;"">+</span>","null","","","","","","","","",""
"html-keyboard-response","651","2625799","0.0-23.0-1.2","","","","","","","","","","","",""
"image-keyboard-response","652","2626305","0.0-23.0-2.2","null","stimuli/noise_texture.png","null","","","","","","","","",""
"custom-labels-response","653","2632640","0.0-23.0-3.2","6332.5","","reassuring","","","","","tom-labels","","","M4","reassuring"
"html-keyboard-response","654","2633647","0.0-23.0-0.3","null","<span style=""font-size:40px;"">+</span>","null","","","","","","","","",""
"html-keyboard-response","655","2643719","0.0-23.0-1.3","","","","","","","","","","","",""
"image-keyboard-response","656","2644224","0.0-23.0-2.3","null","stimuli/noise_texture.png","null","","","","","","","","",""
"custom-labels-response","657","2650242","0.0-23.0-3.3","6015","","satisfied","","","","","tom-labels","","","F4","satisfied"
"html-keyboard-response","658","2651250","0.0-23.0-0.4","null","<span style=""font-size:40px;"">+</span>","null","","","","","","","","",""
"html-keyboard-response","659","2655868","0.0-23.0-1.4","","","","","","","","","","","",""
"image-keyboard-response","660","2656384","0.0-23.0-2.4","null","stimuli/noise_texture.png","null","","","","","","","","",""
"custom-labels-response","661","2664892","0.0-23.0-3.4","8504.699999928474","","imploring","","","","","tom-labels","","","F4","imploring"
"html-keyboard-response","662","2665902","0.0-23.0-0.5","null","<span style=""font-size:40px;"">+</span>","null","","","","","","","","",""
"html-keyboard-response","663","2670258","0.0-23.0-1.5","","","","","","","","","","","",""
"image-keyboard-response","664","2670771","0.0-23.0-2.5","null","stimuli/noise_texture.png","null","","","","","","","","",""
"custom-labels-response","665","2674503","0.0-23.0-3.5","3729","","sarcastic","","","","","tom-labels","","","M1","sarcastic"
"html-keyboard-response","666","2675509","0.0-23.0-0.6","null","<span style=""font-size:40px;"">+</span>","null","","","","","","","","",""
"html-keyboard-response","667","2680307","0.0-23.0-1.6","","","","","","","","","","","",""
"image-keyboard-response","668","2680815","0.0-23.0-2.6","null","stimuli/noise_texture.png","null","","","","","","","","",""
"custom-labels-response","669","2687668","0.0-23.0-3.6","6850","","perplexed","","","","","tom-labels","","","M6","perplexed"
"html-keyboard-response","670","2688678","0.0-23.0-0.7","null","<span style=""font-size:40px;"">+</span>","null","","","","","","","","",""
"html-keyboard-response","671","2693326","0.0-23.0-1.7","","","","","","","","","","","",""
"image-keyboard-response","672","2693841","0.0-23.0-2.7","null","stimuli/noise_texture.png","null","","","","","","","","",""
"custom-labels-response","673","2698212","0.0-23.0-3.7","4368.099999904633","","resentful","","","","","tom-labels","","","F5","resentful"
"html-keyboard-response","674","2699218","0.0-23.0-0.8","null","<span style=""font-size:40px;"">+</span>","null","","","","","","","","",""
"html-keyboard-response","675","2703719","0.0-23.0-1.8","","","","","","","","","","","",""
"image-keyboard-response","676","2704227","0.0-23.0-2.8","null","stimuli/noise_texture.png","null","","","","","","","","",""
"custom-labels-response","677","2706537","0.0-23.0-3.8","2306.1999999284744","","ashamed","","","","","tom-labels","","","F3","ashamed"
"html-keyboard-response","678","2707549","0.0-23.0-0.9","null","<span style=""font-size:40px;"">+</span>","null","","","","","","","","",""
"html-keyboard-response","679","2712071","0.0-23.0-1.9","","","","","","","","","","","",""
"image-keyboard-response","680","2712577","0.0-23.0-2.9","null","stimuli/noise_texture.png","null","","","","","","","","",""
"custom-labels-response","681","2714462","0.0-23.0-3.9","1881.3999999761581","","enthused","","","","","tom-labels","","","F2","enthused"
"html-keyboard-response","682","2715469","0.0-23.0-0.10","null","<span style=""font-size:40px;"">+</span>","null","","","","","","","","",""
"html-keyboard-response","683","2720047","0.0-23.0-1.10","","","","","","","","","","","",""
"image-keyboard-response","684","2720557","0.0-23.0-2.10","null","stimuli/noise_texture.png","null","","","","","","","","",""
"custom-labels-response","685","2722270","0.0-23.0-3.10","1709.1000000238419","","threatening","","","","","tom-labels","","","F7","threatening"
"html-keyboard-response","686","2723281","0.0-23.0-0.11","null","<span style=""font-size:40px;"">+</span>","null","","","","","","","","",""
"html-keyboard-response","687","2727728","0.0-23.0-1.11","","","","","","","","","","","",""
"image-keyboard-response","688","2728237","0.0-23.0-2.11","null","stimuli/noise_texture.png","null","","","","","","","","",""
"custom-labels-response","689","2732381","0.0-23.0-3.11","4140.5","","confused","","","","","tom-labels","","","F8","confused"
"html-keyboard-response","690","2733383","0.0-23.0-0.12","null","<span style=""font-size:40px;"">+</span>","null","","","","","","","","",""
"html-keyboard-response","691","2738149","0.0-23.0-1.12","","","","","","","","","","","",""
"image-keyboard-response","692","2738657","0.0-23.0-2.12","null","stimuli/noise_texture.png","null","","","","","","","","",""
"custom-labels-response","693","2746932","0.0-23.0-3.12","8271.700000047684","","assertive","","","","","tom-labels","","","M2","stern"
"html-keyboard-response","694","2747937","0.0-23.0-0.13","null","<span style=""font-size:40px;"">+</span>","null","","","","","","","","",""
"html-keyboard-response","695","2752482","0.0-23.0-1.13","","","","","","","","","","","",""
"image-keyboard-response","696","2752995","0.0-23.0-2.13","null","stimuli/noise_texture.png","null","","","","","","","","",""
"custom-labels-response","697","2758745","0.0-23.0-3.13","5746.100000023842","","affectionate","","","","","tom-labels","","","F4","affectionate"
"html-keyboard-response","698","2759747","0.0-23.0-0.14","null","<span style=""font-size:40px;"">+</span>","null","","","","","","","","",""
"html-keyboard-response","699","2764494","0.0-23.0-1.14","","","","","","","","","","","",""
"image-keyboard-response","700","2765008","0.0-23.0-2.14","null","stimuli/noise_texture.png","null","","","","","","","","",""
"custom-labels-response","701","2767669","0.0-23.0-3.14","2657.8000000715256","","guilty","","","","","tom-labels","","","F6","guilty"
"html-keyboard-response","702","2768683","0.0-23.0-0.15","null","<span style=""font-size:40px;"">+</span>","null","","","","","","","","",""
"html-keyboard-response","703","2773280","0.0-23.0-1.15","","","","","","","","","","","",""
"image-keyboard-response","704","2773798","0.0-23.0-2.15","null","stimuli/noise_texture.png","null","","","","","","","","",""
"custom-labels-response","705","2779767","0.0-23.0-3.15","5967.100000023842","","dominant","","","","","tom-labels","","","F4","dominant"
"html-keyboard-response","706","2780780","0.0-23.0-0.16","null","<span style=""font-size:40px;"">+</span>","null","","","","","","","","",""
"html-keyboard-response","707","2785417","0.0-23.0-1.16","","","","","","","","","","","",""
"image-keyboard-response","708","2785927","0.0-23.0-2.16","null","stimuli/noise_texture.png","null","","","","","","","","",""
"custom-labels-response","709","2792029","0.0-23.0-3.16","6099.300000071526","","confident","","","","","tom-labels","","","M3","decisive"
"html-keyboard-response","710","2793040","0.0-23.0-0.17","null","<span style=""font-size:40px;"">+</span>","null","","","","","","","","",""
"html-keyboard-response","711","2797651","0.0-23.0-1.17","","","","","","","","","","","",""
"image-keyboard-response","712","2798160","0.0-23.0-2.17","null","stimuli/noise_texture.png","null","","","","","","","","",""
"custom-labels-response","713","2804896","0.0-23.0-3.17","6733","","friendly","","","","","tom-labels","","","F8","friendly"
"html-keyboard-response","714","2805906","0.0-23.0-0.18","null","<span style=""font-size:40px;"">+</span>","null","","","","","","","","",""
"html-keyboard-response","715","2810568","0.0-23.0-1.18","","","","","","","","","","","",""
"image-keyboard-response","716","2811071","0.0-23.0-2.18","null","stimuli/noise_texture.png","null","","","","","","","","",""
"custom-labels-response","717","2816292","0.0-23.0-3.18","5217.600000023842","","confident","","","","","tom-labels","","","F2","confident"
"html-keyboard-response","718","2817300","0.0-23.0-0.19","null","<span style=""font-size:40px;"">+</span>","null","","","","","","","","",""
"html-keyboard-response","719","2822080","0.0-23.0-1.19","","","","","","","","","","","",""
"image-keyboard-response","720","2822582","0.0-23.0-2.19","null","stimuli/noise_texture.png","null","","","","","","","","",""
"custom-labels-response","721","2828158","0.0-23.0-3.19","5572.100000023842","","nervous","","","","","tom-labels","","","M2","nervous"
"html-keyboard-response","722","2829163","0.0-23.0-0.20","null","<span style=""font-size:40px;"">+</span>","null","","","","","","","","",""
"html-keyboard-response","723","2833612","0.0-23.0-1.20","","","","","","","","","","","",""
"image-keyboard-response","724","2834126","0.0-23.0-2.20","null","stimuli/noise_texture.png","null","","","","","","","","",""
"custom-labels-response","725","2837197","0.0-23.0-3.20","3067.399999976158","","depressed","","","","","tom-labels","","","F3","depressed"
"html-keyboard-response","726","2838199","0.0-23.0-0.21","null","<span style=""font-size:40px;"">+</span>","null","","","","","","","","",""
"html-keyboard-response","727","2843011","0.0-23.0-1.21","","","","","","","","","","","",""
"image-keyboard-response","728","2843515","0.0-23.0-2.21","null","stimuli/noise_texture.png","null","","","","","","","","",""
"custom-labels-response","729","2845992","0.0-23.0-3.21","2473.7000000476837","","nervous","","","","","tom-labels","","","F2","nervous"
"html-keyboard-response","730","2846994","0.0-23.0-0.22","null","<span style=""font-size:40px;"">+</span>","null","","","","","","","","",""
"html-keyboard-response","731","2850634","0.0-23.0-1.22","","","","","","","","","","","",""
"image-keyboard-response","732","2851138","0.0-23.0-2.22","null","stimuli/noise_texture.png","null","","","","","","","","",""
"custom-labels-response","733","2854683","0.0-23.0-3.22","3540.2999999523163","","joking","","","","","tom-labels","","","M2","joking"
"html-keyboard-response","734","2855694","0.0-23.0-0.23","null","<span style=""font-size:40px;"">+</span>","null","","","","","","","","",""
"html-keyboard-response","735","2860632","0.0-23.0-1.23","","","","","","","","","","","",""
"image-keyboard-response","736","2861135","0.0-23.0-2.23","null","stimuli/noise_texture.png","null","","","","","","","","",""
"custom-labels-response","737","2863330","0.0-23.0-3.23","2191","","uneasy","","","","","tom-labels","","","M6","serious"
"html-keyboard-response","738","2864337","0.0-23.0-0.24","null","<span style=""font-size:40px;"">+</span>","null","","","","","","","","",""
"html-keyboard-response","739","2872927","0.0-23.0-1.24","","","","","","","","","","","",""
"image-keyboard-response","740","2873431","0.0-23.0-2.24","null","stimuli/noise_texture.png","null","","","","","","","","",""
"custom-labels-response","741","2876075","0.0-23.0-3.24","2640.2000000476837","","fearful","","","","","tom-labels","","","M5","fearful"
"html-keyboard-response","742","2877085","0.0-23.0-0.25","null","<span style=""font-size:40px;"">+</span>","null","","","","","","","","",""
"html-keyboard-response","743","2881825","0.0-23.0-1.25","","","","","","","","","","","",""
"image-keyboard-response","744","2882336","0.0-23.0-2.25","null","stimuli/noise_texture.png","null","","","","","","","","",""
"custom-labels-response","745","2884584","0.0-23.0-3.25","2243.2000000476837","","baffled","","","","","tom-labels","","","M4","baffled"
"html-keyboard-response","746","2885593","0.0-23.0-0.26","null","<span style=""font-size:40px;"">+</span>","null","","","","","","","","",""
"html-keyboard-response","747","2890148","0.0-23.0-1.26","","","","","","","","","","","",""
"image-keyboard-response","748","2890663","0.0-23.0-2.26","null","stimuli/noise_texture.png","null","","","","","","","","",""
"custom-labels-response","749","2893878","0.0-23.0-3.26","3211.9000000953674","","interested","","","","","tom-labels","","","M5","interested"
"html-keyboard-response","750","2894885","0.0-23.0-0.27","null","<span style=""font-size:40px;"">+</span>","null","","","","","","","","",""
"html-keyboard-response","751","2899268","0.0-23.0-1.27","","","","","","","","","","","",""
"image-keyboard-response","752","2899775","0.0-23.0-2.27","null","stimuli/noise_texture.png","null","","","","","","","","",""
"custom-labels-response","753","2902454","0.0-23.0-3.27","2675.1999999284744","","nervous","","","","","tom-labels","","","M1","ashamed"
"html-keyboard-response","754","2903460","0.0-23.0-0.28","null","<span style=""font-size:40px;"">+</span>","null","","","","","","","","",""
"html-keyboard-response","755","2908315","0.0-23.0-1.28","","","","","","","","","","","",""
"image-keyboard-response","756","2908830","0.0-23.0-2.28","null","stimuli/noise_texture.png","null","","","","","","","","",""
"custom-labels-response","757","2911412","0.0-23.0-3.28","2578.7999999523163","","comforting","","","","","tom-labels","","","M5","comforting"
"html-keyboard-response","758","2912423","0.0-23.0-0.29","null","<span style=""font-size:40px;"">+</span>","null","","","","","","","","",""
"html-keyboard-response","759","2916886","0.0-23.0-1.29","","","","","","","","","","","",""
"image-keyboard-response","760","2917392","0.0-23.0-2.29","null","stimuli/noise_texture.png","null","","","","","","","","",""
"custom-labels-response","761","2920140","0.0-23.0-3.29","2745.2999999523163","","arrogant","","","","","tom-labels","","","M1","arrogant"
"html-button-response","762","2940415","0.0-24.0","20271.5","<h3>Thank you for participating!</h1><p>You are done with the experiment. You will receive the full payment for your participation. Thank you for your time and contribution.</p><p>You will be automatically redirected to Prolific upon clicking <strong>Complete Experiment</strong>.</p><p>Please DO NOT close this tab until you have been redirected to Prolific. Please take note of your Prolific Completion Code before clicking <strong>Complete Experiment</strong>: <strong>C1HPV5RI</strong>.</p>","0","65c8d70512b2fc050e53d0d1","1760800951665","A","0","","","","",""
