"trial_type","trial_index","time_elapsed","internal_node_id","rt","stimulus","response","PID","START_TIME","EXP_AB","ATTENTION_FAILURES","trial","responses","view_history","actor","target_emotion"
"pavlovia","0","1736","0.0-0.0","","","","","","","","","","","",""
"html-button-response","1","3323","0.0-1.0","1583.7999999970198","<h1>Welcome to the Multiethnic Face Database Study!</h1>","0","6612c945cebe319d923b80f8","1760800929074","A","0","","","","",""
"html-button-response","2","6980","0.0-2.0","3654.2000000029802","<div style=""text-align: left; margin: 50px 80px -60px 80px;""><p><span style='text-decoration: underline;'><strong>CONSENT FORM </strong></span></p><p><strong>McGill University </strong></p><p><strong>Title of Research:</strong> A Dual Process Theory of Theory of Mind</p><p><strong>Researchers:</strong><br>Ian Gold, Ph.D., Professor, McGill University<br />Elizaveta Solomonova, Ph.D., Researcher, McGill University <br />Fernanda Perez-Gay Juarez, M.D., Ph.D., Psychiatry Resident, McGill University<br />Sophie Serebryany, Undergraduate Student, McGill University <br />Ani Shahbazian, Undergraduate Student, Concordia University<br>Sophie Hoyer, Undergraduate Student, McGill University</p><p><strong>Contact Information:<br />Tel:</strong> 514-398-8939 (Dr. Ian Gold) <br /><strong>Email:</strong> neurophilosophylabmcgill@gmail.com (all researchers)</p><p><strong>Purpose of the research:</strong><br> This study aims to measure people's ability to understand what others are thinking and feeling across different contexts and modalities. Please read through the description of the research project, and take the opportunity to ask any questions that you have about the project.</p><p><strong>What is involved in participating:</strong><br>You will be asked to look at a series of videos of facial expressions and answer questions about them. The online study in its entirety will take around [insert time], divided into 3 blocks with two 5-minute breaks in between. You will be asked to respond by answering multiple choice questions about the video. You will only need a mouse and a keyboard to provide responses to the various tasks.</p><p><strong>Right to withdraw:</strong><br>Please note that your participation is voluntary, and you are free to withdraw at any time without any negative consequences. Once you consent to participate, you may proceed to complete the online tasks. At the end of the experiment, you will see the message 'This is the end of the study. Please click on the button 'Complete the Experiment' to save your data and obtain your payment code.' Once you click the button, your data will be automatically collected through Pavlovia. Since participants will be anonymized (identified only by an alphanumeric code assigned by Prolific), the data will not be able to be withdrawn anonymously once you have completed the experiment. If you wish to withdraw consent without data collection, do not click the button to end the experiment and just close your browser.</p><p><strong>Confidentiality:</strong><br>The study's data will be kept for 7 years, stored in a password-protected virtual drive under the jurisdiction of McGill University (Dr. Ian Gold McGill's OneDrive). Your responses will be kept strictly confidential and will be identified only by means of your Prolific ID and never with your name or other identifying information. Only members of Dr. Ian Gold's lab will have access to identifiable study materials. You will not be identified or identifiable in any report or reports that result from the research (peer reviewed publications, presentations at national and international conferences, etc).</p><p><strong>Compensation:</strong><br>You will be compensated with &pound;9 for the completion of the study which should take approximately 60 minutes. Please use the completion code given to you at the end of the study to retrieve your payment in your Prolific account. Please note that if you decide to withdraw before finishing a session, there will be no way to compensate you for the time you spent, given that your data will not be saved.</p><p><strong>Risks &amp; Benefits:</strong> The only associated risks associated with this study are screen fatigue. If you have questions or concerns regarding your rights or welfare as a participant in this research study, please contact the Manager, Research Ethics at 514-398-6831 or lynda.mcneil@mcgill.ca.</p><p><strong>Consent:</strong><br>Please click on the button below if you have read the above information and consent to participate in this study. Otherwise, you can just close this window and return to the experiment in Prolific. Agreeing to participate in this study does not waive any of your rights or release the researchers from their responsibilities. To ensure the study is being conducted properly, authorized individuals, such as a member of the Research Ethics Board, may have access to your information.</p></div>","0","","","","","false","","","",""
"survey-demo","3","107195","0.0-3.0","100198.90000000596","","","6612c945cebe319d923b80f8","1760800929074","","","demo","{""age"":""26"",""gender"":""Man"",""ethnicity"":[""White""],""education"":""Secondary/High School"",""religion"":""No Religion"",""birthcountry"":""United States of America"",""residencecountry"":""United States of America"",""yearsresidence"":""26"",""internetspeed"":""700""}","","",""
"instructions","4","185524","0.0-6.0-0.0","78326.5","","","","","","","","","[{""page_index"":0,""viewing_time"":6461.20000000298},{""page_index"":1,""viewing_time"":25217.29999999702},{""page_index"":2,""viewing_time"":6210},{""page_index"":3,""viewing_time"":25647},{""page_index"":4,""viewing_time"":14790}]","",""
"html-keyboard-response","5","186534","0.0-6.0-1.0","null","<span style=""font-size:40px;"">+</span>","null","","","","","","","","",""
"html-keyboard-response","6","191715","0.0-6.0-2.0","","","","","","","","","","","",""
"image-keyboard-response","7","192225","0.0-6.0-3.0","null","stimuli/noise_texture.png","null","","","","","","","","",""
"custom-labels-response","8","193556","0.0-6.0-4.0","1328.0999999940395","","doubtful","","","","","tom-labels-practice","","","12","Doubtful"
"html-button-response","9","198839","0.0-7.0","5281.199999988079","<div style=""width: 1000px; height: 45px""><p>You will now be shown a series of short videos. Please select the label that best describes the emotion that the face was showing. Please provide one best guess for each item. Starting now, your responses will be recorded.</p><p>Click <strong>Continue</strong> to start. Good luck!</p></div>","0","","","","","false","","","",""
"html-keyboard-response","10","199856","0.0-8.0-0.0","null","<span style=""font-size:40px;"">+</span>","null","","","","","","","","",""
"html-keyboard-response","11","205304","0.0-8.0-1.0","","","","","","","","","","","",""
"image-keyboard-response","12","205820","0.0-8.0-2.0","null","stimuli/noise_texture.png","null","","","","","","","","",""
"custom-labels-response","13","230863","0.0-8.0-3.0","25040.79999999702","","tentative","","","","","tom-labels","","","M4","tentative"
"html-keyboard-response","14","231873","0.0-8.0-0.1","null","<span style=""font-size:40px;"">+</span>","null","","","","","","","","",""
"html-keyboard-response","15","237205","0.0-8.0-1.1","","","","","","","","","","","",""
"image-keyboard-response","16","237713","0.0-8.0-2.1","null","stimuli/noise_texture.png","null","","","","","","","","",""
"custom-labels-response","17","240212","0.0-8.0-3.1","2496.9000000059605","","stern","","","","","tom-labels","","","M3","decisive"
"html-keyboard-response","18","241221","0.0-8.0-0.2","null","<span style=""font-size:40px;"">+</span>","null","","","","","","","","",""
"html-keyboard-response","19","246467","0.0-8.0-1.2","","","","","","","","","","","",""
"image-keyboard-response","20","246974","0.0-8.0-2.2","null","stimuli/noise_texture.png","null","","","","","","","","",""
"custom-labels-response","21","254367","0.0-8.0-3.2","7391","","apologetic","","","","","tom-labels","","","F7","apologetic"
"html-keyboard-response","22","255381","0.0-8.0-0.3","null","<span style=""font-size:40px;"">+</span>","null","","","","","","","","",""
"html-keyboard-response","23","260574","0.0-8.0-1.3","","","","","","","","","","","",""
"image-keyboard-response","24","261088","0.0-8.0-2.3","null","stimuli/noise_texture.png","null","","","","","","","","",""
"custom-labels-response","25","273625","0.0-8.0-3.3","12534.70000000298","","accusing","","","","","tom-labels","","","M3","accusing"
"html-keyboard-response","26","274637","0.0-8.0-0.4","null","<span style=""font-size:40px;"">+</span>","null","","","","","","","","",""
"html-keyboard-response","27","280148","0.0-8.0-1.4","","","","","","","","","","","",""
"image-keyboard-response","28","280664","0.0-8.0-2.4","null","stimuli/noise_texture.png","null","","","","","","","","",""
"custom-labels-response","29","284614","0.0-8.0-3.4","3947.4000000059605","","panicked","","","","","tom-labels","","","M4","panicked"
"html-keyboard-response","30","285625","0.0-8.0-0.5","null","<span style=""font-size:40px;"">+</span>","null","","","","","","","","",""
"html-keyboard-response","31","291044","0.0-8.0-1.5","","","","","","","","","","","",""
"image-keyboard-response","32","291555","0.0-8.0-2.5","null","stimuli/noise_texture.png","null","","","","","","","","",""
"custom-labels-response","33","294220","0.0-8.0-3.5","2662.7000000029802","","hateful","","","","","tom-labels","","","F2","hateful"
"html-keyboard-response","34","295231","0.0-8.0-0.6","null","<span style=""font-size:40px;"">+</span>","null","","","","","","","","",""
"html-keyboard-response","35","300757","0.0-8.0-1.6","","","","","","","","","","","",""
"image-keyboard-response","36","301269","0.0-8.0-2.6","null","stimuli/noise_texture.png","null","","","","","","","","",""
"custom-labels-response","37","307007","0.0-8.0-3.6","5735.5999999940395","","playful","","","","","tom-labels","","","M5","enthused"
"html-keyboard-response","38","308015","0.0-8.0-0.7","null","<span style=""font-size:40px;"">+</span>","null","","","","","","","","",""
"html-keyboard-response","39","312702","0.0-8.0-1.7","","","","","","","","","","","",""
"image-keyboard-response","40","313207","0.0-8.0-2.7","null","stimuli/noise_texture.png","null","","","","","","","","",""
"custom-labels-response","41","316816","0.0-8.0-3.7","3606.8999999910593","","deciding","","","","","tom-labels","","","M1","deciding"
"html-keyboard-response","42","317818","0.0-8.0-0.8","null","<span style=""font-size:40px;"">+</span>","null","","","","","","","","",""
"html-keyboard-response","43","322947","0.0-8.0-1.8","","","","","","","","","","","",""
"image-keyboard-response","44","323462","0.0-8.0-2.8","null","stimuli/noise_texture.png","null","","","","","","","","",""
"custom-labels-response","45","329090","0.0-8.0-3.8","5625.70000000298","","embarrassed","","","","","tom-labels","","","F7","embarrassed"
"html-keyboard-response","46","330097","0.0-8.0-0.9","null","<span style=""font-size:40px;"">+</span>","null","","","","","","","","",""
"html-keyboard-response","47","340686","0.0-8.0-1.9","","","","","","","","","","","",""
"image-keyboard-response","48","341188","0.0-8.0-2.9","null","stimuli/noise_texture.png","null","","","","","","","","",""
"custom-labels-response","49","347760","0.0-8.0-3.9","6569.5","","satisfied","","","","","tom-labels","","","F4","satisfied"
"html-keyboard-response","50","348767","0.0-8.0-0.10","null","<span style=""font-size:40px;"">+</span>","null","","","","","","","","",""
"html-keyboard-response","51","354409","0.0-8.0-1.10","","","","","","","","","","","",""
"image-keyboard-response","52","354914","0.0-8.0-2.10","null","stimuli/noise_texture.png","null","","","","","","","","",""
"custom-labels-response","53","367716","0.0-8.0-3.10","12800","","eager","","","","","tom-labels","","","F5","eager"
"html-keyboard-response","54","368731","0.0-8.0-0.11","null","<span style=""font-size:40px;"">+</span>","null","","","","","","","","",""
"html-keyboard-response","55","374439","0.0-8.0-1.11","","","","","","","","","","","",""
"image-keyboard-response","56","374955","0.0-8.0-2.11","null","stimuli/noise_texture.png","null","","","","","","","","",""
"custom-labels-response","57","381022","0.0-8.0-3.11","6065","","anticipating","","","","","tom-labels","","","M6","anticipating"
"html-keyboard-response","58","382030","0.0-8.0-0.12","null","<span style=""font-size:40px;"">+</span>","null","","","","","","","","",""
"html-keyboard-response","59","387249","0.0-8.0-1.12","","","","","","","","","","","",""
"image-keyboard-response","60","387764","0.0-8.0-2.12","null","stimuli/noise_texture.png","null","","","","","","","","",""
"custom-labels-response","61","392338","0.0-8.0-3.12","4570.70000000298","","distrustful","","","","","tom-labels","","","F5","intrigued"
"html-keyboard-response","62","393349","0.0-8.0-0.13","null","<span style=""font-size:40px;"">+</span>","null","","","","","","","","",""
"html-keyboard-response","63","398667","0.0-8.0-1.13","","","","","","","","","","","",""
"image-keyboard-response","64","399177","0.0-8.0-2.13","null","stimuli/noise_texture.png","null","","","","","","","","",""
"custom-labels-response","65","408694","0.0-8.0-3.13","9514.79999999702","","perplexed","","","","","tom-labels","","","M6","perplexed"
"html-keyboard-response","66","409704","0.0-8.0-0.14","null","<span style=""font-size:40px;"">+</span>","null","","","","","","","","",""
"html-keyboard-response","67","415004","0.0-8.0-1.14","","","","","","","","","","","",""
"image-keyboard-response","68","415519","0.0-8.0-2.14","null","stimuli/noise_texture.png","null","","","","","","","","",""
"custom-labels-response","69","418820","0.0-8.0-3.14","3298.2000000029802","","amused","","","","","tom-labels","","","F5","amused"
"html-keyboard-response","70","419829","0.0-8.0-0.15","null","<span style=""font-size:40px;"">+</span>","null","","","","","","","","",""
"html-keyboard-response","71","424649","0.0-8.0-1.15","","","","","","","","","","","",""
"image-keyboard-response","72","425160","0.0-8.0-2.15","null","stimuli/noise_texture.png","null","","","","","","","","",""
"custom-labels-response","73","435053","0.0-8.0-3.15","9890.79999999702","","upset","","","","","tom-labels","","","M3","threatening"
"html-keyboard-response","74","436065","0.0-8.0-0.16","null","<span style=""font-size:40px;"">+</span>","null","","","","","","","","",""
"html-keyboard-response","75","440529","0.0-8.0-1.16","","","","","","","","","","","",""
"image-keyboard-response","76","441040","0.0-8.0-2.16","null","stimuli/noise_texture.png","null","","","","","","","","",""
"custom-labels-response","77","444324","0.0-8.0-3.16","3282.4000000059605","","joking","","","","","tom-labels","","","M2","joking"
"html-keyboard-response","78","445339","0.0-8.0-0.17","null","<span style=""font-size:40px;"">+</span>","null","","","","","","","","",""
"html-keyboard-response","79","449923","0.0-8.0-1.17","","","","","","","","","","","",""
"image-keyboard-response","80","450430","0.0-8.0-2.17","null","stimuli/noise_texture.png","null","","","","","","","","",""
"custom-labels-response","81","467114","0.0-8.0-3.17","16681.90000000596","","sarcastic","","","","","tom-labels","","","M1","sarcastic"
"html-keyboard-response","82","468120","0.0-8.0-0.18","null","<span style=""font-size:40px;"">+</span>","null","","","","","","","","",""
"html-keyboard-response","83","473508","0.0-8.0-1.18","","","","","","","","","","","",""
"image-keyboard-response","84","474018","0.0-8.0-2.18","null","stimuli/noise_texture.png","null","","","","","","","","",""
"custom-labels-response","85","477559","0.0-8.0-3.18","3539.0999999940395","","depressed","","","","","tom-labels","","","M6","depressed"
"html-keyboard-response","86","478570","0.0-8.0-0.19","null","<span style=""font-size:40px;"">+</span>","null","","","","","","","","",""
"html-keyboard-response","87","483790","0.0-8.0-1.19","","","","","","","","","","","",""
"image-keyboard-response","88","484299","0.0-8.0-2.19","null","stimuli/noise_texture.png","null","","","","","","","","",""
"custom-labels-response","89","499244","0.0-8.0-3.19","14943.40000000596","","uneasy","","","","","tom-labels","","","F7","uneasy"
"html-keyboard-response","90","500258","0.0-8.0-0.20","null","<span style=""font-size:40px;"">+</span>","null","","","","","","","","",""
"html-keyboard-response","91","505246","0.0-8.0-1.20","","","","","","","","","","","",""
"image-keyboard-response","92","505759","0.0-8.0-2.20","null","stimuli/noise_texture.png","null","","","","","","","","",""
"custom-labels-response","93","533107","0.0-8.0-3.20","27346.29999999702","","confident","","","","","tom-labels","","","F2","nervous"
"html-keyboard-response","94","534118","0.0-8.0-0.21","null","<span style=""font-size:40px;"">+</span>","null","","","","","","","","",""
"html-keyboard-response","95","539052","0.0-8.0-1.21","","","","","","","","","","","",""
"image-keyboard-response","96","539563","0.0-8.0-2.21","null","stimuli/noise_texture.png","null","","","","","","","","",""
"custom-labels-response","97","543502","0.0-8.0-3.21","3936.9000000059605","","worried","","","","","tom-labels","","","F5","worried"
"html-keyboard-response","98","544513","0.0-8.0-0.22","null","<span style=""font-size:40px;"">+</span>","null","","","","","","","","",""
"html-keyboard-response","99","548774","0.0-8.0-1.22","","","","","","","","","","","",""
"image-keyboard-response","100","549278","0.0-8.0-2.22","null","stimuli/noise_texture.png","null","","","","","","","","",""
"custom-labels-response","101","572216","0.0-8.0-3.22","22935.39999999106","","hostile","","","","","tom-labels","","","M1","relaxed"
"html-keyboard-response","102","573219","0.0-8.0-0.23","null","<span style=""font-size:40px;"">+</span>","null","","","","","","","","",""
"html-keyboard-response","103","578694","0.0-8.0-1.23","","","","","","","","","","","",""
"image-keyboard-response","104","579212","0.0-8.0-2.23","null","stimuli/noise_texture.png","null","","","","","","","","",""
"custom-labels-response","105","617626","0.0-8.0-3.23","38411.90000000596","","annoyed","","","","","tom-labels","","","F2","tentative"
"html-keyboard-response","106","618641","0.0-8.0-0.24","null","<span style=""font-size:40px;"">+</span>","null","","","","","","","","",""
"html-keyboard-response","107","623972","0.0-8.0-1.24","","","","","","","","","","","",""
"image-keyboard-response","108","624477","0.0-8.0-2.24","null","stimuli/noise_texture.png","null","","","","","","","","",""
"custom-labels-response","109","625877","0.0-8.0-3.24","1397","","flirtatious","","","","","tom-labels","","","M2","flirtatious"
"html-keyboard-response","110","626890","0.0-8.0-0.25","null","<span style=""font-size:40px;"">+</span>","null","","","","","","","","",""
"html-keyboard-response","111","631475","0.0-8.0-1.25","","","","","","","","","","","",""
"image-keyboard-response","112","631981","0.0-8.0-2.25","null","stimuli/noise_texture.png","null","","","","","","","","",""
"custom-labels-response","113","643862","0.0-8.0-3.25","11878.20000000298","","depressed","","","","","tom-labels","","","F3","depressed"
"html-keyboard-response","114","644865","0.0-8.0-0.26","null","<span style=""font-size:40px;"">+</span>","null","","","","","","","","",""
"html-keyboard-response","115","650488","0.0-8.0-1.26","","","","","","","","","","","",""
"image-keyboard-response","116","650997","0.0-8.0-2.26","null","stimuli/noise_texture.png","null","","","","","","","","",""
"custom-labels-response","117","658588","0.0-8.0-3.26","7588.79999999702","","uneasy","","","","","tom-labels","","","M2","uneasy"
"html-keyboard-response","118","659603","0.0-8.0-0.27","null","<span style=""font-size:40px;"">+</span>","null","","","","","","","","",""
"html-keyboard-response","119","664819","0.0-8.0-1.27","","","","","","","","","","","",""
"image-keyboard-response","120","665334","0.0-8.0-2.27","null","stimuli/noise_texture.png","null","","","","","","","","",""
"custom-labels-response","121","678189","0.0-8.0-3.27","12853.300000011921","","friendly","","","","","tom-labels","","","F8","friendly"
"html-keyboard-response","122","679204","0.0-8.0-0.28","null","<span style=""font-size:40px;"">+</span>","null","","","","","","","","",""
"html-keyboard-response","123","684735","0.0-8.0-1.28","","","","","","","","","","","",""
"image-keyboard-response","124","685238","0.0-8.0-2.28","null","stimuli/noise_texture.png","null","","","","","","","","",""
"custom-labels-response","125","687970","0.0-8.0-3.28","2729.199999988079","","encouraging","","","","","tom-labels","","","M2","encouraging"
"html-keyboard-response","126","688974","0.0-8.0-0.29","null","<span style=""font-size:40px;"">+</span>","null","","","","","","","","",""
"html-keyboard-response","127","693702","0.0-8.0-1.29","","","","","","","","","","","",""
"image-keyboard-response","128","694213","0.0-8.0-2.29","null","stimuli/noise_texture.png","null","","","","","","","","",""
"custom-labels-response","129","696589","0.0-8.0-3.29","2373.0999999940395","","indecisive","","","","","tom-labels","","","F3","indecisive"
"html-keyboard-response","130","697599","0.0-8.0-0.30","null","<span style=""font-size:40px;"">+</span>","null","","","","","","","","",""
"html-keyboard-response","131","702832","0.0-8.0-1.30","","","","","","","","","","","",""
"image-keyboard-response","132","703345","0.0-8.0-2.30","null","stimuli/noise_texture.png","null","","","","","","","","",""
"custom-labels-response","133","710289","0.0-8.0-3.30","6942.100000008941","","confident","","","","","tom-labels","","","F2","confident"
"html-keyboard-response","134","711300","0.0-8.0-0.31","null","<span style=""font-size:40px;"">+</span>","null","","","","","","","","",""
"html-keyboard-response","135","716530","0.0-8.0-1.31","","","","","","","","","","","",""
"image-keyboard-response","136","717044","0.0-8.0-2.31","null","stimuli/noise_texture.png","null","","","","","","","","",""
"custom-labels-response","137","732160","0.0-8.0-3.31","15113.29999999702","","contemplative","","","","","tom-labels","","","M4","contemplative"
"html-keyboard-response","138","733165","0.0-8.0-0.32","null","<span style=""font-size:40px;"">+</span>","null","","","","","","","","",""
"html-keyboard-response","139","738386","0.0-8.0-1.32","","","","","","","","","","","",""
"image-keyboard-response","140","738896","0.0-8.0-2.32","null","stimuli/noise_texture.png","null","","","","","","","","",""
"custom-labels-response","141","743729","0.0-8.0-3.32","4830.4000000059605","","reassuring","","","","","tom-labels","","","M4","reassuring"
"html-keyboard-response","142","744745","0.0-8.0-0.33","null","<span style=""font-size:40px;"">+</span>","null","","","","","","","","",""
"html-keyboard-response","143","750033","0.0-8.0-1.33","","","","","","","","","","","",""
"image-keyboard-response","144","750543","0.0-8.0-2.33","null","stimuli/noise_texture.png","null","","","","","","","","",""
"custom-labels-response","145","757862","0.0-8.0-3.33","7317.5999999940395","","relieved","","","","","tom-labels","","","F6","relieved"
"html-keyboard-response","146","758876","0.0-8.0-0.34","null","<span style=""font-size:40px;"">+</span>","null","","","","","","","","",""
"html-keyboard-response","147","763404","0.0-8.0-1.34","","","","","","","","","","","",""
"image-keyboard-response","148","763907","0.0-8.0-2.34","null","stimuli/noise_texture.png","null","","","","","","","","",""
"custom-labels-response","149","767068","0.0-8.0-3.34","3158.5999999940395","","confident","","","","","tom-labels","","","M1","confident"
"html-keyboard-response","150","768074","0.0-8.0-0.35","null","<span style=""font-size:40px;"">+</span>","null","","","","","","","","",""
"html-keyboard-response","151","773355","0.0-8.0-1.35","","","","","","","","","","","",""
"image-keyboard-response","152","773864","0.0-8.0-2.35","null","stimuli/noise_texture.png","null","","","","","","","","",""
"custom-labels-response","153","778902","0.0-8.0-3.35","5036","","thoughtful","","","","","tom-labels","","","M2","thoughtful"
"html-keyboard-response","154","779914","0.0-8.0-0.36","null","<span style=""font-size:40px;"">+</span>","null","","","","","","","","",""
"html-keyboard-response","155","785429","0.0-8.0-1.36","","","","","","","","","","","",""
"image-keyboard-response","156","785942","0.0-8.0-2.36","null","stimuli/noise_texture.png","null","","","","","","","","",""
"custom-labels-response","157","789416","0.0-8.0-3.36","3471.7999999970198","","nervous","","","","","tom-labels","","","F5","disappointed"
"html-keyboard-response","158","790432","0.0-8.0-0.37","null","<span style=""font-size:40px;"">+</span>","null","","","","","","","","",""
"html-keyboard-response","159","795084","0.0-8.0-1.37","","","","","","","","","","","",""
"image-keyboard-response","160","795587","0.0-8.0-2.37","null","stimuli/noise_texture.png","null","","","","","","","","",""
"custom-labels-response","161","800495","0.0-8.0-3.37","4905.5999999940395","","hateful","","","","","tom-labels","","","M3","hateful"
"html-keyboard-response","162","801497","0.0-8.0-0.38","null","<span style=""font-size:40px;"">+</span>","null","","","","","","","","",""
"html-keyboard-response","163","806731","0.0-8.0-1.38","","","","","","","","","","","",""
"image-keyboard-response","164","807234","0.0-8.0-2.38","null","stimuli/noise_texture.png","null","","","","","","","","",""
"custom-labels-response","165","809995","0.0-8.0-3.38","2759.2000000029802","","earnest","","","","","tom-labels","","","F2","reflective"
"html-keyboard-response","166","810998","0.0-8.0-0.39","null","<span style=""font-size:40px;"">+</span>","null","","","","","","","","",""
"html-keyboard-response","167","816338","0.0-8.0-1.39","","","","","","","","","","","",""
"image-keyboard-response","168","816854","0.0-8.0-2.39","null","stimuli/noise_texture.png","null","","","","","","","","",""
"custom-labels-response","169","824646","0.0-8.0-3.39","7790.9000000059605","","indecisive","","","","","tom-labels","","","M6","indecisive"
"html-keyboard-response","170","825662","0.0-9.0-0.0","null","<span style=""font-size:40px;"">+</span>","null","","","","","","","","",""
"html-keyboard-response","171","830837","0.0-9.0-1.0","","","","","","","","","","","",""
"image-keyboard-response","172","831340","0.0-9.0-2.0","null","stimuli/noise_texture.png","null","","","","","","","","",""
"custom-labels-response","173","835839","0.0-9.0-3.0","4497.100000008941","","click","","","","","attention-check","","","F2","hateful"
"html-keyboard-response","174","836850","0.0-11.0-0.0","null","<span style=""font-size:40px;"">+</span>","null","","","","","","","","",""
"html-keyboard-response","175","842282","0.0-11.0-1.0","","","","","","","","","","","",""
"image-keyboard-response","176","842800","0.0-11.0-2.0","null","stimuli/noise_texture.png","null","","","","","","","","",""
"custom-labels-response","177","851482","0.0-11.0-3.0","8680.39999999106","","distrustful","","","","","tom-labels","","","F5","skeptical"
"html-keyboard-response","178","852490","0.0-11.0-0.1","null","<span style=""font-size:40px;"">+</span>","null","","","","","","","","",""
"html-keyboard-response","179","857690","0.0-11.0-1.1","","","","","","","","","","","",""
"image-keyboard-response","180","858193","0.0-11.0-2.1","null","stimuli/noise_texture.png","null","","","","","","","","",""
"custom-labels-response","181","863948","0.0-11.0-3.1","5752","","interested","","","","","tom-labels","","","M5","interested"
"html-keyboard-response","182","864952","0.0-11.0-0.2","null","<span style=""font-size:40px;"">+</span>","null","","","","","","","","",""
"html-keyboard-response","183","870161","0.0-11.0-1.2","","","","","","","","","","","",""
"image-keyboard-response","184","870672","0.0-11.0-2.2","null","stimuli/noise_texture.png","null","","","","","","","","",""
"custom-labels-response","185","874027","0.0-11.0-3.2","3352.6000000089407","","anxious","","","","","tom-labels","","","F7","anxious"
"html-keyboard-response","186","875033","0.0-11.0-0.3","null","<span style=""font-size:40px;"">+</span>","null","","","","","","","","",""
"html-keyboard-response","187","880249","0.0-11.0-1.3","","","","","","","","","","","",""
"image-keyboard-response","188","880754","0.0-11.0-2.3","null","stimuli/noise_texture.png","null","","","","","","","","",""
"custom-labels-response","189","890559","0.0-11.0-3.3","9802.70000000298","","fearful","","","","","tom-labels","","","F6","comforting"
"html-keyboard-response","190","891577","0.0-11.0-0.4","null","<span style=""font-size:40px;"">+</span>","null","","","","","","","","",""
"html-keyboard-response","191","897049","0.0-11.0-1.4","","","","","","","","","","","",""
"image-keyboard-response","192","897564","0.0-11.0-2.4","null","stimuli/noise_texture.png","null","","","","","","","","",""
"custom-labels-response","193","904420","0.0-11.0-3.4","6853.100000008941","","satisfied","","","","","tom-labels","","","M6","satisfied"
"html-keyboard-response","194","905423","0.0-11.0-0.5","null","<span style=""font-size:40px;"">+</span>","null","","","","","","","","",""
"html-keyboard-response","195","910638","0.0-11.0-1.5","","","","","","","","","","","",""
"image-keyboard-response","196","911141","0.0-11.0-2.5","null","stimuli/noise_texture.png","null","","","","","","","","",""
"custom-labels-response","197","914838","0.0-11.0-3.5","3693","","skeptical","","","","","tom-labels","","","M4","skeptical"
"html-keyboard-response","198","915853","0.0-11.0-0.6","null","<span style=""font-size:40px;"">+</span>","null","","","","","","","","",""
"html-keyboard-response","199","921132","0.0-11.0-1.6","","","","","","","","","","","",""
"image-keyboard-response","200","921645","0.0-11.0-2.6","null","stimuli/noise_texture.png","null","","","","","","","","",""
"custom-labels-response","201","925070","0.0-11.0-3.6","3422.5","","serious","","","","","tom-labels","","","M5","hostile"
"html-keyboard-response","202","926074","0.0-11.0-0.7","null","<span style=""font-size:40px;"">+</span>","null","","","","","","","","",""
"html-keyboard-response","203","930732","0.0-11.0-1.7","","","","","","","","","","","",""
"image-keyboard-response","204","931243","0.0-11.0-2.7","null","stimuli/noise_texture.png","null","","","","","","","","",""
"custom-labels-response","205","936690","0.0-11.0-3.7","5444.70000000298","","ashamed","","","","","tom-labels","","","F3","ashamed"
"html-keyboard-response","206","937694","0.0-11.0-0.8","null","<span style=""font-size:40px;"">+</span>","null","","","","","","","","",""
"html-keyboard-response","207","942986","0.0-11.0-1.8","","","","","","","","","","","",""
"image-keyboard-response","208","943497","0.0-11.0-2.8","null","stimuli/noise_texture.png","null","","","","","","","","",""
"custom-labels-response","209","962161","0.0-11.0-3.8","18661.70000000298","","terrified","","","","","tom-labels","","","M5","terrified"
"html-keyboard-response","210","963169","0.0-11.0-0.9","null","<span style=""font-size:40px;"">+</span>","null","","","","","","","","",""
"html-keyboard-response","211","968323","0.0-11.0-1.9","","","","","","","","","","","",""
"image-keyboard-response","212","968833","0.0-11.0-2.9","null","stimuli/noise_texture.png","null","","","","","","","","",""
"custom-labels-response","213","971441","0.0-11.0-3.9","2606.4000000059605","","affectionate","","","","","tom-labels","","","F4","affectionate"
"html-keyboard-response","214","972455","0.0-11.0-0.10","null","<span style=""font-size:40px;"">+</span>","null","","","","","","","","",""
"html-keyboard-response","215","977848","0.0-11.0-1.10","","","","","","","","","","","",""
"image-keyboard-response","216","978361","0.0-11.0-2.10","null","stimuli/noise_texture.png","null","","","","","","","","",""
"custom-labels-response","217","996460","0.0-11.0-3.10","18096.79999999702","","distrustful","","","","","tom-labels","","","M2","distrustful"
"html-keyboard-response","218","997465","0.0-11.0-0.11","null","<span style=""font-size:40px;"">+</span>","null","","","","","","","","",""
"html-keyboard-response","219","1002658","0.0-11.0-1.11","","","","","","","","","","","",""
"image-keyboard-response","220","1003169","0.0-11.0-2.11","null","stimuli/noise_texture.png","null","","","","","","","","",""
"custom-labels-response","221","1006179","0.0-11.0-3.11","3007.300000011921","","sympathetic","","","","","tom-labels","","","F6","sympathetic"
"html-keyboard-response","222","1007184","0.0-11.0-0.12","null","<span style=""font-size:40px;"">+</span>","null","","","","","","","","",""
"html-keyboard-response","223","1013145","0.0-11.0-1.12","","","","","","","","","","","",""
"image-keyboard-response","224","1013659","0.0-11.0-2.12","null","stimuli/noise_texture.png","null","","","","","","","","",""
"custom-labels-response","225","1016887","0.0-11.0-3.12","3224.7999999970198","","worried","","","","","tom-labels","","","M4","worried"
"html-keyboard-response","226","1017900","0.0-11.0-0.13","null","<span style=""font-size:40px;"">+</span>","null","","","","","","","","",""
"html-keyboard-response","227","1022501","0.0-11.0-1.13","","","","","","","","","","","",""
"image-keyboard-response","228","1023009","0.0-11.0-2.13","null","stimuli/noise_texture.png","null","","","","","","","","",""
"custom-labels-response","229","1030402","0.0-11.0-3.13","7390.5","","fascinated","","","","","tom-labels","","","M1","fascinated"
"html-keyboard-response","230","1031408","0.0-11.0-0.14","null","<span style=""font-size:40px;"">+</span>","null","","","","","","","","",""
"html-keyboard-response","231","1036452","0.0-11.0-1.14","","","","","","","","","","","",""
"image-keyboard-response","232","1036961","0.0-11.0-2.14","null","stimuli/noise_texture.png","null","","","","","","","","",""
"custom-labels-response","233","1042117","0.0-11.0-3.14","5153.9000000059605","","joking","","","","","tom-labels","","","F5","joking"
"html-keyboard-response","234","1043126","0.0-11.0-0.15","null","<span style=""font-size:40px;"">+</span>","null","","","","","","","","",""
"html-keyboard-response","235","1048306","0.0-11.0-1.15","","","","","","","","","","","",""
"image-keyboard-response","236","1048822","0.0-11.0-2.15","null","stimuli/noise_texture.png","null","","","","","","","","",""
"custom-labels-response","237","1053445","0.0-11.0-3.15","4621.29999999702","","serious","","","","","tom-labels","","","F5","serious"
"html-keyboard-response","238","1054457","0.0-11.0-0.16","null","<span style=""font-size:40px;"">+</span>","null","","","","","","","","",""
"html-keyboard-response","239","1060051","0.0-11.0-1.16","","","","","","","","","","","",""
"image-keyboard-response","240","1060561","0.0-11.0-2.16","null","stimuli/noise_texture.png","null","","","","","","","","",""
"custom-labels-response","241","1072597","0.0-11.0-3.16","12031.800000011921","","suspicious","","","","","tom-labels","","","M5","suspicious"
"html-keyboard-response","242","1073612","0.0-11.0-0.17","null","<span style=""font-size:40px;"">+</span>","null","","","","","","","","",""
"html-keyboard-response","243","1078164","0.0-11.0-1.17","","","","","","","","","","","",""
"image-keyboard-response","244","1078677","0.0-11.0-2.17","null","stimuli/noise_texture.png","null","","","","","","","","",""
"custom-labels-response","245","1081167","0.0-11.0-3.17","2487.3999999910593","","arrogant","","","","","tom-labels","","","M1","arrogant"
"html-keyboard-response","246","1082175","0.0-11.0-0.18","null","<span style=""font-size:40px;"">+</span>","null","","","","","","","","",""
"html-keyboard-response","247","1086804","0.0-11.0-1.18","","","","","","","","","","","",""
"image-keyboard-response","248","1087317","0.0-11.0-2.18","null","stimuli/noise_texture.png","null","","","","","","","","",""
"custom-labels-response","249","1091556","0.0-11.0-3.18","4237.29999999702","","aghast","","","","","tom-labels","","","M3","aghast"
"html-keyboard-response","250","1092574","0.0-11.0-0.19","null","<span style=""font-size:40px;"">+</span>","null","","","","","","","","",""
"html-keyboard-response","251","1097982","0.0-11.0-1.19","","","","","","","","","","","",""
"image-keyboard-response","252","1098488","0.0-11.0-2.19","null","stimuli/noise_texture.png","null","","","","","","","","",""
"custom-labels-response","253","1102287","0.0-11.0-3.19","3797","","deciding","","","","","tom-labels","","","F6","deciding"
"html-keyboard-response","254","1103301","0.0-11.0-0.20","null","<span style=""font-size:40px;"">+</span>","null","","","","","","","","",""
"html-keyboard-response","255","1107899","0.0-11.0-1.20","","","","","","","","","","","",""
"image-keyboard-response","256","1108418","0.0-11.0-2.20","null","stimuli/noise_texture.png","null","","","","","","","","",""
"custom-labels-response","257","1117983","0.0-11.0-3.20","9562.59999999404","","offended","","","","","tom-labels","","","M1","pensive"
"html-keyboard-response","258","1119000","0.0-11.0-0.21","null","<span style=""font-size:40px;"">+</span>","null","","","","","","","","",""
"html-keyboard-response","259","1124272","0.0-11.0-1.21","","","","","","","","","","","",""
"image-keyboard-response","260","1124780","0.0-11.0-2.21","null","stimuli/noise_texture.png","null","","","","","","","","",""
"custom-labels-response","261","1130315","0.0-11.0-3.21","5532.20000000298","","anticipating","","","","","tom-labels","","","F5","anticipating"
"html-button-response","262","1215557","0.0-12.0","85238.70000000298","You have completed the first part of the experiment.<br> Please take a five-minute break before moving on to the next trial.<p> Feel free to walk around the room and stretch. However, please make sure to return to the task<br> within 5 minutes, as extended delays may result in automatic withdrawal from the study.<br>Press <b>Continue</b> to proceed with the experiment.<p><span id=""clock"">5:00</span>","0","","","","","","","","",""
"instructions","263","1239942","0.0-13.0","24383.29999999702","","","","","","","","","[{""page_index"":0,""viewing_time"":5192.79999999702},{""page_index"":1,""viewing_time"":17495.90000000596},{""page_index"":2,""viewing_time"":1693.199999988079}]","",""
"html-keyboard-response","264","1240957","0.0-14.0-0.0","null","<span style=""font-size:40px;"">+</span>","null","","","","","","","","",""
"html-keyboard-response","265","1246583","0.0-14.0-1.0","","","","","","","","","","","",""
"image-keyboard-response","266","1247091","0.0-14.0-2.0","null","stimuli/noise_texture.png","null","","","","","","","","",""
"custom-labels-response","267","1251061","0.0-14.0-3.0","3969","","assertive","","","","","tom-labels","","","M3","assertive"
"html-keyboard-response","268","1252076","0.0-14.0-0.1","null","<span style=""font-size:40px;"">+</span>","null","","","","","","","","",""
"html-keyboard-response","269","1257825","0.0-14.0-1.1","","","","","","","","","","","",""
"image-keyboard-response","270","1258330","0.0-14.0-2.1","null","stimuli/noise_texture.png","null","","","","","","","","",""
"custom-labels-response","271","1262665","0.0-14.0-3.1","4333","","puzzled","","","","","tom-labels","","","M6","puzzled"
"html-keyboard-response","272","1263673","0.0-14.0-0.2","null","<span style=""font-size:40px;"">+</span>","null","","","","","","","","",""
"html-keyboard-response","273","1269085","0.0-14.0-1.2","","","","","","","","","","","",""
"image-keyboard-response","274","1269588","0.0-14.0-2.2","null","stimuli/noise_texture.png","null","","","","","","","","",""
"custom-labels-response","275","1273613","0.0-14.0-3.2","4022.699999988079","","playful","","","","","tom-labels","","","M5","playful"
"html-keyboard-response","276","1274619","0.0-14.0-0.3","null","<span style=""font-size:40px;"">+</span>","null","","","","","","","","",""
"html-keyboard-response","277","1279607","0.0-14.0-1.3","","","","","","","","","","","",""
"image-keyboard-response","278","1280121","0.0-14.0-2.3","null","stimuli/noise_texture.png","null","","","","","","","","",""
"custom-labels-response","279","1283810","0.0-14.0-3.3","3687.8999999910593","","sarcastic","","","","","tom-labels","","","F3","sarcastic"
"html-keyboard-response","280","1284825","0.0-14.0-0.4","null","<span style=""font-size:40px;"">+</span>","null","","","","","","","","",""
"html-keyboard-response","281","1290120","0.0-14.0-1.4","","","","","","","","","","","",""
"image-keyboard-response","282","1290637","0.0-14.0-2.4","null","stimuli/noise_texture.png","null","","","","","","","","",""
"custom-labels-response","283","1298297","0.0-14.0-3.4","7657.70000000298","","impatient","","","","","tom-labels","","","M2","cautious"
"html-keyboard-response","284","1299304","0.0-14.0-0.5","null","<span style=""font-size:40px;"">+</span>","null","","","","","","","","",""
"html-keyboard-response","285","1304572","0.0-14.0-1.5","","","","","","","","","","","",""
"image-keyboard-response","286","1305084","0.0-14.0-2.5","null","stimuli/noise_texture.png","null","","","","","","","","",""
"custom-labels-response","287","1313016","0.0-14.0-3.5","7930.100000008941","","friendly","","","","","tom-labels","","","M5","friendly"
"html-keyboard-response","288","1314020","0.0-14.0-0.6","null","<span style=""font-size:40px;"">+</span>","null","","","","","","","","",""
"html-keyboard-response","289","1319452","0.0-14.0-1.6","","","","","","","","","","","",""
"image-keyboard-response","290","1319962","0.0-14.0-2.6","null","stimuli/noise_texture.png","null","","","","","","","","",""
"custom-labels-response","291","1324748","0.0-14.0-3.6","4784.29999999702","","baffled","","","","","tom-labels","","","M4","baffled"
"html-keyboard-response","292","1325760","0.0-14.0-0.7","null","<span style=""font-size:40px;"">+</span>","null","","","","","","","","",""
"html-keyboard-response","293","1330614","0.0-14.0-1.7","","","","","","","","","","","",""
"image-keyboard-response","294","1331126","0.0-14.0-2.7","null","stimuli/noise_texture.png","null","","","","","","","","",""
"custom-labels-response","295","1336917","0.0-14.0-3.7","5789.79999999702","","pensive","","","","","tom-labels","","","F3","pensive"
"html-keyboard-response","296","1337927","0.0-14.0-0.8","null","<span style=""font-size:40px;"">+</span>","null","","","","","","","","",""
"html-keyboard-response","297","1342723","0.0-14.0-1.8","","","","","","","","","","","",""
"image-keyboard-response","298","1343240","0.0-14.0-2.8","null","stimuli/noise_texture.png","null","","","","","","","","",""
"custom-labels-response","299","1346127","0.0-14.0-3.8","2884.4000000059605","","incredulous","","","","","tom-labels","","","M1","incredulous"
"html-keyboard-response","300","1347131","0.0-14.0-0.9","null","<span style=""font-size:40px;"">+</span>","null","","","","","","","","",""
"html-keyboard-response","301","1352662","0.0-14.0-1.9","","","","","","","","","","","",""
"image-keyboard-response","302","1353171","0.0-14.0-2.9","null","stimuli/noise_texture.png","null","","","","","","","","",""
"custom-labels-response","303","1357331","0.0-14.0-3.9","4157.5","","upset","","","","","tom-labels","","","F4","upset"
"html-keyboard-response","304","1358342","0.0-14.0-0.10","null","<span style=""font-size:40px;"">+</span>","null","","","","","","","","",""
"html-keyboard-response","305","1364150","0.0-14.0-1.10","","","","","","","","","","","",""
"image-keyboard-response","306","1364654","0.0-14.0-2.10","null","stimuli/noise_texture.png","null","","","","","","","","",""
"custom-labels-response","307","1368212","0.0-14.0-3.10","3556.2999999970198","","serious","","","","","tom-labels","","","M6","serious"
"html-keyboard-response","308","1369226","0.0-14.0-0.11","null","<span style=""font-size:40px;"">+</span>","null","","","","","","","","",""
"html-keyboard-response","309","1374964","0.0-14.0-1.11","","","","","","","","","","","",""
"image-keyboard-response","310","1375472","0.0-14.0-2.11","null","stimuli/noise_texture.png","null","","","","","","","","",""
"custom-labels-response","311","1381995","0.0-14.0-3.11","6521","","comforting","","","","","tom-labels","","","M5","comforting"
"html-keyboard-response","312","1383000","0.0-14.0-0.12","null","<span style=""font-size:40px;"">+</span>","null","","","","","","","","",""
"html-keyboard-response","313","1388686","0.0-14.0-1.12","","","","","","","","","","","",""
"image-keyboard-response","314","1389197","0.0-14.0-2.12","null","stimuli/noise_texture.png","null","","","","","","","","",""
"custom-labels-response","315","1391978","0.0-14.0-3.12","2778.9000000059605","","threatening","","","","","tom-labels","","","M6","irritated"
"html-keyboard-response","316","1392996","0.0-14.0-0.13","null","<span style=""font-size:40px;"">+</span>","null","","","","","","","","",""
"html-keyboard-response","317","1398461","0.0-14.0-1.13","","","","","","","","","","","",""
"image-keyboard-response","318","1398970","0.0-14.0-2.13","null","stimuli/noise_texture.png","null","","","","","","","","",""
"custom-labels-response","319","1402048","0.0-14.0-3.13","3076","","intrigued","","","","","tom-labels","","","M4","intrigued"
"html-keyboard-response","320","1403060","0.0-14.0-0.14","null","<span style=""font-size:40px;"">+</span>","null","","","","","","","","",""
"html-keyboard-response","321","1407870","0.0-14.0-1.14","","","","","","","","","","","",""
"image-keyboard-response","322","1408381","0.0-14.0-2.14","null","stimuli/noise_texture.png","null","","","","","","","","",""
"custom-labels-response","323","1411228","0.0-14.0-3.14","2844.7999999970198","","fascinated","","","","","tom-labels","","","F3","fascinated"
"html-keyboard-response","324","1412239","0.0-14.0-0.15","null","<span style=""font-size:40px;"">+</span>","null","","","","","","","","",""
"html-keyboard-response","325","1417698","0.0-14.0-1.15","","","","","","","","","","","",""
"image-keyboard-response","326","1418212","0.0-14.0-2.15","null","stimuli/noise_texture.png","null","","","","","","","","",""
"custom-labels-response","327","1425042","0.0-14.0-3.15","6827.20000000298","","imploring","","","","","tom-labels","","","F2","hopeful"
"html-keyboard-response","328","1426054","0.0-14.0-0.16","null","<span style=""font-size:40px;"">+</span>","null","","","","","","","","",""
"html-keyboard-response","329","1431370","0.0-14.0-1.16","","","","","","","","","","","",""
"image-keyboard-response","330","1431885","0.0-14.0-2.16","null","stimuli/noise_texture.png","null","","","","","","","","",""
"custom-labels-response","331","1445444","0.0-14.0-3.16","13556.40000000596","","cautious","","","","","tom-labels","","","F6","contemplative"
"html-keyboard-response","332","1446454","0.0-14.0-0.17","null","<span style=""font-size:40px;"">+</span>","null","","","","","","","","",""
"html-keyboard-response","333","1452079","0.0-14.0-1.17","","","","","","","","","","","",""
"image-keyboard-response","334","1452588","0.0-14.0-2.17","null","stimuli/noise_texture.png","null","","","","","","","","",""
"custom-labels-response","335","1456429","0.0-14.0-3.17","3838.5999999940395","","nervous","","","","","tom-labels","","","M2","nervous"
"html-keyboard-response","336","1457436","0.0-14.0-0.18","null","<span style=""font-size:40px;"">+</span>","null","","","","","","","","",""
"html-keyboard-response","337","1462286","0.0-14.0-1.18","","","","","","","","","","","",""
"image-keyboard-response","338","1462797","0.0-14.0-2.18","null","stimuli/noise_texture.png","null","","","","","","","","",""
"custom-labels-response","339","1466185","0.0-14.0-3.18","3385.7999999970198","","entertained","","","","","tom-labels","","","F3","entertained"
"html-keyboard-response","340","1467201","0.0-14.0-0.19","null","<span style=""font-size:40px;"">+</span>","null","","","","","","","","",""
"html-keyboard-response","341","1476444","0.0-14.0-1.19","","","","","","","","","","","",""
"image-keyboard-response","342","1476957","0.0-14.0-2.19","null","stimuli/noise_texture.png","null","","","","","","","","",""
"custom-labels-response","343","1479606","0.0-14.0-3.19","2647.0999999940395","","accusing","","","","","tom-labels","","","F6","accusing"
"html-keyboard-response","344","1480609","0.0-14.0-0.20","null","<span style=""font-size:40px;"">+</span>","null","","","","","","","","",""
"html-keyboard-response","345","1486138","0.0-14.0-1.20","","","","","","","","","","","",""
"image-keyboard-response","346","1486656","0.0-14.0-2.20","null","stimuli/noise_texture.png","null","","","","","","","","",""
"custom-labels-response","347","1490609","0.0-14.0-3.20","3949.300000011921","","impatient","","","","","tom-labels","","","F4","impatient"
"html-keyboard-response","348","1491621","0.0-14.0-0.21","null","<span style=""font-size:40px;"">+</span>","null","","","","","","","","",""
"html-keyboard-response","349","1496704","0.0-14.0-1.21","","","","","","","","","","","",""
"image-keyboard-response","350","1497212","0.0-14.0-2.21","null","stimuli/noise_texture.png","null","","","","","","","","",""
"custom-labels-response","351","1501227","0.0-14.0-3.21","4013","","indifferent","","","","","tom-labels","","","M3","sympathetic"
"html-keyboard-response","352","1502242","0.0-14.0-0.22","null","<span style=""font-size:40px;"">+</span>","null","","","","","","","","",""
"html-keyboard-response","353","1507664","0.0-14.0-1.22","","","","","","","","","","","",""
"image-keyboard-response","354","1508178","0.0-14.0-2.22","null","stimuli/noise_texture.png","null","","","","","","","","",""
"custom-labels-response","355","1510489","0.0-14.0-3.22","2309.5","","flirtatious","","","","","tom-labels","","","F6","flirtatious"
"html-keyboard-response","356","1511503","0.0-14.0-0.23","null","<span style=""font-size:40px;"">+</span>","null","","","","","","","","",""
"html-keyboard-response","357","1516816","0.0-14.0-1.23","","","","","","","","","","","",""
"image-keyboard-response","358","1517318","0.0-14.0-2.23","null","stimuli/noise_texture.png","null","","","","","","","","",""
"custom-labels-response","359","1520043","0.0-14.0-3.23","2723.0999999940395","","encouraging","","","","","tom-labels","","","F5","encouraging"
"html-keyboard-response","360","1521048","0.0-14.0-0.24","null","<span style=""font-size:40px;"">+</span>","null","","","","","","","","",""
"html-keyboard-response","361","1525712","0.0-14.0-1.24","","","","","","","","","","","",""
"image-keyboard-response","362","1526223","0.0-14.0-2.24","null","stimuli/noise_texture.png","null","","","","","","","","",""
"custom-labels-response","363","1529407","0.0-14.0-3.24","3181.300000011921","","horrified","","","","","tom-labels","","","M1","horrified"
"html-keyboard-response","364","1530419","0.0-14.0-0.25","null","<span style=""font-size:40px;"">+</span>","null","","","","","","","","",""
"html-keyboard-response","365","1536815","0.0-14.0-1.25","","","","","","","","","","","",""
"image-keyboard-response","366","1537321","0.0-14.0-2.25","null","stimuli/noise_texture.png","null","","","","","","","","",""
"custom-labels-response","367","1539981","0.0-14.0-3.25","2658.6000000089407","","interested","","","","","tom-labels","","","F2","playful"
"html-keyboard-response","368","1540987","0.0-14.0-0.26","null","<span style=""font-size:40px;"">+</span>","null","","","","","","","","",""
"html-keyboard-response","369","1545834","0.0-14.0-1.26","","","","","","","","","","","",""
"image-keyboard-response","370","1546351","0.0-14.0-2.26","null","stimuli/noise_texture.png","null","","","","","","","","",""
"custom-labels-response","371","1560690","0.0-14.0-3.26","14336.699999988079","","deciding","","","","","tom-labels","","","M3","offended"
"html-keyboard-response","372","1561702","0.0-14.0-0.27","null","<span style=""font-size:40px;"">+</span>","null","","","","","","","","",""
"html-keyboard-response","373","1567350","0.0-14.0-1.27","","","","","","","","","","","",""
"image-keyboard-response","374","1567862","0.0-14.0-2.27","null","stimuli/noise_texture.png","null","","","","","","","","",""
"custom-labels-response","375","1571576","0.0-14.0-3.27","3711.5","","indifferent","","","","","tom-labels","","","F4","indifferent"
"html-keyboard-response","376","1572580","0.0-14.0-0.28","null","<span style=""font-size:40px;"">+</span>","null","","","","","","","","",""
"html-keyboard-response","377","1578163","0.0-14.0-1.28","","","","","","","","","","","",""
"image-keyboard-response","378","1578677","0.0-14.0-2.28","null","stimuli/noise_texture.png","null","","","","","","","","",""
"custom-labels-response","379","1586353","0.0-14.0-3.28","7673.800000011921","","hopeful","","","","","tom-labels","","","M2","entertained"
"html-keyboard-response","380","1587364","0.0-14.0-0.29","null","<span style=""font-size:40px;"">+</span>","null","","","","","","","","",""
"html-keyboard-response","381","1592910","0.0-14.0-1.29","","","","","","","","","","","",""
"image-keyboard-response","382","1593415","0.0-14.0-2.29","null","stimuli/noise_texture.png","null","","","","","","","","",""
"custom-labels-response","383","1601197","0.0-14.0-3.29","7779","","arrogant","","","","","tom-labels","","","F8","decisive"
"html-keyboard-response","384","1602206","0.0-15.0-0.0","null","<span style=""font-size:40px;"">+</span>","null","","","","","","","","",""
"html-keyboard-response","385","1607702","0.0-15.0-1.0","","","","","","","","","","","",""
"image-keyboard-response","386","1608207","0.0-15.0-2.0","null","stimuli/noise_texture.png","null","","","","","","","","",""
"custom-labels-response","387","1610610","0.0-15.0-3.0","2402.2000000029802","","click","","","","","attention-check","","","F2","confident"
"html-keyboard-response","388","1611622","0.0-17.0-0.0","null","<span style=""font-size:40px;"">+</span>","null","","","","","","","","",""
"html-keyboard-response","389","1617121","0.0-17.0-1.0","","","","","","","","","","","",""
"image-keyboard-response","390","1617624","0.0-17.0-2.0","null","stimuli/noise_texture.png","null","","","","","","","","",""
"custom-labels-response","391","1620932","0.0-17.0-3.0","3306.7000000029802","","defiant","","","","","tom-labels","","","F4","defiant"
"html-keyboard-response","392","1621942","0.0-17.0-0.1","null","<span style=""font-size:40px;"">+</span>","null","","","","","","","","",""
"html-keyboard-response","393","1627346","0.0-17.0-1.1","","","","","","","","","","","",""
"image-keyboard-response","394","1627856","0.0-17.0-2.1","null","stimuli/noise_texture.png","null","","","","","","","","",""
"custom-labels-response","395","1631894","0.0-17.0-3.1","4035.6000000089407","","contented","","","","","tom-labels","","","F7","contented"
"html-keyboard-response","396","1632909","0.0-17.0-0.2","null","<span style=""font-size:40px;"">+</span>","null","","","","","","","","",""
"html-keyboard-response","397","1638314","0.0-17.0-1.2","","","","","","","","","","","",""
"image-keyboard-response","398","1638824","0.0-17.0-2.2","null","stimuli/noise_texture.png","null","","","","","","","","",""
"custom-labels-response","399","1647758","0.0-17.0-3.2","8931.39999999106","","assertive","","","","","tom-labels","","","F4","assertive"
"html-keyboard-response","400","1648776","0.0-17.0-0.3","null","<span style=""font-size:40px;"">+</span>","null","","","","","","","","",""
"html-keyboard-response","401","1654817","0.0-17.0-1.3","","","","","","","","","","","",""
"image-keyboard-response","402","1655326","0.0-17.0-2.3","null","stimuli/noise_texture.png","null","","","","","","","","",""
"custom-labels-response","403","1658098","0.0-17.0-3.3","2769.699999988079","","curious","","","","","tom-labels","","","M6","curious"
"html-keyboard-response","404","1659105","0.0-17.0-0.4","null","<span style=""font-size:40px;"">+</span>","null","","","","","","","","",""
"html-keyboard-response","405","1664560","0.0-17.0-1.4","","","","","","","","","","","",""
"image-keyboard-response","406","1665066","0.0-17.0-2.4","null","stimuli/noise_texture.png","null","","","","","","","","",""
"custom-labels-response","407","1671066","0.0-17.0-3.4","5998.5","","dubious","","","","","tom-labels","","","M3","apologetic"
"html-keyboard-response","408","1672072","0.0-17.0-0.5","null","<span style=""font-size:40px;"">+</span>","null","","","","","","","","",""
"html-keyboard-response","409","1677940","0.0-17.0-1.5","","","","","","","","","","","",""
"image-keyboard-response","410","1678457","0.0-17.0-2.5","null","stimuli/noise_texture.png","null","","","","","","","","",""
"custom-labels-response","411","1691100","0.0-17.0-3.5","12641.29999999702","","suspicious","","","","","tom-labels","","","M5","preoccupied"
"html-keyboard-response","412","1692116","0.0-17.0-0.6","null","<span style=""font-size:40px;"">+</span>","null","","","","","","","","",""
"html-keyboard-response","413","1697544","0.0-17.0-1.6","","","","","","","","","","","",""
"image-keyboard-response","414","1698049","0.0-17.0-2.6","null","stimuli/noise_texture.png","null","","","","","","","","",""
"custom-labels-response","415","1700720","0.0-17.0-3.6","2668.6000000089407","","threatening","","","","","tom-labels","","","F7","threatening"
"html-keyboard-response","416","1701730","0.0-17.0-0.7","null","<span style=""font-size:40px;"">+</span>","null","","","","","","","","",""
"html-keyboard-response","417","1707208","0.0-17.0-1.7","","","","","","","","","","","",""
"image-keyboard-response","418","1707710","0.0-17.0-2.7","null","stimuli/noise_texture.png","null","","","","","","","","",""
"custom-labels-response","419","1712017","0.0-17.0-3.7","4304.20000000298","","resentful","","","","","tom-labels","","","F5","resentful"
"html-keyboard-response","420","1713021","0.0-17.0-0.8","null","<span style=""font-size:40px;"">+</span>","null","","","","","","","","",""
"html-keyboard-response","421","1718429","0.0-17.0-1.8","","","","","","","","","","","",""
"image-keyboard-response","422","1718946","0.0-17.0-2.8","null","stimuli/noise_texture.png","null","","","","","","","","",""
"custom-labels-response","423","1721886","0.0-17.0-3.8","2937.800000011921","","stern","","","","","tom-labels","","","M2","stern"
"html-keyboard-response","424","1722903","0.0-17.0-0.9","null","<span style=""font-size:40px;"">+</span>","null","","","","","","","","",""
"html-keyboard-response","425","1728591","0.0-17.0-1.9","","","","","","","","","","","",""
"image-keyboard-response","426","1729099","0.0-17.0-2.9","null","stimuli/noise_texture.png","null","","","","","","","","",""
"custom-labels-response","427","1734152","0.0-17.0-3.9","5051.800000011921","","skeptical","","","","","tom-labels","","","F5","perplexed"
"html-keyboard-response","428","1735158","0.0-17.0-0.10","null","<span style=""font-size:40px;"">+</span>","null","","","","","","","","",""
"html-keyboard-response","429","1740623","0.0-17.0-1.10","","","","","","","","","","","",""
"image-keyboard-response","430","1741132","0.0-17.0-2.10","null","stimuli/noise_texture.png","null","","","","","","","","",""
"custom-labels-response","431","1749307","0.0-17.0-3.10","8172.0999999940395","","fantasizing","","","","","tom-labels","","","M4","fantasizing"
"html-keyboard-response","432","1750311","0.0-17.0-0.11","null","<span style=""font-size:40px;"">+</span>","null","","","","","","","","",""
"html-keyboard-response","433","1755605","0.0-17.0-1.11","","","","","","","","","","","",""
"image-keyboard-response","434","1756123","0.0-17.0-2.11","null","stimuli/noise_texture.png","null","","","","","","","","",""
"custom-labels-response","435","1759203","0.0-17.0-3.11","3078","","fantasizing","","","","","tom-labels","","","F2","fantasizing"
"html-keyboard-response","436","1760208","0.0-17.0-0.12","null","<span style=""font-size:40px;"">+</span>","null","","","","","","","","",""
"html-keyboard-response","437","1765823","0.0-17.0-1.12","","","","","","","","","","","",""
"image-keyboard-response","438","1766336","0.0-17.0-2.12","null","stimuli/noise_texture.png","null","","","","","","","","",""
"custom-labels-response","439","1769024","0.0-17.0-3.12","2685.9000000059605","","embarrassed","","","","","tom-labels","","","M5","embarrassed"
"html-keyboard-response","440","1770031","0.0-17.0-0.13","null","<span style=""font-size:40px;"">+</span>","null","","","","","","","","",""
"html-keyboard-response","441","1774619","0.0-17.0-1.13","","","","","","","","","","","",""
"image-keyboard-response","442","1775131","0.0-17.0-2.13","null","stimuli/noise_texture.png","null","","","","","","","","",""
"custom-labels-response","443","1778432","0.0-17.0-3.13","3299.300000011921","","accusing","","","","","tom-labels","","","M3","impatient"
"html-keyboard-response","444","1779435","0.0-17.0-0.14","null","<span style=""font-size:40px;"">+</span>","null","","","","","","","","",""
"html-keyboard-response","445","1785026","0.0-17.0-1.14","","","","","","","","","","","",""
"image-keyboard-response","446","1785537","0.0-17.0-2.14","null","stimuli/noise_texture.png","null","","","","","","","","",""
"custom-labels-response","447","1788488","0.0-17.0-3.14","2948.9000000059605","","guilty","","","","","tom-labels","","","F6","guilty"
"html-keyboard-response","448","1789490","0.0-17.0-0.15","null","<span style=""font-size:40px;"">+</span>","null","","","","","","","","",""
"html-keyboard-response","449","1794741","0.0-17.0-1.15","","","","","","","","","","","",""
"image-keyboard-response","450","1795256","0.0-17.0-2.15","null","stimuli/noise_texture.png","null","","","","","","","","",""
"custom-labels-response","451","1801664","0.0-17.0-3.15","6406","","jealous","","","","","tom-labels","","","F8","jealous"
"html-keyboard-response","452","1802671","0.0-17.0-0.16","null","<span style=""font-size:40px;"">+</span>","null","","","","","","","","",""
"html-keyboard-response","453","1807981","0.0-17.0-1.16","","","","","","","","","","","",""
"image-keyboard-response","454","1808497","0.0-17.0-2.16","null","stimuli/noise_texture.png","null","","","","","","","","",""
"custom-labels-response","455","1811272","0.0-17.0-3.16","2772.5","","concerned","","","","","tom-labels","","","F7","concerned"
"html-keyboard-response","456","1812276","0.0-17.0-0.17","null","<span style=""font-size:40px;"">+</span>","null","","","","","","","","",""
"html-keyboard-response","457","1817583","0.0-17.0-1.17","","","","","","","","","","","",""
"image-keyboard-response","458","1818097","0.0-17.0-2.17","null","stimuli/noise_texture.png","null","","","","","","","","",""
"custom-labels-response","459","1821107","0.0-17.0-3.17","3007.5","","arrogant","","","","","tom-labels","","","F4","arrogant"
"html-keyboard-response","460","1822118","0.0-17.0-0.18","null","<span style=""font-size:40px;"">+</span>","null","","","","","","","","",""
"html-keyboard-response","461","1827796","0.0-17.0-1.18","","","","","","","","","","","",""
"image-keyboard-response","462","1828307","0.0-17.0-2.18","null","stimuli/noise_texture.png","null","","","","","","","","",""
"custom-labels-response","463","1834878","0.0-17.0-3.18","6569.600000008941","","imploring","","","","","tom-labels","","","F4","imploring"
"html-keyboard-response","464","1835892","0.0-17.0-0.19","null","<span style=""font-size:40px;"">+</span>","null","","","","","","","","",""
"html-keyboard-response","465","1841393","0.0-17.0-1.19","","","","","","","","","","","",""
"image-keyboard-response","466","1841909","0.0-17.0-2.19","null","stimuli/noise_texture.png","null","","","","","","","","",""
"custom-labels-response","467","1846566","0.0-17.0-3.19","4653.600000008941","","dominant","","","","","tom-labels","","","F4","dominant"
"html-keyboard-response","468","1847570","0.0-17.0-0.20","null","<span style=""font-size:40px;"">+</span>","null","","","","","","","","",""
"html-keyboard-response","469","1852469","0.0-17.0-1.20","","","","","","","","","","","",""
"image-keyboard-response","470","1852983","0.0-17.0-2.20","null","stimuli/noise_texture.png","null","","","","","","","","",""
"custom-labels-response","471","1856635","0.0-17.0-3.20","3649.0999999940395","","regretful","","","","","tom-labels","","","F3","regretful"
"html-keyboard-response","472","1857639","0.0-17.0-0.21","null","<span style=""font-size:40px;"">+</span>","null","","","","","","","","",""
"html-keyboard-response","473","1862954","0.0-17.0-1.21","","","","","","","","","","","",""
"image-keyboard-response","474","1863465","0.0-17.0-2.21","null","stimuli/noise_texture.png","null","","","","","","","","",""
"custom-labels-response","475","1866234","0.0-17.0-3.21","2766.5","","enthused","","","","","tom-labels","","","F2","enthused"
"html-keyboard-response","476","1867236","0.0-17.0-0.22","null","<span style=""font-size:40px;"">+</span>","null","","","","","","","","",""
"html-keyboard-response","477","1872500","0.0-17.0-1.22","","","","","","","","","","","",""
"image-keyboard-response","478","1873008","0.0-17.0-2.22","null","stimuli/noise_texture.png","null","","","","","","","","",""
"custom-labels-response","479","1878345","0.0-17.0-3.22","5332.9000000059605","","dispirited","","","","","tom-labels","","","M6","convinced"
"html-keyboard-response","480","1879358","0.0-17.0-0.23","null","<span style=""font-size:40px;"">+</span>","null","","","","","","","","",""
"html-keyboard-response","481","1884259","0.0-17.0-1.23","","","","","","","","","","","",""
"image-keyboard-response","482","1884775","0.0-17.0-2.23","null","stimuli/noise_texture.png","null","","","","","","","","",""
"custom-labels-response","483","1890678","0.0-17.0-3.23","5900.4000000059605","","despondent","","","","","tom-labels","","","F2","despondent"
"html-keyboard-response","484","1891689","0.0-17.0-0.24","null","<span style=""font-size:40px;"">+</span>","null","","","","","","","","",""
"html-keyboard-response","485","1897153","0.0-17.0-1.24","","","","","","","","","","","",""
"image-keyboard-response","486","1897666","0.0-17.0-2.24","null","stimuli/noise_texture.png","null","","","","","","","","",""
"custom-labels-response","487","1900674","0.0-17.0-3.24","3006.0999999940395","","grateful","","","","","tom-labels","","","F5","grateful"
"html-keyboard-response","488","1901677","0.0-17.0-0.25","null","<span style=""font-size:40px;"">+</span>","null","","","","","","","","",""
"html-keyboard-response","489","1907575","0.0-17.0-1.25","","","","","","","","","","","",""
"image-keyboard-response","490","1908078","0.0-17.0-2.25","null","stimuli/noise_texture.png","null","","","","","","","","",""
"custom-labels-response","491","1910344","0.0-17.0-3.25","2264.7000000029802","","terrified","","","","","tom-labels","","","F6","terrified"
"html-keyboard-response","492","1911347","0.0-17.0-0.26","null","<span style=""font-size:40px;"">+</span>","null","","","","","","","","",""
"html-keyboard-response","493","1916718","0.0-17.0-1.26","","","","","","","","","","","",""
"image-keyboard-response","494","1917233","0.0-17.0-2.26","null","stimuli/noise_texture.png","null","","","","","","","","",""
"custom-labels-response","495","1923329","0.0-17.0-3.26","6093.20000000298","","hostile","","","","","tom-labels","","","F6","hostile"
"html-keyboard-response","496","1924332","0.0-17.0-0.27","null","<span style=""font-size:40px;"">+</span>","null","","","","","","","","",""
"html-keyboard-response","497","1929804","0.0-17.0-1.27","","","","","","","","","","","",""
"image-keyboard-response","498","1930307","0.0-17.0-2.27","null","stimuli/noise_texture.png","null","","","","","","","","",""
"custom-labels-response","499","1932777","0.0-17.0-3.27","2468.4000000059605","","fearful","","","","","tom-labels","","","M5","fearful"
"html-keyboard-response","500","1933794","0.0-17.0-0.28","null","<span style=""font-size:40px;"">+</span>","null","","","","","","","","",""
"html-keyboard-response","501","1939315","0.0-17.0-1.28","","","","","","","","","","","",""
"image-keyboard-response","502","1939825","0.0-17.0-2.28","null","stimuli/noise_texture.png","null","","","","","","","","",""
"custom-labels-response","503","1945097","0.0-17.0-3.28","5268.4000000059605","","convinced","","","","","tom-labels","","","F4","convinced"
"html-keyboard-response","504","1946111","0.0-17.0-0.29","null","<span style=""font-size:40px;"">+</span>","null","","","","","","","","",""
"html-keyboard-response","505","1951454","0.0-17.0-1.29","","","","","","","","","","","",""
"image-keyboard-response","506","1951959","0.0-17.0-2.29","null","stimuli/noise_texture.png","null","","","","","","","","",""
"custom-labels-response","507","1954770","0.0-17.0-3.29","2808.7999999970198","","annoyed","","","","","tom-labels","","","F2","annoyed"
"html-keyboard-response","508","1955782","0.0-17.0-0.30","null","<span style=""font-size:40px;"">+</span>","null","","","","","","","","",""
"html-keyboard-response","509","1960705","0.0-17.0-1.30","","","","","","","","","","","",""
"image-keyboard-response","510","1961222","0.0-17.0-2.30","null","stimuli/noise_texture.png","null","","","","","","","","",""
"custom-labels-response","511","1967065","0.0-17.0-3.30","5840.5","","preoccupied","","","","","tom-labels","","","F3","preoccupied"
"html-keyboard-response","512","1968075","0.0-17.0-0.31","null","<span style=""font-size:40px;"">+</span>","null","","","","","","","","",""
"html-keyboard-response","513","1973022","0.0-17.0-1.31","","","","","","","","","","","",""
"image-keyboard-response","514","1973534","0.0-17.0-2.31","null","stimuli/noise_texture.png","null","","","","","","","","",""
"custom-labels-response","515","1976051","0.0-17.0-3.31","2514.5999999940395","","offended","","","","","tom-labels","","","F3","offended"
"html-button-response","516","2083862","0.0-18.0","107808.39999999106","You have completed the second part of the experiment.<br> Please take a five-minute break before moving on to the next trial.<p> Feel free to walk around the room and stretch. However, please make sure to return to the task<br> within 5 minutes, as extended delays may result in automatic withdrawal from the study.<br>Press <b>Continue</b> to proceed with the experiment.<p><span id=""clock"">5:00</span>","0","","","","","","","","",""
"instructions","517","2102890","0.0-19.0","19026.40000000596","","","","","","","","","[{""page_index"":0,""viewing_time"":2527.2000000029802},{""page_index"":1,""viewing_time"":6394.4000000059605},{""page_index"":2,""viewing_time"":10101.39999999106}]","",""
"html-keyboard-response","518","2103904","0.0-20.0-0.0","null","<span style=""font-size:40px;"">+</span>","null","","","","","","","","",""
"html-keyboard-response","519","2108812","0.0-20.0-1.0","","","","","","","","","","","",""
"image-keyboard-response","520","2109321","0.0-20.0-2.0","null","stimuli/noise_texture.png","null","","","","","","","","",""
"custom-labels-response","521","2115121","0.0-20.0-3.0","5796.600000008941","","resentful","","","","","tom-labels","","","M3","resentful"
"html-keyboard-response","522","2116124","0.0-20.0-0.1","null","<span style=""font-size:40px;"">+</span>","null","","","","","","","","",""
"html-keyboard-response","523","2121433","0.0-20.0-1.1","","","","","","","","","","","",""
"image-keyboard-response","524","2121936","0.0-20.0-2.1","null","stimuli/noise_texture.png","null","","","","","","","","",""
"custom-labels-response","525","2125229","0.0-20.0-3.1","3289.8999999910593","","horrified","","","","","tom-labels","","","F8","horrified"
"html-keyboard-response","526","2126237","0.0-20.0-0.2","null","<span style=""font-size:40px;"">+</span>","null","","","","","","","","",""
"html-keyboard-response","527","2131737","0.0-20.0-1.2","","","","","","","","","","","",""
"image-keyboard-response","528","2132247","0.0-20.0-2.2","null","stimuli/noise_texture.png","null","","","","","","","","",""
"custom-labels-response","529","2138558","0.0-20.0-3.2","6308.9000000059605","","reflective","","","","","tom-labels","","","M6","reflective"
"html-keyboard-response","530","2139564","0.0-20.0-0.3","null","<span style=""font-size:40px;"">+</span>","null","","","","","","","","",""
"html-keyboard-response","531","2144621","0.0-20.0-1.3","","","","","","","","","","","",""
"image-keyboard-response","532","2145133","0.0-20.0-2.3","null","stimuli/noise_texture.png","null","","","","","","","","",""
"custom-labels-response","533","2147761","0.0-20.0-3.3","2624.7000000029802","","alarmed","","","","","tom-labels","","","F3","alarmed"
"html-keyboard-response","534","2148768","0.0-20.0-0.4","null","<span style=""font-size:40px;"">+</span>","null","","","","","","","","",""
"html-keyboard-response","535","2154518","0.0-20.0-1.4","","","","","","","","","","","",""
"image-keyboard-response","536","2155025","0.0-20.0-2.4","null","stimuli/noise_texture.png","null","","","","","","","","",""
"custom-labels-response","537","2158146","0.0-20.0-3.4","3118.5999999940395","","concerned","","","","","tom-labels","","","M4","concerned"
"html-keyboard-response","538","2159157","0.0-20.0-0.5","null","<span style=""font-size:40px;"">+</span>","null","","","","","","","","",""
"html-keyboard-response","539","2164420","0.0-20.0-1.5","","","","","","","","","","","",""
"image-keyboard-response","540","2164938","0.0-20.0-2.5","null","stimuli/noise_texture.png","null","","","","","","","","",""
"custom-labels-response","541","2169179","0.0-20.0-3.5","4238.899999991059","","desire","","","","","tom-labels","","","F8","desire"
"html-keyboard-response","542","2170191","0.0-20.0-0.6","null","<span style=""font-size:40px;"">+</span>","null","","","","","","","","",""
"html-keyboard-response","543","2175074","0.0-20.0-1.6","","","","","","","","","","","",""
"image-keyboard-response","544","2175588","0.0-20.0-2.6","null","stimuli/noise_texture.png","null","","","","","","","","",""
"custom-labels-response","545","2179038","0.0-20.0-3.6","3448.5999999940395","","dubious","","","","","tom-labels","","","M3","dubious"
"html-keyboard-response","546","2180048","0.0-20.0-0.7","null","<span style=""font-size:40px;"">+</span>","null","","","","","","","","",""
"html-keyboard-response","547","2185342","0.0-20.0-1.7","","","","","","","","","","","",""
"image-keyboard-response","548","2185857","0.0-20.0-2.7","null","stimuli/noise_texture.png","null","","","","","","","","",""
"custom-labels-response","549","2190691","0.0-20.0-3.7","4831.9000000059605","","flustered","","","","","tom-labels","","","M4","flustered"
"html-keyboard-response","550","2191708","0.0-20.0-0.8","null","<span style=""font-size:40px;"">+</span>","null","","","","","","","","",""
"html-keyboard-response","551","2196940","0.0-20.0-1.8","","","","","","","","","","","",""
"image-keyboard-response","552","2197443","0.0-20.0-2.8","null","stimuli/noise_texture.png","null","","","","","","","","",""
"custom-labels-response","553","2203120","0.0-20.0-3.8","5675.399999991059","","alarmed","","","","","tom-labels","","","M2","alarmed"
"html-keyboard-response","554","2204126","0.0-20.0-0.9","null","<span style=""font-size:40px;"">+</span>","null","","","","","","","","",""
"html-keyboard-response","555","2209519","0.0-20.0-1.9","","","","","","","","","","","",""
"image-keyboard-response","556","2210032","0.0-20.0-2.9","null","stimuli/noise_texture.png","null","","","","","","","","",""
"custom-labels-response","557","2215215","0.0-20.0-3.9","5180.4000000059605","","grateful","","","","","tom-labels","","","M3","grateful"
"html-keyboard-response","558","2216226","0.0-20.0-0.10","null","<span style=""font-size:40px;"">+</span>","null","","","","","","","","",""
"html-keyboard-response","559","2221109","0.0-20.0-1.10","","","","","","","","","","","",""
"image-keyboard-response","560","2221625","0.0-20.0-2.10","null","stimuli/noise_texture.png","null","","","","","","","","",""
"custom-labels-response","561","2225856","0.0-20.0-3.10","4229","","jealous","","","","","tom-labels","","","M3","jealous"
"html-keyboard-response","562","2226873","0.0-20.0-0.11","null","<span style=""font-size:40px;"">+</span>","null","","","","","","","","",""
"html-keyboard-response","563","2232176","0.0-20.0-1.11","","","","","","","","","","","",""
"image-keyboard-response","564","2232681","0.0-20.0-2.11","null","stimuli/noise_texture.png","null","","","","","","","","",""
"custom-labels-response","565","2236441","0.0-20.0-3.11","3758.1000000089407","","earnest","","","","","tom-labels","","","M4","hopeful"
"html-keyboard-response","566","2237444","0.0-20.0-0.12","null","<span style=""font-size:40px;"">+</span>","null","","","","","","","","",""
"html-keyboard-response","567","2242996","0.0-20.0-1.12","","","","","","","","","","","",""
"image-keyboard-response","568","2243498","0.0-20.0-2.12","null","stimuli/noise_texture.png","null","","","","","","","","",""
"custom-labels-response","569","2245663","0.0-20.0-3.12","2162.5","","reassuring","","","","","tom-labels","","","F6","reassuring"
"html-keyboard-response","570","2246669","0.0-20.0-0.13","null","<span style=""font-size:40px;"">+</span>","null","","","","","","","","",""
"html-keyboard-response","571","2251375","0.0-20.0-1.13","","","","","","","","","","","",""
"image-keyboard-response","572","2251883","0.0-20.0-2.13","null","stimuli/noise_texture.png","null","","","","","","","","",""
"custom-labels-response","573","2257471","0.0-20.0-3.13","5586.4000000059605","","incredulous","","","","","tom-labels","","","F3","incredulous"
"html-keyboard-response","574","2258475","0.0-20.0-0.14","null","<span style=""font-size:40px;"">+</span>","null","","","","","","","","",""
"html-keyboard-response","575","2263618","0.0-20.0-1.14","","","","","","","","","","","",""
"image-keyboard-response","576","2264127","0.0-20.0-2.14","null","stimuli/noise_texture.png","null","","","","","","","","",""
"custom-labels-response","577","2266638","0.0-20.0-3.14","2508.7000000029802","","doubtful","","","","","tom-labels","","","F3","doubtful"
"html-keyboard-response","578","2267648","0.0-20.0-0.15","null","<span style=""font-size:40px;"">+</span>","null","","","","","","","","",""
"html-keyboard-response","579","2273073","0.0-20.0-1.15","","","","","","","","","","","",""
"image-keyboard-response","580","2273577","0.0-20.0-2.15","null","stimuli/noise_texture.png","null","","","","","","","","",""
"custom-labels-response","581","2276681","0.0-20.0-3.15","3101.2999999970198","","panicked","","","","","tom-labels","","","F5","panicked"
"html-keyboard-response","582","2277685","0.0-20.0-0.16","null","<span style=""font-size:40px;"">+</span>","null","","","","","","","","",""
"html-keyboard-response","583","2283526","0.0-20.0-1.16","","","","","","","","","","","",""
"image-keyboard-response","584","2284041","0.0-20.0-2.16","null","stimuli/noise_texture.png","null","","","","","","","","",""
"custom-labels-response","585","2288730","0.0-20.0-3.16","4687.100000008941","","dubious","","","","","tom-labels","","","F4","dubious"
"html-keyboard-response","586","2289745","0.0-20.0-0.17","null","<span style=""font-size:40px;"">+</span>","null","","","","","","","","",""
"html-keyboard-response","587","2295253","0.0-20.0-1.17","","","","","","","","","","","",""
"image-keyboard-response","588","2295763","0.0-20.0-2.17","null","stimuli/noise_texture.png","null","","","","","","","","",""
"custom-labels-response","589","2298055","0.0-20.0-3.17","2289.7000000029802","","aghast","","","","","tom-labels","","","F7","aghast"
"html-keyboard-response","590","2299068","0.0-20.0-0.18","null","<span style=""font-size:40px;"">+</span>","null","","","","","","","","",""
"html-keyboard-response","591","2303934","0.0-20.0-1.18","","","","","","","","","","","",""
"image-keyboard-response","592","2304446","0.0-20.0-2.18","null","stimuli/noise_texture.png","null","","","","","","","","",""
"custom-labels-response","593","2307119","0.0-20.0-3.18","2670.2000000029802","","amused","","","","","tom-labels","","","M1","amused"
"html-keyboard-response","594","2308133","0.0-20.0-0.19","null","<span style=""font-size:40px;"">+</span>","null","","","","","","","","",""
"html-keyboard-response","595","2312775","0.0-20.0-1.19","","","","","","","","","","","",""
"image-keyboard-response","596","2313278","0.0-20.0-2.19","null","stimuli/noise_texture.png","null","","","","","","","","",""
"custom-labels-response","597","2316024","0.0-20.0-3.19","2743.5","","ashamed","","","","","tom-labels","","","M1","ashamed"
"html-keyboard-response","598","2317039","0.0-20.0-0.20","null","<span style=""font-size:40px;"">+</span>","null","","","","","","","","",""
"html-keyboard-response","599","2321869","0.0-20.0-1.20","","","","","","","","","","","",""
"image-keyboard-response","600","2322385","0.0-20.0-2.20","null","stimuli/noise_texture.png","null","","","","","","","","",""
"custom-labels-response","601","2325921","0.0-20.0-3.20","3534","","fearful","","","","","tom-labels","","","F3","fearful"
"html-keyboard-response","602","2326928","0.0-20.0-0.21","null","<span style=""font-size:40px;"">+</span>","null","","","","","","","","",""
"html-keyboard-response","603","2332253","0.0-20.0-1.21","","","","","","","","","","","",""
"image-keyboard-response","604","2332766","0.0-20.0-2.21","null","stimuli/noise_texture.png","null","","","","","","","","",""
"custom-labels-response","605","2341182","0.0-20.0-3.21","8413.699999988079","","curious","","","","","tom-labels","","","F2","curious"
"html-keyboard-response","606","2342184","0.0-20.0-0.22","null","<span style=""font-size:40px;"">+</span>","null","","","","","","","","",""
"html-keyboard-response","607","2347445","0.0-20.0-1.22","","","","","","","","","","","",""
"image-keyboard-response","608","2347956","0.0-20.0-2.22","null","stimuli/noise_texture.png","null","","","","","","","","",""
"custom-labels-response","609","2360206","0.0-20.0-3.22","12248","","incredulous","","","","","tom-labels","","","F8","confused"
"html-keyboard-response","610","2361222","0.0-20.0-0.23","null","<span style=""font-size:40px;"">+</span>","null","","","","","","","","",""
"html-keyboard-response","611","2367292","0.0-20.0-1.23","","","","","","","","","","","",""
"image-keyboard-response","612","2367796","0.0-20.0-2.23","null","stimuli/noise_texture.png","null","","","","","","","","",""
"custom-labels-response","613","2373464","0.0-20.0-3.23","5665.29999999702","","defiant","","","","","tom-labels","","","F7","dispirited"
"html-keyboard-response","614","2374466","0.0-20.0-0.24","null","<span style=""font-size:40px;"">+</span>","null","","","","","","","","",""
"html-keyboard-response","615","2380353","0.0-20.0-1.24","","","","","","","","","","","",""
"image-keyboard-response","616","2380856","0.0-20.0-2.24","null","stimuli/noise_texture.png","null","","","","","","","","",""
"custom-labels-response","617","2384329","0.0-20.0-3.24","3470.5999999940395","","indifferent","","","","","tom-labels","","","M6","indifferent"
"html-keyboard-response","618","2385336","0.0-20.0-0.25","null","<span style=""font-size:40px;"">+</span>","null","","","","","","","","",""
"html-keyboard-response","619","2389738","0.0-20.0-1.25","","","","","","","","","","","",""
"image-keyboard-response","620","2390244","0.0-20.0-2.25","null","stimuli/noise_texture.png","null","","","","","","","","",""
"custom-labels-response","621","2393642","0.0-20.0-3.25","3396.7000000029802","","disappointed","","","","","tom-labels","","","M1","disappointed"
"html-keyboard-response","622","2394655","0.0-20.0-0.26","null","<span style=""font-size:40px;"">+</span>","null","","","","","","","","",""
"html-keyboard-response","623","2400139","0.0-20.0-1.26","","","","","","","","","","","",""
"image-keyboard-response","624","2400649","0.0-20.0-2.26","null","stimuli/noise_texture.png","null","","","","","","","","",""
"custom-labels-response","625","2406264","0.0-20.0-3.26","5613.70000000298","","stern","","","","","tom-labels","","","F4","stern"
"html-keyboard-response","626","2407269","0.0-20.0-0.27","null","<span style=""font-size:40px;"">+</span>","null","","","","","","","","",""
"html-keyboard-response","627","2411929","0.0-20.0-1.27","","","","","","","","","","","",""
"image-keyboard-response","628","2412441","0.0-20.0-2.27","null","stimuli/noise_texture.png","null","","","","","","","","",""
"custom-labels-response","629","2415372","0.0-20.0-3.27","2925","","hostile","","","","","tom-labels","","","M3","imploring"
"html-keyboard-response","630","2416382","0.0-20.0-0.28","null","<span style=""font-size:40px;"">+</span>","null","","","","","","","","",""
"html-keyboard-response","631","2421981","0.0-20.0-1.28","","","","","","","","","","","",""
"image-keyboard-response","632","2422491","0.0-20.0-2.28","null","stimuli/noise_texture.png","null","","","","","","","","",""
"custom-labels-response","633","2426766","0.0-20.0-3.28","4272","","baffled","","","","","tom-labels","","","F2","baffled"
"html-keyboard-response","634","2427774","0.0-20.0-0.29","null","<span style=""font-size:40px;"">+</span>","null","","","","","","","","",""
"html-keyboard-response","635","2433286","0.0-20.0-1.29","","","","","","","","","","","",""
"image-keyboard-response","636","2433789","0.0-20.0-2.29","null","stimuli/noise_texture.png","null","","","","","","","","",""
"custom-labels-response","637","2437618","0.0-20.0-3.29","3826","","insulting","","","","","tom-labels","","","M2","insulting"
"html-keyboard-response","638","2438626","0.0-21.0-0.0","null","<span style=""font-size:40px;"">+</span>","null","","","","","","","","",""
"html-keyboard-response","639","2443290","0.0-21.0-1.0","","","","","","","","","","","",""
"image-keyboard-response","640","2443801","0.0-21.0-2.0","null","stimuli/noise_texture.png","null","","","","","","","","",""
"custom-labels-response","641","2445322","0.0-21.0-3.0","1520","","click","","","","","attention-check","","","M1","incredulous"
"html-keyboard-response","642","2446337","0.0-23.0-0.0","null","<span style=""font-size:40px;"">+</span>","null","","","","","","","","",""
"html-keyboard-response","643","2451981","0.0-23.0-1.0","","","","","","","","","","","",""
"image-keyboard-response","644","2452490","0.0-23.0-2.0","null","stimuli/noise_texture.png","null","","","","","","","","",""
"custom-labels-response","645","2455613","0.0-23.0-3.0","3119.9000000059605","","insulting","","","","","tom-labels","","","F7","insulting"
"html-keyboard-response","646","2456628","0.0-23.0-0.1","null","<span style=""font-size:40px;"">+</span>","null","","","","","","","","",""
"html-keyboard-response","647","2462230","0.0-23.0-1.1","","","","","","","","","","","",""
"image-keyboard-response","648","2462745","0.0-23.0-2.1","null","stimuli/noise_texture.png","null","","","","","","","","",""
"custom-labels-response","649","2465238","0.0-23.0-3.1","2489.2999999970198","","eager","","","","","tom-labels","","","M5","eager"
"html-keyboard-response","650","2466249","0.0-23.0-0.2","null","<span style=""font-size:40px;"">+</span>","null","","","","","","","","",""
"html-keyboard-response","651","2471076","0.0-23.0-1.2","","","","","","","","","","","",""
"image-keyboard-response","652","2471594","0.0-23.0-2.2","null","stimuli/noise_texture.png","null","","","","","","","","",""
"custom-labels-response","653","2474961","0.0-23.0-3.2","3364.2999999970198","","earnest","","","","","tom-labels","","","F3","earnest"
"html-keyboard-response","654","2475975","0.0-23.0-0.3","null","<span style=""font-size:40px;"">+</span>","null","","","","","","","","",""
"html-keyboard-response","655","2482061","0.0-23.0-1.3","","","","","","","","","","","",""
"image-keyboard-response","656","2482569","0.0-23.0-2.3","null","stimuli/noise_texture.png","null","","","","","","","","",""
"custom-labels-response","657","2491016","0.0-23.0-3.3","8443.79999999702","","doubtful","","","","","tom-labels","","","M6","despondent"
"html-keyboard-response","658","2492033","0.0-23.0-0.4","null","<span style=""font-size:40px;"">+</span>","null","","","","","","","","",""
"html-keyboard-response","659","2497637","0.0-23.0-1.4","","","","","","","","","","","",""
"image-keyboard-response","660","2498141","0.0-23.0-2.4","null","stimuli/noise_texture.png","null","","","","","","","","",""
"custom-labels-response","661","2501932","0.0-23.0-3.4","3788","","insisting","","","","","tom-labels","","","M2","insisting"
"html-keyboard-response","662","2502943","0.0-23.0-0.5","null","<span style=""font-size:40px;"">+</span>","null","","","","","","","","",""
"html-keyboard-response","663","2508261","0.0-23.0-1.5","","","","","","","","","","","",""
"image-keyboard-response","664","2508778","0.0-23.0-2.5","null","stimuli/noise_texture.png","null","","","","","","","","",""
"custom-labels-response","665","2515269","0.0-23.0-3.5","6488.0999999940395","","puzzled","","","","","tom-labels","","","F6","puzzled"
"html-keyboard-response","666","2516276","0.0-23.0-0.6","null","<span style=""font-size:40px;"">+</span>","null","","","","","","","","",""
"html-keyboard-response","667","2521607","0.0-23.0-1.6","","","","","","","","","","","",""
"image-keyboard-response","668","2522117","0.0-23.0-2.6","null","stimuli/noise_texture.png","null","","","","","","","","",""
"custom-labels-response","669","2524846","0.0-23.0-3.6","2726.8999999910593","","doubtful","","","","","tom-labels","","","M2","doubtful"
"html-keyboard-response","670","2525852","0.0-23.0-0.7","null","<span style=""font-size:40px;"">+</span>","null","","","","","","","","",""
"html-keyboard-response","671","2531572","0.0-23.0-1.7","","","","","","","","","","","",""
"image-keyboard-response","672","2532087","0.0-23.0-2.7","null","stimuli/noise_texture.png","null","","","","","","","","",""
"custom-labels-response","673","2535262","0.0-23.0-3.7","3173.2000000029802","","relieved","","","","","tom-labels","","","M6","relieved"
"html-keyboard-response","674","2536271","0.0-23.0-0.8","null","<span style=""font-size:40px;"">+</span>","null","","","","","","","","",""
"html-keyboard-response","675","2541807","0.0-23.0-1.8","","","","","","","","","","","",""
"image-keyboard-response","676","2542323","0.0-23.0-2.8","null","stimuli/noise_texture.png","null","","","","","","","","",""
"custom-labels-response","677","2557307","0.0-23.0-3.8","14981.59999999404","","concerned","","","","","tom-labels","","","M5","guilty"
"html-keyboard-response","678","2558314","0.0-23.0-0.9","null","<span style=""font-size:40px;"">+</span>","null","","","","","","","","",""
"html-keyboard-response","679","2563790","0.0-23.0-1.9","","","","","","","","","","","",""
"image-keyboard-response","680","2564295","0.0-23.0-2.9","null","stimuli/noise_texture.png","null","","","","","","","","",""
"custom-labels-response","681","2568273","0.0-23.0-3.9","3975.5","","irritated","","","","","tom-labels","","","F4","irritated"
"html-keyboard-response","682","2569278","0.0-23.0-0.10","null","<span style=""font-size:40px;"">+</span>","null","","","","","","","","",""
"html-keyboard-response","683","2574747","0.0-23.0-1.10","","","","","","","","","","","",""
"image-keyboard-response","684","2575263","0.0-23.0-2.10","null","stimuli/noise_texture.png","null","","","","","","","","",""
"custom-labels-response","685","2578760","0.0-23.0-3.10","3494.0999999940395","","annoyed","","","","","tom-labels","","","M6","annoyed"
"html-keyboard-response","686","2579765","0.0-23.0-0.11","null","<span style=""font-size:40px;"">+</span>","null","","","","","","","","",""
"html-keyboard-response","687","2584671","0.0-23.0-1.11","","","","","","","","","","","",""
"image-keyboard-response","688","2585186","0.0-23.0-2.11","null","stimuli/noise_texture.png","null","","","","","","","","",""
"custom-labels-response","689","2588172","0.0-23.0-3.11","2982.9000000059605","","confident","","","","","tom-labels","","","M1","dominant"
"html-keyboard-response","690","2589186","0.0-23.0-0.12","null","<span style=""font-size:40px;"">+</span>","null","","","","","","","","",""
"html-keyboard-response","691","2595117","0.0-23.0-1.12","","","","","","","","","","","",""
"image-keyboard-response","692","2595632","0.0-23.0-2.12","null","stimuli/noise_texture.png","null","","","","","","","","",""
"custom-labels-response","693","2600165","0.0-23.0-3.12","4531.29999999702","","desire","","","","","tom-labels","","","M2","desire"
"html-keyboard-response","694","2601176","0.0-23.0-0.13","null","<span style=""font-size:40px;"">+</span>","null","","","","","","","","",""
"html-keyboard-response","695","2606954","0.0-23.0-1.13","","","","","","","","","","","",""
"image-keyboard-response","696","2607461","0.0-23.0-2.13","null","stimuli/noise_texture.png","null","","","","","","","","",""
"custom-labels-response","697","2611081","0.0-23.0-3.13","3618","","contented","","","","","tom-labels","","","M5","contented"
"html-keyboard-response","698","2612098","0.0-23.0-0.14","null","<span style=""font-size:40px;"">+</span>","null","","","","","","","","",""
"html-keyboard-response","699","2617882","0.0-23.0-1.14","","","","","","","","","","","",""
"image-keyboard-response","700","2618390","0.0-23.0-2.14","null","stimuli/noise_texture.png","null","","","","","","","","",""
"custom-labels-response","701","2624234","0.0-23.0-3.14","5841.5","","terrified","","","","","tom-labels","","","M4","anxious"
"html-keyboard-response","702","2625238","0.0-23.0-0.15","null","<span style=""font-size:40px;"">+</span>","null","","","","","","","","",""
"html-keyboard-response","703","2630654","0.0-23.0-1.15","","","","","","","","","","","",""
"image-keyboard-response","704","2631157","0.0-23.0-2.15","null","stimuli/noise_texture.png","null","","","","","","","","",""
"custom-labels-response","705","2636020","0.0-23.0-3.15","4860.399999991059","","contemplative","","","","","tom-labels","","","F8","cautious"
"html-keyboard-response","706","2637032","0.0-23.0-0.16","null","<span style=""font-size:40px;"">+</span>","null","","","","","","","","",""
"html-keyboard-response","707","2642688","0.0-23.0-1.16","","","","","","","","","","","",""
"image-keyboard-response","708","2643199","0.0-23.0-2.16","null","stimuli/noise_texture.png","null","","","","","","","","",""
"custom-labels-response","709","2646730","0.0-23.0-3.16","3527.9000000059605","","skeptical","","","","","tom-labels","","","M2","defiant"
"html-keyboard-response","710","2647747","0.0-23.0-0.17","null","<span style=""font-size:40px;"">+</span>","null","","","","","","","","",""
"html-keyboard-response","711","2653459","0.0-23.0-1.17","","","","","","","","","","","",""
"image-keyboard-response","712","2653963","0.0-23.0-2.17","null","stimuli/noise_texture.png","null","","","","","","","","",""
"custom-labels-response","713","2661871","0.0-23.0-3.17","7905.600000008941","","relaxed","","","","","tom-labels","","","F2","relaxed"
"html-keyboard-response","714","2662884","0.0-23.0-0.18","null","<span style=""font-size:40px;"">+</span>","null","","","","","","","","",""
"html-keyboard-response","715","2668551","0.0-23.0-1.18","","","","","","","","","","","",""
"image-keyboard-response","716","2669055","0.0-23.0-2.18","null","stimuli/noise_texture.png","null","","","","","","","","",""
"custom-labels-response","717","2672255","0.0-23.0-3.18","3197.5","","earnest","","","","","tom-labels","","","M5","earnest"
"html-keyboard-response","718","2673272","0.0-23.0-0.19","null","<span style=""font-size:40px;"">+</span>","null","","","","","","","","",""
"html-keyboard-response","719","2678515","0.0-23.0-1.19","","","","","","","","","","","",""
"image-keyboard-response","720","2679019","0.0-23.0-2.19","null","stimuli/noise_texture.png","null","","","","","","","","",""
"custom-labels-response","721","2681464","0.0-23.0-3.19","2442.699999988079","","suspicious","","","","","tom-labels","","","F6","suspicious"
"html-keyboard-response","722","2682474","0.0-23.0-0.20","null","<span style=""font-size:40px;"">+</span>","null","","","","","","","","",""
"html-keyboard-response","723","2688243","0.0-23.0-1.20","","","","","","","","","","","",""
"image-keyboard-response","724","2688759","0.0-23.0-2.20","null","stimuli/noise_texture.png","null","","","","","","","","",""
"custom-labels-response","725","2691254","0.0-23.0-3.20","2492.7000000029802","","regretful","","","","","tom-labels","","","M2","regretful"
"html-keyboard-response","726","2692258","0.0-23.0-0.21","null","<span style=""font-size:40px;"">+</span>","null","","","","","","","","",""
"html-keyboard-response","727","2697060","0.0-23.0-1.21","","","","","","","","","","","",""
"image-keyboard-response","728","2697576","0.0-23.0-2.21","null","stimuli/noise_texture.png","null","","","","","","","","",""
"custom-labels-response","729","2700212","0.0-23.0-3.21","2633.2000000029802","","dispirited","","","","","tom-labels","","","M1","dispirited"
"html-keyboard-response","730","2701225","0.0-23.0-0.22","null","<span style=""font-size:40px;"">+</span>","null","","","","","","","","",""
"html-keyboard-response","731","2706691","0.0-23.0-1.22","","","","","","","","","","","",""
"image-keyboard-response","732","2707207","0.0-23.0-2.22","null","stimuli/noise_texture.png","null","","","","","","","","",""
"custom-labels-response","733","2718914","0.0-23.0-3.22","11704.5","","eager","","","","","tom-labels","","","F2","interested"
"html-keyboard-response","734","2719919","0.0-23.0-0.23","null","<span style=""font-size:40px;"">+</span>","null","","","","","","","","",""
"html-keyboard-response","735","2725583","0.0-23.0-1.23","","","","","","","","","","","",""
"image-keyboard-response","736","2726085","0.0-23.0-2.23","null","stimuli/noise_texture.png","null","","","","","","","","",""
"custom-labels-response","737","2728899","0.0-23.0-3.23","2810.7000000029802","","flustered","","","","","tom-labels","","","F4","flustered"
"html-keyboard-response","738","2729914","0.0-23.0-0.24","null","<span style=""font-size:40px;"">+</span>","null","","","","","","","","",""
"html-keyboard-response","739","2734584","0.0-23.0-1.24","","","","","","","","","","","",""
"image-keyboard-response","740","2735091","0.0-23.0-2.24","null","stimuli/noise_texture.png","null","","","","","","","","",""
"custom-labels-response","741","2738122","0.0-23.0-3.24","3029.7000000029802","","uneasy","","","","","tom-labels","","","F3","distrustful"
"html-keyboard-response","742","2739131","0.0-23.0-0.25","null","<span style=""font-size:40px;"">+</span>","null","","","","","","","","",""
"html-keyboard-response","743","2743936","0.0-23.0-1.25","","","","","","","","","","","",""
"image-keyboard-response","744","2744452","0.0-23.0-2.25","null","stimuli/noise_texture.png","null","","","","","","","","",""
"custom-labels-response","745","2747514","0.0-23.0-3.25","3059.6000000089407","","upset","","","","","tom-labels","","","M1","upset"
"html-keyboard-response","746","2748529","0.0-23.0-0.26","null","<span style=""font-size:40px;"">+</span>","null","","","","","","","","",""
"html-keyboard-response","747","2753254","0.0-23.0-1.26","","","","","","","","","","","",""
"image-keyboard-response","748","2753765","0.0-23.0-2.26","null","stimuli/noise_texture.png","null","","","","","","","","",""
"custom-labels-response","749","2758431","0.0-23.0-3.26","4663","","arrogant","","","","","tom-labels","","","F3","insisting"
"html-keyboard-response","750","2759446","0.0-23.0-0.27","null","<span style=""font-size:40px;"">+</span>","null","","","","","","","","",""
"html-keyboard-response","751","2764975","0.0-23.0-1.27","","","","","","","","","","","",""
"image-keyboard-response","752","2765479","0.0-23.0-2.27","null","stimuli/noise_texture.png","null","","","","","","","","",""
"custom-labels-response","753","2769652","0.0-23.0-3.27","4171.100000008941","","thoughtful","","","","","tom-labels","","","F5","thoughtful"
"html-keyboard-response","754","2770664","0.0-23.0-0.28","null","<span style=""font-size:40px;"">+</span>","null","","","","","","","","",""
"html-keyboard-response","755","2776204","0.0-23.0-1.28","","","","","","","","","","","",""
"image-keyboard-response","756","2776718","0.0-23.0-2.28","null","stimuli/noise_texture.png","null","","","","","","","","",""
"custom-labels-response","757","2779910","0.0-23.0-3.28","3189.8999999910593","","confused","","","","","tom-labels","","","M4","confused"
"html-keyboard-response","758","2780925","0.0-23.0-0.29","null","<span style=""font-size:40px;"">+</span>","null","","","","","","","","",""
"html-keyboard-response","759","2786646","0.0-23.0-1.29","","","","","","","","","","","",""
"image-keyboard-response","760","2787155","0.0-23.0-2.29","null","stimuli/noise_texture.png","null","","","","","","","","",""
"custom-labels-response","761","2792777","0.0-23.0-3.29","5619.5999999940395","","enthused","","","","","tom-labels","","","M4","affectionate"
"html-button-response","762","2807691","0.0-24.0","14910","<h3>Thank you for participating!</h1><p>You are done with the experiment. You will receive the full payment for your participation. Thank you for your time and contribution.</p><p>You will be automatically redirected to Prolific upon clicking <strong>Complete Experiment</strong>.</p><p>Please DO NOT close this tab until you have been redirected to Prolific. Please take note of your Prolific Completion Code before clicking <strong>Complete Experiment</strong>: <strong>C1HPV5RI</strong>.</p>","0","6612c945cebe319d923b80f8","1760800929074","A","0","","","","",""
