"trial_type","trial_index","time_elapsed","internal_node_id","rt","stimulus","response","PID","START_TIME","EXP_AB","ATTENTION_FAILURES","trial","responses","view_history","actor","target_emotion"
"pavlovia","0","1209","0.0-0.0","","","","","","","","","","","",""
"html-button-response","1","3087","0.0-1.0","1877.0999999940395","<h1>Welcome to the Multiethnic Face Database Study!</h1>","0","5af1c4dfaec2b600010a96c9","1760825425097","A","0","","","","",""
"html-button-response","2","5708","0.0-2.0","2619.800000011921","<div style=""text-align: left; margin: 50px 80px -60px 80px;""><p><span style='text-decoration: underline;'><strong>CONSENT FORM </strong></span></p><p><strong>McGill University </strong></p><p><strong>Title of Research:</strong> A Dual Process Theory of Theory of Mind</p><p><strong>Researchers:</strong><br>Ian Gold, Ph.D., Professor, McGill University<br />Elizaveta Solomonova, Ph.D., Researcher, McGill University <br />Fernanda Perez-Gay Juarez, M.D., Ph.D., Psychiatry Resident, McGill University<br />Sophie Serebryany, Undergraduate Student, McGill University <br />Ani Shahbazian, Undergraduate Student, Concordia University<br>Sophie Hoyer, Undergraduate Student, McGill University</p><p><strong>Contact Information:<br />Tel:</strong> 514-398-8939 (Dr. Ian Gold) <br /><strong>Email:</strong> neurophilosophylabmcgill@gmail.com (all researchers)</p><p><strong>Purpose of the research:</strong><br> This study aims to measure people's ability to understand what others are thinking and feeling across different contexts and modalities. Please read through the description of the research project, and take the opportunity to ask any questions that you have about the project.</p><p><strong>What is involved in participating:</strong><br>You will be asked to look at a series of videos of facial expressions and answer questions about them. The online study in its entirety will take around [insert time], divided into 3 blocks with two 5-minute breaks in between. You will be asked to respond by answering multiple choice questions about the video. You will only need a mouse and a keyboard to provide responses to the various tasks.</p><p><strong>Right to withdraw:</strong><br>Please note that your participation is voluntary, and you are free to withdraw at any time without any negative consequences. Once you consent to participate, you may proceed to complete the online tasks. At the end of the experiment, you will see the message 'This is the end of the study. Please click on the button 'Complete the Experiment' to save your data and obtain your payment code.' Once you click the button, your data will be automatically collected through Pavlovia. Since participants will be anonymized (identified only by an alphanumeric code assigned by Prolific), the data will not be able to be withdrawn anonymously once you have completed the experiment. If you wish to withdraw consent without data collection, do not click the button to end the experiment and just close your browser.</p><p><strong>Confidentiality:</strong><br>The study's data will be kept for 7 years, stored in a password-protected virtual drive under the jurisdiction of McGill University (Dr. Ian Gold McGill's OneDrive). Your responses will be kept strictly confidential and will be identified only by means of your Prolific ID and never with your name or other identifying information. Only members of Dr. Ian Gold's lab will have access to identifiable study materials. You will not be identified or identifiable in any report or reports that result from the research (peer reviewed publications, presentations at national and international conferences, etc).</p><p><strong>Compensation:</strong><br>You will be compensated with &pound;9 for the completion of the study which should take approximately 60 minutes. Please use the completion code given to you at the end of the study to retrieve your payment in your Prolific account. Please note that if you decide to withdraw before finishing a session, there will be no way to compensate you for the time you spent, given that your data will not be saved.</p><p><strong>Risks &amp; Benefits:</strong> The only associated risks associated with this study are screen fatigue. If you have questions or concerns regarding your rights or welfare as a participant in this research study, please contact the Manager, Research Ethics at 514-398-6831 or lynda.mcneil@mcgill.ca.</p><p><strong>Consent:</strong><br>Please click on the button below if you have read the above information and consent to participate in this study. Otherwise, you can just close this window and return to the experiment in Prolific. Agreeing to participate in this study does not waive any of your rights or release the researchers from their responsibilities. To ensure the study is being conducted properly, authorized individuals, such as a member of the Research Ethics Board, may have access to your information.</p></div>","0","","","","","false","","","",""
"survey-demo","3","94040","0.0-3.0","88321.5","","","5af1c4dfaec2b600010a96c9","1760825425097","","","demo","{""age"":""56"",""gender"":""Woman"",""ethnicity"":[""White""],""education"":""Secondary/High School"",""religion"":""Christian"",""birthcountry"":""United States of America"",""residencecountry"":""United States of America"",""yearsresidence"":""56"",""internetspeed"":""250""}","","",""
"instructions","4","173457","0.0-6.0-0.0","79415.09999999404","","","","","","","","","[{""page_index"":0,""viewing_time"":8797.40000000596},{""page_index"":1,""viewing_time"":14329.5},{""page_index"":2,""viewing_time"":4848.699999988079},{""page_index"":3,""viewing_time"":45647.40000000596},{""page_index"":4,""viewing_time"":5791.699999988079}]","",""
"html-keyboard-response","5","174473","0.0-6.0-1.0","null","<span style=""font-size:40px;"">+</span>","null","","","","","","","","",""
"html-keyboard-response","6","179146","0.0-6.0-2.0","","","","","","","","","","","",""
"image-keyboard-response","7","179652","0.0-6.0-3.0","null","stimuli/noise_texture.png","null","","","","","","","","",""
"custom-labels-response","8","183046","0.0-6.0-4.0","3391.7000000178814","","doubtful","","","","","tom-labels-practice","","","12","Doubtful"
"html-button-response","9","192745","0.0-7.0","9697.59999999404","<div style=""width: 1000px; height: 45px""><p>You will now be shown a series of short videos. Please select the label that best describes the emotion that the face was showing. Please provide one best guess for each item. Starting now, your responses will be recorded.</p><p>Click <strong>Continue</strong> to start. Good luck!</p></div>","0","","","","","false","","","",""
"html-keyboard-response","10","193762","0.0-8.0-0.0","null","<span style=""font-size:40px;"">+</span>","null","","","","","","","","",""
"html-keyboard-response","11","197858","0.0-8.0-1.0","","","","","","","","","","","",""
"image-keyboard-response","12","198369","0.0-8.0-2.0","null","stimuli/noise_texture.png","null","","","","","","","","",""
"custom-labels-response","13","206422","0.0-8.0-3.0","8051.699999988079","","incredulous","","","","","tom-labels","","","F3","incredulous"
"html-keyboard-response","14","207424","0.0-8.0-0.1","null","<span style=""font-size:40px;"">+</span>","null","","","","","","","","",""
"html-keyboard-response","15","211624","0.0-8.0-1.1","","","","","","","","","","","",""
"image-keyboard-response","16","212134","0.0-8.0-2.1","null","stimuli/noise_texture.png","null","","","","","","","","",""
"custom-labels-response","17","216296","0.0-8.0-3.1","4159.899999976158","","distrustful","","","","","tom-labels","","","F3","distrustful"
"html-keyboard-response","18","217311","0.0-8.0-0.2","null","<span style=""font-size:40px;"">+</span>","null","","","","","","","","",""
"html-keyboard-response","19","221507","0.0-8.0-1.2","","","","","","","","","","","",""
"image-keyboard-response","20","222016","0.0-8.0-2.2","null","stimuli/noise_texture.png","null","","","","","","","","",""
"custom-labels-response","21","226840","0.0-8.0-3.2","4821.5","","cautious","","","","","tom-labels","","","F3","preoccupied"
"html-keyboard-response","22","227852","0.0-8.0-0.3","null","<span style=""font-size:40px;"">+</span>","null","","","","","","","","",""
"html-keyboard-response","23","232505","0.0-8.0-1.3","","","","","","","","","","","",""
"image-keyboard-response","24","233013","0.0-8.0-2.3","null","stimuli/noise_texture.png","null","","","","","","","","",""
"custom-labels-response","25","237907","0.0-8.0-3.3","4891.300000011921","","irritated","","","","","tom-labels","","","F4","irritated"
"html-keyboard-response","26","238921","0.0-8.0-0.4","null","<span style=""font-size:40px;"">+</span>","null","","","","","","","","",""
"html-keyboard-response","27","243416","0.0-8.0-1.4","","","","","","","","","","","",""
"image-keyboard-response","28","243933","0.0-8.0-2.4","null","stimuli/noise_texture.png","null","","","","","","","","",""
"custom-labels-response","29","246850","0.0-8.0-3.4","2914.5","","baffled","","","","","tom-labels","","","M4","baffled"
"html-keyboard-response","30","247853","0.0-8.0-0.5","null","<span style=""font-size:40px;"">+</span>","null","","","","","","","","",""
"html-keyboard-response","31","252386","0.0-8.0-1.5","","","","","","","","","","","",""
"image-keyboard-response","32","252898","0.0-8.0-2.5","null","stimuli/noise_texture.png","null","","","","","","","","",""
"custom-labels-response","33","256643","0.0-8.0-3.5","3743.600000023842","","indifferent","","","","","tom-labels","","","M6","indifferent"
"html-keyboard-response","34","257653","0.0-8.0-0.6","null","<span style=""font-size:40px;"">+</span>","null","","","","","","","","",""
"html-keyboard-response","35","261997","0.0-8.0-1.6","","","","","","","","","","","",""
"image-keyboard-response","36","262500","0.0-8.0-2.6","null","stimuli/noise_texture.png","null","","","","","","","","",""
"custom-labels-response","37","264522","0.0-8.0-3.6","2020.699999988079","","baffled","","","","","tom-labels","","","F2","baffled"
"html-keyboard-response","38","265533","0.0-8.0-0.7","null","<span style=""font-size:40px;"">+</span>","null","","","","","","","","",""
"html-keyboard-response","39","270101","0.0-8.0-1.7","","","","","","","","","","","",""
"image-keyboard-response","40","270615","0.0-8.0-2.7","null","stimuli/noise_texture.png","null","","","","","","","","",""
"custom-labels-response","41","275353","0.0-8.0-3.7","4736.9000000059605","","dubious","","","","","tom-labels","","","F4","dubious"
"html-keyboard-response","42","276356","0.0-8.0-0.8","null","<span style=""font-size:40px;"">+</span>","null","","","","","","","","",""
"html-keyboard-response","43","280891","0.0-8.0-1.8","","","","","","","","","","","",""
"image-keyboard-response","44","281398","0.0-8.0-2.8","null","stimuli/noise_texture.png","null","","","","","","","","",""
"custom-labels-response","45","283241","0.0-8.0-3.8","1842","","threatening","","","","","tom-labels","","","F7","threatening"
"html-keyboard-response","46","284256","0.0-8.0-0.9","null","<span style=""font-size:40px;"">+</span>","null","","","","","","","","",""
"html-keyboard-response","47","288659","0.0-8.0-1.9","","","","","","","","","","","",""
"image-keyboard-response","48","289162","0.0-8.0-2.9","null","stimuli/noise_texture.png","null","","","","","","","","",""
"custom-labels-response","49","294801","0.0-8.0-3.9","5637.899999976158","","cautious","","","","","tom-labels","","","F4","stern"
"html-keyboard-response","50","295808","0.0-8.0-0.10","null","<span style=""font-size:40px;"">+</span>","null","","","","","","","","",""
"html-keyboard-response","51","299916","0.0-8.0-1.10","","","","","","","","","","","",""
"image-keyboard-response","52","300429","0.0-8.0-2.10","null","stimuli/noise_texture.png","null","","","","","","","","",""
"custom-labels-response","53","307698","0.0-8.0-3.10","7265.800000011921","","guilty","","","","","tom-labels","","","M1","pensive"
"html-keyboard-response","54","308702","0.0-8.0-0.11","null","<span style=""font-size:40px;"">+</span>","null","","","","","","","","",""
"html-keyboard-response","55","313344","0.0-8.0-1.11","","","","","","","","","","","",""
"image-keyboard-response","56","313862","0.0-8.0-2.11","null","stimuli/noise_texture.png","null","","","","","","","","",""
"custom-labels-response","57","326532","0.0-8.0-3.11","12669.300000011921","","curious","","","","","tom-labels","","","F2","relaxed"
"html-keyboard-response","58","327546","0.0-8.0-0.12","null","<span style=""font-size:40px;"">+</span>","null","","","","","","","","",""
"html-keyboard-response","59","331722","0.0-8.0-1.12","","","","","","","","","","","",""
"image-keyboard-response","60","332228","0.0-8.0-2.12","null","stimuli/noise_texture.png","null","","","","","","","","",""
"custom-labels-response","61","336402","0.0-8.0-3.12","4172.199999988079","","concerned","","","","","tom-labels","","","M3","dubious"
"html-keyboard-response","62","337421","0.0-8.0-0.13","null","<span style=""font-size:40px;"">+</span>","null","","","","","","","","",""
"html-keyboard-response","63","342592","0.0-8.0-1.13","","","","","","","","","","","",""
"image-keyboard-response","64","343108","0.0-8.0-2.13","null","stimuli/noise_texture.png","null","","","","","","","","",""
"custom-labels-response","65","347217","0.0-8.0-3.13","4108.0999999940395","","nervous","","","","","tom-labels","","","M2","nervous"
"html-keyboard-response","66","348233","0.0-8.0-0.14","null","<span style=""font-size:40px;"">+</span>","null","","","","","","","","",""
"html-keyboard-response","67","352509","0.0-8.0-1.14","","","","","","","","","","","",""
"image-keyboard-response","68","353025","0.0-8.0-2.14","null","stimuli/noise_texture.png","null","","","","","","","","",""
"custom-labels-response","69","357637","0.0-8.0-3.14","4610.5999999940395","","hopeful","","","","","tom-labels","","","F2","hopeful"
"html-keyboard-response","70","358644","0.0-8.0-0.15","null","<span style=""font-size:40px;"">+</span>","null","","","","","","","","",""
"html-keyboard-response","71","362947","0.0-8.0-1.15","","","","","","","","","","","",""
"image-keyboard-response","72","363459","0.0-8.0-2.15","null","stimuli/noise_texture.png","null","","","","","","","","",""
"custom-labels-response","73","368197","0.0-8.0-3.15","4736.399999976158","","guilty","","","","","tom-labels","","","M5","guilty"
"html-keyboard-response","74","369205","0.0-8.0-0.16","null","<span style=""font-size:40px;"">+</span>","null","","","","","","","","",""
"html-keyboard-response","75","373678","0.0-8.0-1.16","","","","","","","","","","","",""
"image-keyboard-response","76","374192","0.0-8.0-2.16","null","stimuli/noise_texture.png","null","","","","","","","","",""
"custom-labels-response","77","377334","0.0-8.0-3.16","3140.7000000178814","","suspicious","","","","","tom-labels","","","F6","suspicious"
"html-keyboard-response","78","378342","0.0-8.0-0.17","null","<span style=""font-size:40px;"">+</span>","null","","","","","","","","",""
"html-keyboard-response","79","382684","0.0-8.0-1.17","","","","","","","","","","","",""
"image-keyboard-response","80","383191","0.0-8.0-2.17","null","stimuli/noise_texture.png","null","","","","","","","","",""
"custom-labels-response","81","393821","0.0-8.0-3.17","10629.199999988079","","fantasizing","","","","","tom-labels","","","M4","fantasizing"
"html-keyboard-response","82","394825","0.0-8.0-0.18","null","<span style=""font-size:40px;"">+</span>","null","","","","","","","","",""
"html-keyboard-response","83","399376","0.0-8.0-1.18","","","","","","","","","","","",""
"image-keyboard-response","84","399888","0.0-8.0-2.18","null","stimuli/noise_texture.png","null","","","","","","","","",""
"custom-labels-response","85","403941","0.0-8.0-3.18","4050.800000011921","","thoughtful","","","","","tom-labels","","","F5","thoughtful"
"html-keyboard-response","86","404957","0.0-8.0-0.19","null","<span style=""font-size:40px;"">+</span>","null","","","","","","","","",""
"html-keyboard-response","87","409290","0.0-8.0-1.19","","","","","","","","","","","",""
"image-keyboard-response","88","409805","0.0-8.0-2.19","null","stimuli/noise_texture.png","null","","","","","","","","",""
"custom-labels-response","89","411678","0.0-8.0-3.19","1871.199999988079","","deciding","","","","","tom-labels","","","F6","deciding"
"html-keyboard-response","90","412684","0.0-8.0-0.20","null","<span style=""font-size:40px;"">+</span>","null","","","","","","","","",""
"html-keyboard-response","91","416829","0.0-8.0-1.20","","","","","","","","","","","",""
"image-keyboard-response","92","417339","0.0-8.0-2.20","null","stimuli/noise_texture.png","null","","","","","","","","",""
"custom-labels-response","93","420641","0.0-8.0-3.20","3300.9000000059605","","alarmed","","","","","tom-labels","","","F3","alarmed"
"html-keyboard-response","94","421655","0.0-8.0-0.21","null","<span style=""font-size:40px;"">+</span>","null","","","","","","","","",""
"html-keyboard-response","95","425746","0.0-8.0-1.21","","","","","","","","","","","",""
"image-keyboard-response","96","426256","0.0-8.0-2.21","null","stimuli/noise_texture.png","null","","","","","","","","",""
"custom-labels-response","97","431489","0.0-8.0-3.21","5231.800000011921","","resentful","","","","","tom-labels","","","M3","resentful"
"html-keyboard-response","98","432494","0.0-8.0-0.22","null","<span style=""font-size:40px;"">+</span>","null","","","","","","","","",""
"html-keyboard-response","99","437076","0.0-8.0-1.22","","","","","","","","","","","",""
"image-keyboard-response","100","437588","0.0-8.0-2.22","null","stimuli/noise_texture.png","null","","","","","","","","",""
"custom-labels-response","101","441748","0.0-8.0-3.22","4159","","bewildered","","","","","tom-labels","","","F8","horrified"
"html-keyboard-response","102","442750","0.0-8.0-0.23","null","<span style=""font-size:40px;"">+</span>","null","","","","","","","","",""
"html-keyboard-response","103","447034","0.0-8.0-1.23","","","","","","","","","","","",""
"image-keyboard-response","104","447536","0.0-8.0-2.23","null","stimuli/noise_texture.png","null","","","","","","","","",""
"custom-labels-response","105","449637","0.0-8.0-3.23","2100.300000011921","","confident","","","","","tom-labels","","","F2","confident"
"html-keyboard-response","106","450638","0.0-8.0-0.24","null","<span style=""font-size:40px;"">+</span>","null","","","","","","","","",""
"html-keyboard-response","107","455659","0.0-8.0-1.24","","","","","","","","","","","",""
"image-keyboard-response","108","456169","0.0-8.0-2.24","null","stimuli/noise_texture.png","null","","","","","","","","",""
"custom-labels-response","109","460240","0.0-8.0-3.24","4070.199999988079","","depressed","","","","","tom-labels","","","M6","depressed"
"html-keyboard-response","110","461248","0.0-8.0-0.25","null","<span style=""font-size:40px;"">+</span>","null","","","","","","","","",""
"html-keyboard-response","111","465837","0.0-8.0-1.25","","","","","","","","","","","",""
"image-keyboard-response","112","466353","0.0-8.0-2.25","null","stimuli/noise_texture.png","null","","","","","","","","",""
"custom-labels-response","113","470979","0.0-8.0-3.25","4624.699999988079","","worried","","","","","tom-labels","","","F5","worried"
"html-keyboard-response","114","471989","0.0-8.0-0.26","null","<span style=""font-size:40px;"">+</span>","null","","","","","","","","",""
"html-keyboard-response","115","476363","0.0-8.0-1.26","","","","","","","","","","","",""
"image-keyboard-response","116","476868","0.0-8.0-2.26","null","stimuli/noise_texture.png","null","","","","","","","","",""
"custom-labels-response","117","482798","0.0-8.0-3.26","5928.9000000059605","","impatient","","","","","tom-labels","","","F4","upset"
"html-keyboard-response","118","483803","0.0-8.0-0.27","null","<span style=""font-size:40px;"">+</span>","null","","","","","","","","",""
"html-keyboard-response","119","488671","0.0-8.0-1.27","","","","","","","","","","","",""
"image-keyboard-response","120","489185","0.0-8.0-2.27","null","stimuli/noise_texture.png","null","","","","","","","","",""
"custom-labels-response","121","494000","0.0-8.0-3.27","4813.699999988079","","perplexed","","","","","tom-labels","","","F5","perplexed"
"html-keyboard-response","122","495015","0.0-8.0-0.28","null","<span style=""font-size:40px;"">+</span>","null","","","","","","","","",""
"html-keyboard-response","123","499492","0.0-8.0-1.28","","","","","","","","","","","",""
"image-keyboard-response","124","500003","0.0-8.0-2.28","null","stimuli/noise_texture.png","null","","","","","","","","",""
"custom-labels-response","125","504592","0.0-8.0-3.28","4586.9000000059605","","contemplative","","","","","tom-labels","","","F6","contemplative"
"html-keyboard-response","126","505597","0.0-8.0-0.29","null","<span style=""font-size:40px;"">+</span>","null","","","","","","","","",""
"html-keyboard-response","127","509717","0.0-8.0-1.29","","","","","","","","","","","",""
"image-keyboard-response","128","510231","0.0-8.0-2.29","null","stimuli/noise_texture.png","null","","","","","","","","",""
"custom-labels-response","129","512977","0.0-8.0-3.29","2744.699999988079","","amused","","","","","tom-labels","","","M1","amused"
"html-keyboard-response","130","513990","0.0-8.0-0.30","null","<span style=""font-size:40px;"">+</span>","null","","","","","","","","",""
"html-keyboard-response","131","518699","0.0-8.0-1.30","","","","","","","","","","","",""
"image-keyboard-response","132","519214","0.0-8.0-2.30","null","stimuli/noise_texture.png","null","","","","","","","","",""
"custom-labels-response","133","524415","0.0-8.0-3.30","5200.5","","resentful","","","","","tom-labels","","","M4","concerned"
"html-keyboard-response","134","525429","0.0-8.0-0.31","null","<span style=""font-size:40px;"">+</span>","null","","","","","","","","",""
"html-keyboard-response","135","529643","0.0-8.0-1.31","","","","","","","","","","","",""
"image-keyboard-response","136","530149","0.0-8.0-2.31","null","stimuli/noise_texture.png","null","","","","","","","","",""
"custom-labels-response","137","533244","0.0-8.0-3.31","3093.800000011921","","interested","","","","","tom-labels","","","M5","interested"
"html-keyboard-response","138","534248","0.0-8.0-0.32","null","<span style=""font-size:40px;"">+</span>","null","","","","","","","","",""
"html-keyboard-response","139","538357","0.0-8.0-1.32","","","","","","","","","","","",""
"image-keyboard-response","140","538864","0.0-8.0-2.32","null","stimuli/noise_texture.png","null","","","","","","","","",""
"custom-labels-response","141","542224","0.0-8.0-3.32","3358.0999999940395","","intrigued","","","","","tom-labels","","","M3","aghast"
"html-keyboard-response","142","543228","0.0-8.0-0.33","null","<span style=""font-size:40px;"">+</span>","null","","","","","","","","",""
"html-keyboard-response","143","547341","0.0-8.0-1.33","","","","","","","","","","","",""
"image-keyboard-response","144","547846","0.0-8.0-2.33","null","stimuli/noise_texture.png","null","","","","","","","","",""
"custom-labels-response","145","552060","0.0-8.0-3.33","4212","","playful","","","","","tom-labels","","","F3","fascinated"
"html-keyboard-response","146","553075","0.0-8.0-0.34","null","<span style=""font-size:40px;"">+</span>","null","","","","","","","","",""
"html-keyboard-response","147","557656","0.0-8.0-1.34","","","","","","","","","","","",""
"image-keyboard-response","148","558163","0.0-8.0-2.34","null","stimuli/noise_texture.png","null","","","","","","","","",""
"custom-labels-response","149","565907","0.0-8.0-3.34","7742.199999988079","","tentative","","","","","tom-labels","","","M4","flustered"
"html-keyboard-response","150","566916","0.0-8.0-0.35","null","<span style=""font-size:40px;"">+</span>","null","","","","","","","","",""
"html-keyboard-response","151","571602","0.0-8.0-1.35","","","","","","","","","","","",""
"image-keyboard-response","152","572113","0.0-8.0-2.35","null","stimuli/noise_texture.png","null","","","","","","","","",""
"custom-labels-response","153","574211","0.0-8.0-3.35","2096.9000000059605","","playful","","","","","tom-labels","","","M5","playful"
"html-keyboard-response","154","575213","0.0-8.0-0.36","null","<span style=""font-size:40px;"">+</span>","null","","","","","","","","",""
"html-keyboard-response","155","580287","0.0-8.0-1.36","","","","","","","","","","","",""
"image-keyboard-response","156","580795","0.0-8.0-2.36","null","stimuli/noise_texture.png","null","","","","","","","","",""
"custom-labels-response","157","585788","0.0-8.0-3.36","4990.600000023842","","contemplative","","","","","tom-labels","","","M6","despondent"
"html-keyboard-response","158","586799","0.0-8.0-0.37","null","<span style=""font-size:40px;"">+</span>","null","","","","","","","","",""
"html-keyboard-response","159","591410","0.0-8.0-1.37","","","","","","","","","","","",""
"image-keyboard-response","160","591912","0.0-8.0-2.37","null","stimuli/noise_texture.png","null","","","","","","","","",""
"custom-labels-response","161","596235","0.0-8.0-3.37","4321.700000017881","","reflective","","","","","tom-labels","","","F8","jealous"
"html-keyboard-response","162","597252","0.0-8.0-0.38","null","<span style=""font-size:40px;"">+</span>","null","","","","","","","","",""
"html-keyboard-response","163","601614","0.0-8.0-1.38","","","","","","","","","","","",""
"image-keyboard-response","164","602129","0.0-8.0-2.38","null","stimuli/noise_texture.png","null","","","","","","","","",""
"custom-labels-response","165","606088","0.0-8.0-3.38","3957.5999999940395","","flustered","","","","","tom-labels","","","F4","flustered"
"html-keyboard-response","166","607090","0.0-8.0-0.39","null","<span style=""font-size:40px;"">+</span>","null","","","","","","","","",""
"html-keyboard-response","167","611828","0.0-8.0-1.39","","","","","","","","","","","",""
"image-keyboard-response","168","612342","0.0-8.0-2.39","null","stimuli/noise_texture.png","null","","","","","","","","",""
"custom-labels-response","169","615168","0.0-8.0-3.39","2823.800000011921","","affectionate","","","","","tom-labels","","","F4","affectionate"
"html-keyboard-response","170","616170","0.0-9.0-0.0","null","<span style=""font-size:40px;"">+</span>","null","","","","","","","","",""
"html-keyboard-response","171","620658","0.0-9.0-1.0","","","","","","","","","","","",""
"image-keyboard-response","172","621161","0.0-9.0-2.0","null","stimuli/noise_texture.png","null","","","","","","","","",""
"custom-labels-response","173","631076","0.0-9.0-3.0","9913.199999988079","","click","","","","","attention-check","","","M6","indifferent"
"html-keyboard-response","174","632086","0.0-11.0-0.0","null","<span style=""font-size:40px;"">+</span>","null","","","","","","","","",""
"html-keyboard-response","175","636258","0.0-11.0-1.0","","","","","","","","","","","",""
"image-keyboard-response","176","636763","0.0-11.0-2.0","null","stimuli/noise_texture.png","null","","","","","","","","",""
"custom-labels-response","177","640844","0.0-11.0-3.0","4079.5","","imploring","","","","","tom-labels","","","M3","hateful"
"html-keyboard-response","178","641853","0.0-11.0-0.1","null","<span style=""font-size:40px;"">+</span>","null","","","","","","","","",""
"html-keyboard-response","179","646468","0.0-11.0-1.1","","","","","","","","","","","",""
"image-keyboard-response","180","646976","0.0-11.0-2.1","null","stimuli/noise_texture.png","null","","","","","","","","",""
"custom-labels-response","181","653332","0.0-11.0-3.1","6354","","fascinated","","","","","tom-labels","","","F5","amused"
"html-keyboard-response","182","654344","0.0-11.0-0.2","null","<span style=""font-size:40px;"">+</span>","null","","","","","","","","",""
"html-keyboard-response","183","658653","0.0-11.0-1.2","","","","","","","","","","","",""
"image-keyboard-response","184","659157","0.0-11.0-2.2","null","stimuli/noise_texture.png","null","","","","","","","","",""
"custom-labels-response","185","665331","0.0-11.0-3.2","6170.700000017881","","hostile","","","","","tom-labels","","","F7","dispirited"
"html-keyboard-response","186","666338","0.0-11.0-0.3","null","<span style=""font-size:40px;"">+</span>","null","","","","","","","","",""
"html-keyboard-response","187","670929","0.0-11.0-1.3","","","","","","","","","","","",""
"image-keyboard-response","188","671438","0.0-11.0-2.3","null","stimuli/noise_texture.png","null","","","","","","","","",""
"custom-labels-response","189","675185","0.0-11.0-3.3","3745.800000011921","","distrustful","","","","","tom-labels","","","M2","distrustful"
"html-keyboard-response","190","676192","0.0-11.0-0.4","null","<span style=""font-size:40px;"">+</span>","null","","","","","","","","",""
"html-keyboard-response","191","680247","0.0-11.0-1.4","","","","","","","","","","","",""
"image-keyboard-response","192","680757","0.0-11.0-2.4","null","stimuli/noise_texture.png","null","","","","","","","","",""
"custom-labels-response","193","684130","0.0-11.0-3.4","3371.4000000059605","","defiant","","","","","tom-labels","","","M1","dominant"
"html-keyboard-response","194","685143","0.0-11.0-0.5","null","<span style=""font-size:40px;"">+</span>","null","","","","","","","","",""
"html-keyboard-response","195","689866","0.0-11.0-1.5","","","","","","","","","","","",""
"image-keyboard-response","196","690374","0.0-11.0-2.5","null","stimuli/noise_texture.png","null","","","","","","","","",""
"custom-labels-response","197","694299","0.0-11.0-3.5","3923.2999999821186","","satisfied","","","","","tom-labels","","","F4","assertive"
"html-keyboard-response","198","695310","0.0-11.0-0.6","null","<span style=""font-size:40px;"">+</span>","null","","","","","","","","",""
"html-keyboard-response","199","699609","0.0-11.0-1.6","","","","","","","","","","","",""
"image-keyboard-response","200","700126","0.0-11.0-2.6","null","stimuli/noise_texture.png","null","","","","","","","","",""
"custom-labels-response","201","703019","0.0-11.0-3.6","2891.2999999821186","","confident","","","","","tom-labels","","","M4","affectionate"
"html-keyboard-response","202","704036","0.0-11.0-0.7","null","<span style=""font-size:40px;"">+</span>","null","","","","","","","","",""
"html-keyboard-response","203","708110","0.0-11.0-1.7","","","","","","","","","","","",""
"image-keyboard-response","204","708617","0.0-11.0-2.7","null","stimuli/noise_texture.png","null","","","","","","","","",""
"custom-labels-response","205","711643","0.0-11.0-3.7","3025","","alarmed","","","","","tom-labels","","","M2","alarmed"
"html-keyboard-response","206","712644","0.0-11.0-0.8","null","<span style=""font-size:40px;"">+</span>","null","","","","","","","","",""
"html-keyboard-response","207","716760","0.0-11.0-1.8","","","","","","","","","","","",""
"image-keyboard-response","208","717271","0.0-11.0-2.8","null","stimuli/noise_texture.png","null","","","","","","","","",""
"custom-labels-response","209","721391","0.0-11.0-3.8","4118","","entertained","","","","","tom-labels","","","F3","entertained"
"html-keyboard-response","210","722402","0.0-11.0-0.9","null","<span style=""font-size:40px;"">+</span>","null","","","","","","","","",""
"html-keyboard-response","211","727038","0.0-11.0-1.9","","","","","","","","","","","",""
"image-keyboard-response","212","727556","0.0-11.0-2.9","null","stimuli/noise_texture.png","null","","","","","","","","",""
"custom-labels-response","213","731351","0.0-11.0-3.9","3794.600000023842","","grateful","","","","","tom-labels","","","F5","grateful"
"html-keyboard-response","214","732366","0.0-11.0-0.10","null","<span style=""font-size:40px;"">+</span>","null","","","","","","","","",""
"html-keyboard-response","215","736428","0.0-11.0-1.10","","","","","","","","","","","",""
"image-keyboard-response","216","736938","0.0-11.0-2.10","null","stimuli/noise_texture.png","null","","","","","","","","",""
"custom-labels-response","217","739763","0.0-11.0-3.10","2823.9000000059605","","dispirited","","","","","tom-labels","","","M1","dispirited"
"html-keyboard-response","218","740773","0.0-11.0-0.11","null","<span style=""font-size:40px;"">+</span>","null","","","","","","","","",""
"html-keyboard-response","219","744975","0.0-11.0-1.11","","","","","","","","","","","",""
"image-keyboard-response","220","745486","0.0-11.0-2.11","null","stimuli/noise_texture.png","null","","","","","","","","",""
"custom-labels-response","221","750425","0.0-11.0-3.11","4937.5999999940395","","concerned","","","","","tom-labels","","","M3","offended"
"html-keyboard-response","222","751439","0.0-11.0-0.12","null","<span style=""font-size:40px;"">+</span>","null","","","","","","","","",""
"html-keyboard-response","223","756019","0.0-11.0-1.12","","","","","","","","","","","",""
"image-keyboard-response","224","756536","0.0-11.0-2.12","null","stimuli/noise_texture.png","null","","","","","","","","",""
"custom-labels-response","225","760489","0.0-11.0-3.12","3951.5999999940395","","resentful","","","","","tom-labels","","","F7","aghast"
"html-keyboard-response","226","761503","0.0-11.0-0.13","null","<span style=""font-size:40px;"">+</span>","null","","","","","","","","",""
"html-keyboard-response","227","765828","0.0-11.0-1.13","","","","","","","","","","","",""
"image-keyboard-response","228","766335","0.0-11.0-2.13","null","stimuli/noise_texture.png","null","","","","","","","","",""
"custom-labels-response","229","768675","0.0-11.0-3.13","2337.9000000059605","","disappointed","","","","","tom-labels","","","F7","apologetic"
"html-keyboard-response","230","769686","0.0-11.0-0.14","null","<span style=""font-size:40px;"">+</span>","null","","","","","","","","",""
"html-keyboard-response","231","773858","0.0-11.0-1.14","","","","","","","","","","","",""
"image-keyboard-response","232","774369","0.0-11.0-2.14","null","stimuli/noise_texture.png","null","","","","","","","","",""
"custom-labels-response","233","776723","0.0-11.0-3.14","2352.7999999821186","","sarcastic","","","","","tom-labels","","","M1","sarcastic"
"html-keyboard-response","234","777732","0.0-11.0-0.15","null","<span style=""font-size:40px;"">+</span>","null","","","","","","","","",""
"html-keyboard-response","235","781874","0.0-11.0-1.15","","","","","","","","","","","",""
"image-keyboard-response","236","782386","0.0-11.0-2.15","null","stimuli/noise_texture.png","null","","","","","","","","",""
"custom-labels-response","237","784211","0.0-11.0-3.15","1824","","stern","","","","","tom-labels","","","F3","offended"
"html-keyboard-response","238","785222","0.0-11.0-0.16","null","<span style=""font-size:40px;"">+</span>","null","","","","","","","","",""
"html-keyboard-response","239","789264","0.0-11.0-1.16","","","","","","","","","","","",""
"image-keyboard-response","240","789767","0.0-11.0-2.16","null","stimuli/noise_texture.png","null","","","","","","","","",""
"custom-labels-response","241","794610","0.0-11.0-3.16","4841.9000000059605","","convinced","","","","","tom-labels","","","M3","imploring"
"html-keyboard-response","242","795617","0.0-11.0-0.17","null","<span style=""font-size:40px;"">+</span>","null","","","","","","","","",""
"html-keyboard-response","243","800338","0.0-11.0-1.17","","","","","","","","","","","",""
"image-keyboard-response","244","800848","0.0-11.0-2.17","null","stimuli/noise_texture.png","null","","","","","","","","",""
"custom-labels-response","245","803648","0.0-11.0-3.17","2799.100000023842","","playful","","","","","tom-labels","","","F6","comforting"
"html-keyboard-response","246","804654","0.0-11.0-0.18","null","<span style=""font-size:40px;"">+</span>","null","","","","","","","","",""
"html-keyboard-response","247","808823","0.0-11.0-1.18","","","","","","","","","","","",""
"image-keyboard-response","248","809333","0.0-11.0-2.18","null","stimuli/noise_texture.png","null","","","","","","","","",""
"custom-labels-response","249","816423","0.0-11.0-3.18","7089.300000011921","","sarcastic","","","","","tom-labels","","","F3","sarcastic"
"html-keyboard-response","250","817433","0.0-11.0-0.19","null","<span style=""font-size:40px;"">+</span>","null","","","","","","","","",""
"html-keyboard-response","251","821669","0.0-11.0-1.19","","","","","","","","","","","",""
"image-keyboard-response","252","822183","0.0-11.0-2.19","null","stimuli/noise_texture.png","null","","","","","","","","",""
"custom-labels-response","253","825270","0.0-11.0-3.19","3084.4000000059605","","regretful","","","","","tom-labels","","","F3","regretful"
"html-keyboard-response","254","826278","0.0-11.0-0.20","null","<span style=""font-size:40px;"">+</span>","null","","","","","","","","",""
"html-keyboard-response","255","830387","0.0-11.0-1.20","","","","","","","","","","","",""
"image-keyboard-response","256","830894","0.0-11.0-2.20","null","stimuli/noise_texture.png","null","","","","","","","","",""
"custom-labels-response","257","838735","0.0-11.0-3.20","7838.800000011921","","anticipating","","","","","tom-labels","","","F3","fearful"
"html-keyboard-response","258","839749","0.0-11.0-0.21","null","<span style=""font-size:40px;"">+</span>","null","","","","","","","","",""
"html-keyboard-response","259","844800","0.0-11.0-1.21","","","","","","","","","","","",""
"image-keyboard-response","260","845312","0.0-11.0-2.21","null","stimuli/noise_texture.png","null","","","","","","","","",""
"custom-labels-response","261","846890","0.0-11.0-3.21","1577.5","","terrified","","","","","tom-labels","","","F6","terrified"
"html-button-response","262","854443","0.0-12.0","7551","You have completed the first part of the experiment.<br> Please take a five-minute break before moving on to the next trial.<p> Feel free to walk around the room and stretch. However, please make sure to return to the task<br> within 5 minutes, as extended delays may result in automatic withdrawal from the study.<br>Press <b>Continue</b> to proceed with the experiment.<p><span id=""clock"">5:00</span>","0","","","","","","","","",""
"instructions","263","869124","0.0-13.0","14679.90000000596","","","","","","","","","[{""page_index"":0,""viewing_time"":4175.600000023842},{""page_index"":1,""viewing_time"":8674.09999999404},{""page_index"":2,""viewing_time"":1829.2999999821186}]","",""
"html-keyboard-response","264","870125","0.0-14.0-0.0","null","<span style=""font-size:40px;"">+</span>","null","","","","","","","","",""
"html-keyboard-response","265","874754","0.0-14.0-1.0","","","","","","","","","","","",""
"image-keyboard-response","266","875257","0.0-14.0-2.0","null","stimuli/noise_texture.png","null","","","","","","","","",""
"custom-labels-response","267","880610","0.0-14.0-3.0","5351.4000000059605","","skeptical","","","","","tom-labels","","","F5","skeptical"
"html-keyboard-response","268","881615","0.0-14.0-0.1","null","<span style=""font-size:40px;"">+</span>","null","","","","","","","","",""
"html-keyboard-response","269","885893","0.0-14.0-1.1","","","","","","","","","","","",""
"image-keyboard-response","270","886410","0.0-14.0-2.1","null","stimuli/noise_texture.png","null","","","","","","","","",""
"custom-labels-response","271","888350","0.0-14.0-3.1","1937.5999999940395","","serious","","","","","tom-labels","","","F5","serious"
"html-keyboard-response","272","889363","0.0-14.0-0.2","null","<span style=""font-size:40px;"">+</span>","null","","","","","","","","",""
"html-keyboard-response","273","893651","0.0-14.0-1.2","","","","","","","","","","","",""
"image-keyboard-response","274","894161","0.0-14.0-2.2","null","stimuli/noise_texture.png","null","","","","","","","","",""
"custom-labels-response","275","900322","0.0-14.0-3.2","6159.899999976158","","resentful","","","","","tom-labels","","","F5","resentful"
"html-keyboard-response","276","901331","0.0-14.0-0.3","null","<span style=""font-size:40px;"">+</span>","null","","","","","","","","",""
"html-keyboard-response","277","905923","0.0-14.0-1.3","","","","","","","","","","","",""
"image-keyboard-response","278","906424","0.0-14.0-2.3","null","stimuli/noise_texture.png","null","","","","","","","","",""
"custom-labels-response","279","909836","0.0-14.0-3.3","3409.5999999940395","","convinced","","","","","tom-labels","","","F4","convinced"
"html-keyboard-response","280","910851","0.0-14.0-0.4","null","<span style=""font-size:40px;"">+</span>","null","","","","","","","","",""
"html-keyboard-response","281","915088","0.0-14.0-1.4","","","","","","","","","","","",""
"image-keyboard-response","282","915595","0.0-14.0-2.4","null","stimuli/noise_texture.png","null","","","","","","","","",""
"custom-labels-response","283","918951","0.0-14.0-3.4","3354.5","","doubtful","","","","","tom-labels","","","F7","embarrassed"
"html-keyboard-response","284","919953","0.0-14.0-0.5","null","<span style=""font-size:40px;"">+</span>","null","","","","","","","","",""
"html-keyboard-response","285","923652","0.0-14.0-1.5","","","","","","","","","","","",""
"image-keyboard-response","286","924160","0.0-14.0-2.5","null","stimuli/noise_texture.png","null","","","","","","","","",""
"custom-labels-response","287","933231","0.0-14.0-3.5","9069.299999982119","","tentative","","","","","tom-labels","","","M1","relaxed"
"html-keyboard-response","288","934243","0.0-14.0-0.6","null","<span style=""font-size:40px;"">+</span>","null","","","","","","","","",""
"html-keyboard-response","289","938412","0.0-14.0-1.6","","","","","","","","","","","",""
"image-keyboard-response","290","938925","0.0-14.0-2.6","null","stimuli/noise_texture.png","null","","","","","","","","",""
"custom-labels-response","291","944633","0.0-14.0-3.6","5706.700000017881","","accusing","","","","","tom-labels","","","M3","jealous"
"html-keyboard-response","292","945645","0.0-14.0-0.7","null","<span style=""font-size:40px;"">+</span>","null","","","","","","","","",""
"html-keyboard-response","293","949782","0.0-14.0-1.7","","","","","","","","","","","",""
"image-keyboard-response","294","950290","0.0-14.0-2.7","null","stimuli/noise_texture.png","null","","","","","","","","",""
"custom-labels-response","295","953111","0.0-14.0-3.7","2819.2000000178814","","upset","","","","","tom-labels","","","M1","upset"
"html-keyboard-response","296","954116","0.0-14.0-0.8","null","<span style=""font-size:40px;"">+</span>","null","","","","","","","","",""
"html-keyboard-response","297","958778","0.0-14.0-1.8","","","","","","","","","","","",""
"image-keyboard-response","298","959290","0.0-14.0-2.8","null","stimuli/noise_texture.png","null","","","","","","","","",""
"custom-labels-response","299","965038","0.0-14.0-3.8","5746.699999988079","","relieved","","","","","tom-labels","","","M6","relieved"
"html-keyboard-response","300","966049","0.0-14.0-0.9","null","<span style=""font-size:40px;"">+</span>","null","","","","","","","","",""
"html-keyboard-response","301","971076","0.0-14.0-1.9","","","","","","","","","","","",""
"image-keyboard-response","302","971589","0.0-14.0-2.9","null","stimuli/noise_texture.png","null","","","","","","","","",""
"custom-labels-response","303","974085","0.0-14.0-3.9","2495.2999999821186","","confused","","","","","tom-labels","","","F8","confused"
"html-keyboard-response","304","975103","0.0-14.0-0.10","null","<span style=""font-size:40px;"">+</span>","null","","","","","","","","",""
"html-keyboard-response","305","979340","0.0-14.0-1.10","","","","","","","","","","","",""
"image-keyboard-response","306","979855","0.0-14.0-2.10","null","stimuli/noise_texture.png","null","","","","","","","","",""
"custom-labels-response","307","987618","0.0-14.0-3.10","7761.800000011921","","embarrassed","","","","","tom-labels","","","M5","embarrassed"
"html-keyboard-response","308","988625","0.0-14.0-0.11","null","<span style=""font-size:40px;"">+</span>","null","","","","","","","","",""
"html-keyboard-response","309","993155","0.0-14.0-1.11","","","","","","","","","","","",""
"image-keyboard-response","310","993671","0.0-14.0-2.11","null","stimuli/noise_texture.png","null","","","","","","","","",""
"custom-labels-response","311","996297","0.0-14.0-3.11","2624.5999999940395","","assertive","","","","","tom-labels","","","M3","assertive"
"html-keyboard-response","312","997311","0.0-14.0-0.12","null","<span style=""font-size:40px;"">+</span>","null","","","","","","","","",""
"html-keyboard-response","313","1001747","0.0-14.0-1.12","","","","","","","","","","","",""
"image-keyboard-response","314","1002255","0.0-14.0-2.12","null","stimuli/noise_texture.png","null","","","","","","","","",""
"custom-labels-response","315","1010037","0.0-14.0-3.12","7781.5","","defiant","","","","","tom-labels","","","M2","defiant"
"html-keyboard-response","316","1011043","0.0-14.0-0.13","null","<span style=""font-size:40px;"">+</span>","null","","","","","","","","",""
"html-keyboard-response","317","1015610","0.0-14.0-1.13","","","","","","","","","","","",""
"image-keyboard-response","318","1016121","0.0-14.0-2.13","null","stimuli/noise_texture.png","null","","","","","","","","",""
"custom-labels-response","319","1027541","0.0-14.0-3.13","11419.5","","fantasizing","","","","","tom-labels","","","F2","fantasizing"
"html-keyboard-response","320","1028546","0.0-14.0-0.14","null","<span style=""font-size:40px;"">+</span>","null","","","","","","","","",""
"html-keyboard-response","321","1033210","0.0-14.0-1.14","","","","","","","","","","","",""
"image-keyboard-response","322","1033717","0.0-14.0-2.14","null","stimuli/noise_texture.png","null","","","","","","","","",""
"custom-labels-response","323","1036625","0.0-14.0-3.14","2906.4000000059605","","disappointed","","","","","tom-labels","","","F5","disappointed"
"html-keyboard-response","324","1037640","0.0-14.0-0.15","null","<span style=""font-size:40px;"">+</span>","null","","","","","","","","",""
"html-keyboard-response","325","1042142","0.0-14.0-1.15","","","","","","","","","","","",""
"image-keyboard-response","326","1042652","0.0-14.0-2.15","null","stimuli/noise_texture.png","null","","","","","","","","",""
"custom-labels-response","327","1047643","0.0-14.0-3.15","4990","","contented","","","","","tom-labels","","","M5","contented"
"html-keyboard-response","328","1048656","0.0-14.0-0.16","null","<span style=""font-size:40px;"">+</span>","null","","","","","","","","",""
"html-keyboard-response","329","1053372","0.0-14.0-1.16","","","","","","","","","","","",""
"image-keyboard-response","330","1053877","0.0-14.0-2.16","null","stimuli/noise_texture.png","null","","","","","","","","",""
"custom-labels-response","331","1058930","0.0-14.0-3.16","5050.9000000059605","","serious","","","","","tom-labels","","","M6","serious"
"html-keyboard-response","332","1059931","0.0-14.0-0.17","null","<span style=""font-size:40px;"">+</span>","null","","","","","","","","",""
"html-keyboard-response","333","1064270","0.0-14.0-1.17","","","","","","","","","","","",""
"image-keyboard-response","334","1064783","0.0-14.0-2.17","null","stimuli/noise_texture.png","null","","","","","","","","",""
"custom-labels-response","335","1068941","0.0-14.0-3.17","4156.5","","defiant","","","","","tom-labels","","","F4","defiant"
"html-keyboard-response","336","1069944","0.0-14.0-0.18","null","<span style=""font-size:40px;"">+</span>","null","","","","","","","","",""
"html-keyboard-response","337","1074630","0.0-14.0-1.18","","","","","","","","","","","",""
"image-keyboard-response","338","1075135","0.0-14.0-2.18","null","stimuli/noise_texture.png","null","","","","","","","","",""
"custom-labels-response","339","1078669","0.0-14.0-3.18","3533","","entertained","","","","","tom-labels","","","M2","entertained"
"html-keyboard-response","340","1079674","0.0-14.0-0.19","null","<span style=""font-size:40px;"">+</span>","null","","","","","","","","",""
"html-keyboard-response","341","1084193","0.0-14.0-1.19","","","","","","","","","","","",""
"image-keyboard-response","342","1084696","0.0-14.0-2.19","null","stimuli/noise_texture.png","null","","","","","","","","",""
"custom-labels-response","343","1086819","0.0-14.0-3.19","2119.0999999940395","","flirtatious","","","","","tom-labels","","","F6","flirtatious"
"html-keyboard-response","344","1087821","0.0-14.0-0.20","null","<span style=""font-size:40px;"">+</span>","null","","","","","","","","",""
"html-keyboard-response","345","1091979","0.0-14.0-1.20","","","","","","","","","","","",""
"image-keyboard-response","346","1092480","0.0-14.0-2.20","null","stimuli/noise_texture.png","null","","","","","","","","",""
"custom-labels-response","347","1100837","0.0-14.0-3.20","8356.09999999404","","baffled","","","","","tom-labels","","","M1","horrified"
"html-keyboard-response","348","1101855","0.0-14.0-0.21","null","<span style=""font-size:40px;"">+</span>","null","","","","","","","","",""
"html-keyboard-response","349","1106736","0.0-14.0-1.21","","","","","","","","","","","",""
"image-keyboard-response","350","1107246","0.0-14.0-2.21","null","stimuli/noise_texture.png","null","","","","","","","","",""
"custom-labels-response","351","1110313","0.0-14.0-3.21","3065.9000000059605","","encouraging","","","","","tom-labels","","","M2","encouraging"
"html-keyboard-response","352","1111316","0.0-14.0-0.22","null","<span style=""font-size:40px;"">+</span>","null","","","","","","","","",""
"html-keyboard-response","353","1115600","0.0-14.0-1.22","","","","","","","","","","","",""
"image-keyboard-response","354","1116112","0.0-14.0-2.22","null","stimuli/noise_texture.png","null","","","","","","","","",""
"custom-labels-response","355","1120599","0.0-14.0-3.22","4485.4000000059605","","intrigued","","","","","tom-labels","","","F4","imploring"
"html-keyboard-response","356","1121616","0.0-14.0-0.23","null","<span style=""font-size:40px;"">+</span>","null","","","","","","","","",""
"html-keyboard-response","357","1126306","0.0-14.0-1.23","","","","","","","","","","","",""
"image-keyboard-response","358","1126810","0.0-14.0-2.23","null","stimuli/noise_texture.png","null","","","","","","","","",""
"custom-labels-response","359","1132074","0.0-14.0-3.23","5261.600000023842","","puzzled","","","","","tom-labels","","","M6","puzzled"
"html-keyboard-response","360","1133082","0.0-14.0-0.24","null","<span style=""font-size:40px;"">+</span>","null","","","","","","","","",""
"html-keyboard-response","361","1137477","0.0-14.0-1.24","","","","","","","","","","","",""
"image-keyboard-response","362","1137985","0.0-14.0-2.24","null","stimuli/noise_texture.png","null","","","","","","","","",""
"custom-labels-response","363","1141714","0.0-14.0-3.24","3727.5","","panicked","","","","","tom-labels","","","M4","panicked"
"html-keyboard-response","364","1142723","0.0-14.0-0.25","null","<span style=""font-size:40px;"">+</span>","null","","","","","","","","",""
"html-keyboard-response","365","1147001","0.0-14.0-1.25","","","","","","","","","","","",""
"image-keyboard-response","366","1147512","0.0-14.0-2.25","null","stimuli/noise_texture.png","null","","","","","","","","",""
"custom-labels-response","367","1150565","0.0-14.0-3.25","3051.0999999940395","","eager","","","","","tom-labels","","","F5","eager"
"html-keyboard-response","368","1151569","0.0-14.0-0.26","null","<span style=""font-size:40px;"">+</span>","null","","","","","","","","",""
"html-keyboard-response","369","1155959","0.0-14.0-1.26","","","","","","","","","","","",""
"image-keyboard-response","370","1156463","0.0-14.0-2.26","null","stimuli/noise_texture.png","null","","","","","","","","",""
"custom-labels-response","371","1159700","0.0-14.0-3.26","3236.5","","puzzled","","","","","tom-labels","","","F6","puzzled"
"html-keyboard-response","372","1160709","0.0-14.0-0.27","null","<span style=""font-size:40px;"">+</span>","null","","","","","","","","",""
"html-keyboard-response","373","1164968","0.0-14.0-1.27","","","","","","","","","","","",""
"image-keyboard-response","374","1165478","0.0-14.0-2.27","null","stimuli/noise_texture.png","null","","","","","","","","",""
"custom-labels-response","375","1170351","0.0-14.0-3.27","4871.199999988079","","cautious","","","","","tom-labels","","","M2","cautious"
"html-keyboard-response","376","1171353","0.0-14.0-0.28","null","<span style=""font-size:40px;"">+</span>","null","","","","","","","","",""
"html-keyboard-response","377","1175801","0.0-14.0-1.28","","","","","","","","","","","",""
"image-keyboard-response","378","1176311","0.0-14.0-2.28","null","stimuli/noise_texture.png","null","","","","","","","","",""
"custom-labels-response","379","1178887","0.0-14.0-3.28","2574.800000011921","","uneasy","","","","","tom-labels","","","M2","uneasy"
"html-keyboard-response","380","1179899","0.0-14.0-0.29","null","<span style=""font-size:40px;"">+</span>","null","","","","","","","","",""
"html-keyboard-response","381","1184254","0.0-14.0-1.29","","","","","","","","","","","",""
"image-keyboard-response","382","1184756","0.0-14.0-2.29","null","stimuli/noise_texture.png","null","","","","","","","","",""
"custom-labels-response","383","1188913","0.0-14.0-3.29","4156.0999999940395","","cautious","","","","","tom-labels","","","F8","cautious"
"html-keyboard-response","384","1189917","0.0-15.0-0.0","null","<span style=""font-size:40px;"">+</span>","null","","","","","","","","",""
"html-keyboard-response","385","1194151","0.0-15.0-1.0","","","","","","","","","","","",""
"image-keyboard-response","386","1194659","0.0-15.0-2.0","null","stimuli/noise_texture.png","null","","","","","","","","",""
"custom-labels-response","387","1198113","0.0-15.0-3.0","3452.5999999940395","","click","","","","","attention-check","","","M4","concerned"
"html-keyboard-response","388","1199119","0.0-17.0-0.0","null","<span style=""font-size:40px;"">+</span>","null","","","","","","","","",""
"html-keyboard-response","389","1203512","0.0-17.0-1.0","","","","","","","","","","","",""
"image-keyboard-response","390","1204026","0.0-17.0-2.0","null","stimuli/noise_texture.png","null","","","","","","","","",""
"custom-labels-response","391","1208258","0.0-17.0-3.0","4230.799999982119","","joking","","","","","tom-labels","","","M5","eager"
"html-keyboard-response","392","1209266","0.0-17.0-0.1","null","<span style=""font-size:40px;"">+</span>","null","","","","","","","","",""
"html-keyboard-response","393","1213957","0.0-17.0-1.1","","","","","","","","","","","",""
"image-keyboard-response","394","1214459","0.0-17.0-2.1","null","stimuli/noise_texture.png","null","","","","","","","","",""
"custom-labels-response","395","1218080","0.0-17.0-3.1","3618.800000011921","","insisting","","","","","tom-labels","","","M2","insisting"
"html-keyboard-response","396","1219083","0.0-17.0-0.2","null","<span style=""font-size:40px;"">+</span>","null","","","","","","","","",""
"html-keyboard-response","397","1223395","0.0-17.0-1.2","","","","","","","","","","","",""
"image-keyboard-response","398","1223907","0.0-17.0-2.2","null","stimuli/noise_texture.png","null","","","","","","","","",""
"custom-labels-response","399","1226849","0.0-17.0-3.2","2939.9000000059605","","nervous","","","","","tom-labels","","","F2","nervous"
"html-keyboard-response","400","1227852","0.0-17.0-0.3","null","<span style=""font-size:40px;"">+</span>","null","","","","","","","","",""
"html-keyboard-response","401","1232539","0.0-17.0-1.3","","","","","","","","","","","",""
"image-keyboard-response","402","1233056","0.0-17.0-2.3","null","stimuli/noise_texture.png","null","","","","","","","","",""
"custom-labels-response","403","1236159","0.0-17.0-3.3","3102.2000000178814","","skeptical","","","","","tom-labels","","","M4","skeptical"
"html-keyboard-response","404","1237164","0.0-17.0-0.4","null","<span style=""font-size:40px;"">+</span>","null","","","","","","","","",""
"html-keyboard-response","405","1241643","0.0-17.0-1.4","","","","","","","","","","","",""
"image-keyboard-response","406","1242156","0.0-17.0-2.4","null","stimuli/noise_texture.png","null","","","","","","","","",""
"custom-labels-response","407","1245608","0.0-17.0-3.4","3450.199999988079","","stern","","","","","tom-labels","","","M2","stern"
"html-keyboard-response","408","1246625","0.0-17.0-0.5","null","<span style=""font-size:40px;"">+</span>","null","","","","","","","","",""
"html-keyboard-response","409","1250858","0.0-17.0-1.5","","","","","","","","","","","",""
"image-keyboard-response","410","1251373","0.0-17.0-2.5","null","stimuli/noise_texture.png","null","","","","","","","","",""
"custom-labels-response","411","1255737","0.0-17.0-3.5","4362.4000000059605","","tentative","","","","","tom-labels","","","F2","tentative"
"html-keyboard-response","412","1256747","0.0-17.0-0.6","null","<span style=""font-size:40px;"">+</span>","null","","","","","","","","",""
"html-keyboard-response","413","1261009","0.0-17.0-1.6","","","","","","","","","","","",""
"image-keyboard-response","414","1261511","0.0-17.0-2.6","null","stimuli/noise_texture.png","null","","","","","","","","",""
"custom-labels-response","415","1265276","0.0-17.0-3.6","3763.7999999821186","","friendly","","","","","tom-labels","","","F8","friendly"
"html-keyboard-response","416","1266286","0.0-17.0-0.7","null","<span style=""font-size:40px;"">+</span>","null","","","","","","","","",""
"html-keyboard-response","417","1270539","0.0-17.0-1.7","","","","","","","","","","","",""
"image-keyboard-response","418","1271055","0.0-17.0-2.7","null","stimuli/noise_texture.png","null","","","","","","","","",""
"custom-labels-response","419","1276568","0.0-17.0-3.7","5511.699999988079","","desire","","","","","tom-labels","","","F8","desire"
"html-keyboard-response","420","1277577","0.0-17.0-0.8","null","<span style=""font-size:40px;"">+</span>","null","","","","","","","","",""
"html-keyboard-response","421","1281950","0.0-17.0-1.8","","","","","","","","","","","",""
"image-keyboard-response","422","1282454","0.0-17.0-2.8","null","stimuli/noise_texture.png","null","","","","","","","","",""
"custom-labels-response","423","1287469","0.0-17.0-3.8","5013.299999982119","","perplexed","","","","","tom-labels","","","M5","hostile"
"html-keyboard-response","424","1288471","0.0-17.0-0.9","null","<span style=""font-size:40px;"">+</span>","null","","","","","","","","",""
"html-keyboard-response","425","1292963","0.0-17.0-1.9","","","","","","","","","","","",""
"image-keyboard-response","426","1293475","0.0-17.0-2.9","null","stimuli/noise_texture.png","null","","","","","","","","",""
"custom-labels-response","427","1305748","0.0-17.0-3.9","12271.799999982119","","intrigued","","","","","tom-labels","","","M2","insulting"
"html-keyboard-response","428","1306756","0.0-17.0-0.10","null","<span style=""font-size:40px;"">+</span>","null","","","","","","","","",""
"html-keyboard-response","429","1311352","0.0-17.0-1.10","","","","","","","","","","","",""
"image-keyboard-response","430","1311868","0.0-17.0-2.10","null","stimuli/noise_texture.png","null","","","","","","","","",""
"custom-labels-response","431","1315327","0.0-17.0-3.10","3457.800000011921","","guilty","","","","","tom-labels","","","F4","dominant"
"html-keyboard-response","432","1316335","0.0-17.0-0.11","null","<span style=""font-size:40px;"">+</span>","null","","","","","","","","",""
"html-keyboard-response","433","1320786","0.0-17.0-1.11","","","","","","","","","","","",""
"image-keyboard-response","434","1321294","0.0-17.0-2.11","null","stimuli/noise_texture.png","null","","","","","","","","",""
"custom-labels-response","435","1324694","0.0-17.0-3.11","3398.0999999940395","","anxious","","","","","tom-labels","","","F7","anxious"
"html-keyboard-response","436","1325705","0.0-17.0-0.12","null","<span style=""font-size:40px;"">+</span>","null","","","","","","","","",""
"html-keyboard-response","437","1330343","0.0-17.0-1.12","","","","","","","","","","","",""
"image-keyboard-response","438","1330851","0.0-17.0-2.12","null","stimuli/noise_texture.png","null","","","","","","","","",""
"custom-labels-response","439","1333817","0.0-17.0-3.12","2964.4000000059605","","curious","","","","","tom-labels","","","F2","curious"
"html-keyboard-response","440","1334826","0.0-17.0-0.13","null","<span style=""font-size:40px;"">+</span>","null","","","","","","","","",""
"html-keyboard-response","441","1339007","0.0-17.0-1.13","","","","","","","","","","","",""
"image-keyboard-response","442","1339520","0.0-17.0-2.13","null","stimuli/noise_texture.png","null","","","","","","","","",""
"custom-labels-response","443","1342716","0.0-17.0-3.13","3194.0999999940395","","indecisive","","","","","tom-labels","","","F3","indecisive"
"html-keyboard-response","444","1343721","0.0-17.0-0.14","null","<span style=""font-size:40px;"">+</span>","null","","","","","","","","",""
"html-keyboard-response","445","1348388","0.0-17.0-1.14","","","","","","","","","","","",""
"image-keyboard-response","446","1348891","0.0-17.0-2.14","null","stimuli/noise_texture.png","null","","","","","","","","",""
"custom-labels-response","447","1351689","0.0-17.0-3.14","2796.7000000178814","","confident","","","","","tom-labels","","","F6","reassuring"
"html-keyboard-response","448","1352691","0.0-17.0-0.15","null","<span style=""font-size:40px;"">+</span>","null","","","","","","","","",""
"html-keyboard-response","449","1356945","0.0-17.0-1.15","","","","","","","","","","","",""
"image-keyboard-response","450","1357448","0.0-17.0-2.15","null","stimuli/noise_texture.png","null","","","","","","","","",""
"custom-labels-response","451","1363644","0.0-17.0-3.15","6193.5","","interested","","","","","tom-labels","","","F2","interested"
"html-keyboard-response","452","1364662","0.0-17.0-0.16","null","<span style=""font-size:40px;"">+</span>","null","","","","","","","","",""
"html-keyboard-response","453","1369541","0.0-17.0-1.16","","","","","","","","","","","",""
"image-keyboard-response","454","1370043","0.0-17.0-2.16","null","stimuli/noise_texture.png","null","","","","","","","","",""
"custom-labels-response","455","1377412","0.0-17.0-3.16","7367.399999976158","","relaxed","","","","","tom-labels","","","M5","comforting"
"html-keyboard-response","456","1378428","0.0-17.0-0.17","null","<span style=""font-size:40px;"">+</span>","null","","","","","","","","",""
"html-keyboard-response","457","1386682","0.0-17.0-1.17","","","","","","","","","","","",""
"image-keyboard-response","458","1387197","0.0-17.0-2.17","null","stimuli/noise_texture.png","null","","","","","","","","",""
"custom-labels-response","459","1399291","0.0-17.0-3.17","12092.800000011921","","deciding","","","","","tom-labels","","","F6","accusing"
"html-keyboard-response","460","1400296","0.0-17.0-0.18","null","<span style=""font-size:40px;"">+</span>","null","","","","","","","","",""
"html-keyboard-response","461","1404882","0.0-17.0-1.18","","","","","","","","","","","",""
"image-keyboard-response","462","1405397","0.0-17.0-2.18","null","stimuli/noise_texture.png","null","","","","","","","","",""
"custom-labels-response","463","1409324","0.0-17.0-3.18","3925.199999988079","","friendly","","","","","tom-labels","","","M5","friendly"
"html-keyboard-response","464","1410339","0.0-17.0-0.19","null","<span style=""font-size:40px;"">+</span>","null","","","","","","","","",""
"html-keyboard-response","465","1414621","0.0-17.0-1.19","","","","","","","","","","","",""
"image-keyboard-response","466","1415128","0.0-17.0-2.19","null","stimuli/noise_texture.png","null","","","","","","","","",""
"custom-labels-response","467","1418387","0.0-17.0-3.19","3257.800000011921","","suspicious","","","","","tom-labels","","","M5","suspicious"
"html-keyboard-response","468","1419400","0.0-17.0-0.20","null","<span style=""font-size:40px;"">+</span>","null","","","","","","","","",""
"html-keyboard-response","469","1423724","0.0-17.0-1.20","","","","","","","","","","","",""
"image-keyboard-response","470","1424227","0.0-17.0-2.20","null","stimuli/noise_texture.png","null","","","","","","","","",""
"custom-labels-response","471","1426510","0.0-17.0-3.20","2281.199999988079","","confused","","","","","tom-labels","","","M4","confused"
"html-keyboard-response","472","1427523","0.0-17.0-0.21","null","<span style=""font-size:40px;"">+</span>","null","","","","","","","","",""
"html-keyboard-response","473","1431948","0.0-17.0-1.21","","","","","","","","","","","",""
"image-keyboard-response","474","1432450","0.0-17.0-2.21","null","stimuli/noise_texture.png","null","","","","","","","","",""
"custom-labels-response","475","1436643","0.0-17.0-3.21","4190.9000000059605","","reflective","","","","","tom-labels","","","M6","reflective"
"html-keyboard-response","476","1437644","0.0-17.0-0.22","null","<span style=""font-size:40px;"">+</span>","null","","","","","","","","",""
"html-keyboard-response","477","1442258","0.0-17.0-1.22","","","","","","","","","","","",""
"image-keyboard-response","478","1442761","0.0-17.0-2.22","null","stimuli/noise_texture.png","null","","","","","","","","",""
"custom-labels-response","479","1446563","0.0-17.0-3.22","3801.0999999940395","","insulting","","","","","tom-labels","","","F7","insulting"
"html-keyboard-response","480","1447570","0.0-17.0-0.23","null","<span style=""font-size:40px;"">+</span>","null","","","","","","","","",""
"html-keyboard-response","481","1451963","0.0-17.0-1.23","","","","","","","","","","","",""
"image-keyboard-response","482","1452479","0.0-17.0-2.23","null","stimuli/noise_texture.png","null","","","","","","","","",""
"custom-labels-response","483","1456993","0.0-17.0-3.23","4512.5","","convinced","","","","","tom-labels","","","M6","convinced"
"html-keyboard-response","484","1458000","0.0-17.0-0.24","null","<span style=""font-size:40px;"">+</span>","null","","","","","","","","",""
"html-keyboard-response","485","1462345","0.0-17.0-1.24","","","","","","","","","","","",""
"image-keyboard-response","486","1462859","0.0-17.0-2.24","null","stimuli/noise_texture.png","null","","","","","","","","",""
"custom-labels-response","487","1466320","0.0-17.0-3.24","3459.199999988079","","embarrassed","","","","","tom-labels","","","M5","earnest"
"html-keyboard-response","488","1467327","0.0-17.0-0.25","null","<span style=""font-size:40px;"">+</span>","null","","","","","","","","",""
"html-keyboard-response","489","1471608","0.0-17.0-1.25","","","","","","","","","","","",""
"image-keyboard-response","490","1472125","0.0-17.0-2.25","null","stimuli/noise_texture.png","null","","","","","","","","",""
"custom-labels-response","491","1476367","0.0-17.0-3.25","4240.800000011921","","hopeful","","","","","tom-labels","","","F4","arrogant"
"html-keyboard-response","492","1477382","0.0-17.0-0.26","null","<span style=""font-size:40px;"">+</span>","null","","","","","","","","",""
"html-keyboard-response","493","1481646","0.0-17.0-1.26","","","","","","","","","","","",""
"image-keyboard-response","494","1482158","0.0-17.0-2.26","null","stimuli/noise_texture.png","null","","","","","","","","",""
"custom-labels-response","495","1486303","0.0-17.0-3.26","4143.4000000059605","","reflective","","","","","tom-labels","","","F2","reflective"
"html-keyboard-response","496","1487320","0.0-17.0-0.27","null","<span style=""font-size:40px;"">+</span>","null","","","","","","","","",""
"html-keyboard-response","497","1491644","0.0-17.0-1.27","","","","","","","","","","","",""
"image-keyboard-response","498","1492157","0.0-17.0-2.27","null","stimuli/noise_texture.png","null","","","","","","","","",""
"custom-labels-response","499","1495180","0.0-17.0-3.27","3020.5","","hostile","","","","","tom-labels","","","F6","hostile"
"html-keyboard-response","500","1496188","0.0-17.0-0.28","null","<span style=""font-size:40px;"">+</span>","null","","","","","","","","",""
"html-keyboard-response","501","1500297","0.0-17.0-1.28","","","","","","","","","","","",""
"image-keyboard-response","502","1500809","0.0-17.0-2.28","null","stimuli/noise_texture.png","null","","","","","","","","",""
"custom-labels-response","503","1503174","0.0-17.0-3.28","2363.9000000059605","","threatening","","","","","tom-labels","","","M3","threatening"
"html-keyboard-response","504","1504188","0.0-17.0-0.29","null","<span style=""font-size:40px;"">+</span>","null","","","","","","","","",""
"html-keyboard-response","505","1508709","0.0-17.0-1.29","","","","","","","","","","","",""
"image-keyboard-response","506","1509222","0.0-17.0-2.29","null","stimuli/noise_texture.png","null","","","","","","","","",""
"custom-labels-response","507","1513699","0.0-17.0-3.29","4475.399999976158","","deciding","","","","","tom-labels","","","M3","apologetic"
"html-keyboard-response","508","1514704","0.0-17.0-0.30","null","<span style=""font-size:40px;"">+</span>","null","","","","","","","","",""
"html-keyboard-response","509","1519025","0.0-17.0-1.30","","","","","","","","","","","",""
"image-keyboard-response","510","1519539","0.0-17.0-2.30","null","stimuli/noise_texture.png","null","","","","","","","","",""
"custom-labels-response","511","1523077","0.0-17.0-3.30","3536.2999999821186","","intrigued","","","","","tom-labels","","","M4","intrigued"
"html-keyboard-response","512","1524086","0.0-17.0-0.31","null","<span style=""font-size:40px;"">+</span>","null","","","","","","","","",""
"html-keyboard-response","513","1528429","0.0-17.0-1.31","","","","","","","","","","","",""
"image-keyboard-response","514","1528939","0.0-17.0-2.31","null","stimuli/noise_texture.png","null","","","","","","","","",""
"custom-labels-response","515","1531715","0.0-17.0-3.31","2775.0999999940395","","worried","","","","","tom-labels","","","M4","worried"
"html-button-response","516","1536204","0.0-18.0","4487.5999999940395","You have completed the second part of the experiment.<br> Please take a five-minute break before moving on to the next trial.<p> Feel free to walk around the room and stretch. However, please make sure to return to the task<br> within 5 minutes, as extended delays may result in automatic withdrawal from the study.<br>Press <b>Continue</b> to proceed with the experiment.<p><span id=""clock"">5:00</span>","0","","","","","","","","",""
"instructions","517","1544089","0.0-19.0","7883.699999988079","","","","","","","","","[{""page_index"":0,""viewing_time"":1172.0999999940395},{""page_index"":1,""viewing_time"":5222.800000011921},{""page_index"":2,""viewing_time"":1488.5}]","",""
"html-keyboard-response","518","1545101","0.0-20.0-0.0","null","<span style=""font-size:40px;"">+</span>","null","","","","","","","","",""
"html-keyboard-response","519","1555046","0.0-20.0-1.0","","","","","","","","","","","",""
"image-keyboard-response","520","1555554","0.0-20.0-2.0","null","stimuli/noise_texture.png","null","","","","","","","","",""
"custom-labels-response","521","1559173","0.0-20.0-3.0","3617.5","","satisfied","","","","","tom-labels","","","F4","satisfied"
"html-keyboard-response","522","1560184","0.0-20.0-0.1","null","<span style=""font-size:40px;"">+</span>","null","","","","","","","","",""
"html-keyboard-response","523","1564718","0.0-20.0-1.1","","","","","","","","","","","",""
"image-keyboard-response","524","1565221","0.0-20.0-2.1","null","stimuli/noise_texture.png","null","","","","","","","","",""
"custom-labels-response","525","1568579","0.0-20.0-3.1","3357.199999988079","","decisive","","","","","tom-labels","","","M3","decisive"
"html-keyboard-response","526","1569588","0.0-20.0-0.2","null","<span style=""font-size:40px;"">+</span>","null","","","","","","","","",""
"html-keyboard-response","527","1573872","0.0-20.0-1.2","","","","","","","","","","","",""
"image-keyboard-response","528","1574386","0.0-20.0-2.2","null","stimuli/noise_texture.png","null","","","","","","","","",""
"custom-labels-response","529","1576258","0.0-20.0-3.2","1870.5","","impatient","","","","","tom-labels","","","F4","impatient"
"html-keyboard-response","530","1577267","0.0-20.0-0.3","null","<span style=""font-size:40px;"">+</span>","null","","","","","","","","",""
"html-keyboard-response","531","1580863","0.0-20.0-1.3","","","","","","","","","","","",""
"image-keyboard-response","532","1581370","0.0-20.0-2.3","null","stimuli/noise_texture.png","null","","","","","","","","",""
"custom-labels-response","533","1585463","0.0-20.0-3.3","4091.5999999940395","","disappointed","","","","","tom-labels","","","M1","disappointed"
"html-keyboard-response","534","1586466","0.0-20.0-0.4","null","<span style=""font-size:40px;"">+</span>","null","","","","","","","","",""
"html-keyboard-response","535","1591008","0.0-20.0-1.4","","","","","","","","","","","",""
"image-keyboard-response","536","1591518","0.0-20.0-2.4","null","stimuli/noise_texture.png","null","","","","","","","","",""
"custom-labels-response","537","1594559","0.0-20.0-3.4","3038.5","","terrified","","","","","tom-labels","","","M5","terrified"
"html-keyboard-response","538","1595565","0.0-20.0-0.5","null","<span style=""font-size:40px;"">+</span>","null","","","","","","","","",""
"html-keyboard-response","539","1598805","0.0-20.0-1.5","","","","","","","","","","","",""
"image-keyboard-response","540","1599318","0.0-20.0-2.5","null","stimuli/noise_texture.png","null","","","","","","","","",""
"custom-labels-response","541","1603100","0.0-20.0-3.5","3781.2000000178814","","joking","","","","","tom-labels","","","M2","joking"
"html-keyboard-response","542","1604116","0.0-20.0-0.6","null","<span style=""font-size:40px;"">+</span>","null","","","","","","","","",""
"html-keyboard-response","543","1608628","0.0-20.0-1.6","","","","","","","","","","","",""
"image-keyboard-response","544","1609134","0.0-20.0-2.6","null","stimuli/noise_texture.png","null","","","","","","","","",""
"custom-labels-response","545","1615209","0.0-20.0-3.6","6074.0999999940395","","anticipating","","","","","tom-labels","","","M6","anticipating"
"html-keyboard-response","546","1616211","0.0-20.0-0.7","null","<span style=""font-size:40px;"">+</span>","null","","","","","","","","",""
"html-keyboard-response","547","1620633","0.0-20.0-1.7","","","","","","","","","","","",""
"image-keyboard-response","548","1621149","0.0-20.0-2.7","null","stimuli/noise_texture.png","null","","","","","","","","",""
"custom-labels-response","549","1624302","0.0-20.0-3.7","3152.300000011921","","hopeful","","","","","tom-labels","","","M4","hopeful"
"html-keyboard-response","550","1625314","0.0-20.0-0.8","null","<span style=""font-size:40px;"">+</span>","null","","","","","","","","",""
"html-keyboard-response","551","1629704","0.0-20.0-1.8","","","","","","","","","","","",""
"image-keyboard-response","552","1630214","0.0-20.0-2.8","null","stimuli/noise_texture.png","null","","","","","","","","",""
"custom-labels-response","553","1633164","0.0-20.0-3.8","2948.800000011921","","panicked","","","","","tom-labels","","","F5","panicked"
"html-keyboard-response","554","1634181","0.0-20.0-0.9","null","<span style=""font-size:40px;"">+</span>","null","","","","","","","","",""
"html-keyboard-response","555","1638484","0.0-20.0-1.9","","","","","","","","","","","",""
"image-keyboard-response","556","1638998","0.0-20.0-2.9","null","stimuli/noise_texture.png","null","","","","","","","","",""
"custom-labels-response","557","1644869","0.0-20.0-3.9","5869.700000017881","","anticipating","","","","","tom-labels","","","F5","encouraging"
"html-keyboard-response","558","1645882","0.0-20.0-0.10","null","<span style=""font-size:40px;"">+</span>","null","","","","","","","","",""
"html-keyboard-response","559","1650196","0.0-20.0-1.10","","","","","","","","","","","",""
"image-keyboard-response","560","1650699","0.0-20.0-2.10","null","stimuli/noise_texture.png","null","","","","","","","","",""
"custom-labels-response","561","1654771","0.0-20.0-3.10","4071.0999999940395","","uneasy","","","","","tom-labels","","","F7","uneasy"
"html-keyboard-response","562","1655780","0.0-20.0-0.11","null","<span style=""font-size:40px;"">+</span>","null","","","","","","","","",""
"html-keyboard-response","563","1660168","0.0-20.0-1.11","","","","","","","","","","","",""
"image-keyboard-response","564","1660681","0.0-20.0-2.11","null","stimuli/noise_texture.png","null","","","","","","","","",""
"custom-labels-response","565","1663054","0.0-20.0-3.11","2371.300000011921","","flirtatious","","","","","tom-labels","","","M2","flirtatious"
"html-keyboard-response","566","1664062","0.0-20.0-0.12","null","<span style=""font-size:40px;"">+</span>","null","","","","","","","","",""
"html-keyboard-response","567","1668088","0.0-20.0-1.12","","","","","","","","","","","",""
"image-keyboard-response","568","1668596","0.0-20.0-2.12","null","stimuli/noise_texture.png","null","","","","","","","","",""
"custom-labels-response","569","1673532","0.0-20.0-3.12","4935","","indifferent","","","","","tom-labels","","","F3","earnest"
"html-keyboard-response","570","1674545","0.0-20.0-0.13","null","<span style=""font-size:40px;"">+</span>","null","","","","","","","","",""
"html-keyboard-response","571","1679464","0.0-20.0-1.13","","","","","","","","","","","",""
"image-keyboard-response","572","1679979","0.0-20.0-2.13","null","stimuli/noise_texture.png","null","","","","","","","","",""
"custom-labels-response","573","1685327","0.0-20.0-3.13","5346.5999999940395","","playful","","","","","tom-labels","","","F2","playful"
"html-keyboard-response","574","1686341","0.0-20.0-0.14","null","<span style=""font-size:40px;"">+</span>","null","","","","","","","","",""
"html-keyboard-response","575","1690382","0.0-20.0-1.14","","","","","","","","","","","",""
"image-keyboard-response","576","1690895","0.0-20.0-2.14","null","stimuli/noise_texture.png","null","","","","","","","","",""
"custom-labels-response","577","1697077","0.0-20.0-3.14","6181.0999999940395","","deciding","","","","","tom-labels","","","M1","deciding"
"html-keyboard-response","578","1698094","0.0-20.0-0.15","null","<span style=""font-size:40px;"">+</span>","null","","","","","","","","",""
"html-keyboard-response","579","1702774","0.0-20.0-1.15","","","","","","","","","","","",""
"image-keyboard-response","580","1703282","0.0-20.0-2.15","null","stimuli/noise_texture.png","null","","","","","","","","",""
"custom-labels-response","581","1707086","0.0-20.0-3.15","3803.4000000059605","","perplexed","","","","","tom-labels","","","M6","perplexed"
"html-keyboard-response","582","1708090","0.0-20.0-0.16","null","<span style=""font-size:40px;"">+</span>","null","","","","","","","","",""
"html-keyboard-response","583","1712694","0.0-20.0-1.16","","","","","","","","","","","",""
"image-keyboard-response","584","1713196","0.0-20.0-2.16","null","stimuli/noise_texture.png","null","","","","","","","","",""
"custom-labels-response","585","1715201","0.0-20.0-3.16","2003.5999999940395","","suspicious","","","","","tom-labels","","","M6","irritated"
"html-keyboard-response","586","1716208","0.0-20.0-0.17","null","<span style=""font-size:40px;"">+</span>","null","","","","","","","","",""
"html-keyboard-response","587","1720623","0.0-20.0-1.17","","","","","","","","","","","",""
"image-keyboard-response","588","1721127","0.0-20.0-2.17","null","stimuli/noise_texture.png","null","","","","","","","","",""
"custom-labels-response","589","1723553","0.0-20.0-3.17","2424.9000000059605","","curious","","","","","tom-labels","","","M6","curious"
"html-keyboard-response","590","1724560","0.0-20.0-0.18","null","<span style=""font-size:40px;"">+</span>","null","","","","","","","","",""
"html-keyboard-response","591","1728961","0.0-20.0-1.18","","","","","","","","","","","",""
"image-keyboard-response","592","1729477","0.0-20.0-2.18","null","stimuli/noise_texture.png","null","","","","","","","","",""
"custom-labels-response","593","1732877","0.0-20.0-3.18","3398.300000011921","","intrigued","","","","","tom-labels","","","M6","indecisive"
"html-keyboard-response","594","1733890","0.0-20.0-0.19","null","<span style=""font-size:40px;"">+</span>","null","","","","","","","","",""
"html-keyboard-response","595","1738236","0.0-20.0-1.19","","","","","","","","","","","",""
"image-keyboard-response","596","1738745","0.0-20.0-2.19","null","stimuli/noise_texture.png","null","","","","","","","","",""
"custom-labels-response","597","1743692","0.0-20.0-3.19","4945.5999999940395","","intrigued","","","","","tom-labels","","","F5","intrigued"
"html-keyboard-response","598","1744708","0.0-20.0-0.20","null","<span style=""font-size:40px;"">+</span>","null","","","","","","","","",""
"html-keyboard-response","599","1748967","0.0-20.0-1.20","","","","","","","","","","","",""
"image-keyboard-response","600","1749479","0.0-20.0-2.20","null","stimuli/noise_texture.png","null","","","","","","","","",""
"custom-labels-response","601","1752250","0.0-20.0-3.20","2769.5","","hateful","","","","","tom-labels","","","F2","hateful"
"html-keyboard-response","602","1753260","0.0-20.0-0.21","null","<span style=""font-size:40px;"">+</span>","null","","","","","","","","",""
"html-keyboard-response","603","1757510","0.0-20.0-1.21","","","","","","","","","","","",""
"image-keyboard-response","604","1758024","0.0-20.0-2.21","null","stimuli/noise_texture.png","null","","","","","","","","",""
"custom-labels-response","605","1761021","0.0-20.0-3.21","2995.2999999821186","","doubtful","","","","","tom-labels","","","M2","doubtful"
"html-keyboard-response","606","1762038","0.0-20.0-0.22","null","<span style=""font-size:40px;"">+</span>","null","","","","","","","","",""
"html-keyboard-response","607","1766361","0.0-20.0-1.22","","","","","","","","","","","",""
"image-keyboard-response","608","1766873","0.0-20.0-2.22","null","stimuli/noise_texture.png","null","","","","","","","","",""
"custom-labels-response","609","1769702","0.0-20.0-3.22","2827.5","","annoyed","","","","","tom-labels","","","F2","annoyed"
"html-keyboard-response","610","1770706","0.0-20.0-0.23","null","<span style=""font-size:40px;"">+</span>","null","","","","","","","","",""
"html-keyboard-response","611","1775155","0.0-20.0-1.23","","","","","","","","","","","",""
"image-keyboard-response","612","1775659","0.0-20.0-2.23","null","stimuli/noise_texture.png","null","","","","","","","","",""
"custom-labels-response","613","1778958","0.0-20.0-3.23","3297.2000000178814","","desire","","","","","tom-labels","","","M2","desire"
"html-keyboard-response","614","1779971","0.0-20.0-0.24","null","<span style=""font-size:40px;"">+</span>","null","","","","","","","","",""
"html-keyboard-response","615","1784787","0.0-20.0-1.24","","","","","","","","","","","",""
"image-keyboard-response","616","1785290","0.0-20.0-2.24","null","stimuli/noise_texture.png","null","","","","","","","","",""
"custom-labels-response","617","1790061","0.0-20.0-3.24","4768.5","","reflective","","","","","tom-labels","","","M6","annoyed"
"html-keyboard-response","618","1791072","0.0-20.0-0.25","null","<span style=""font-size:40px;"">+</span>","null","","","","","","","","",""
"html-keyboard-response","619","1795164","0.0-20.0-1.25","","","","","","","","","","","",""
"image-keyboard-response","620","1795674","0.0-20.0-2.25","null","stimuli/noise_texture.png","null","","","","","","","","",""
"custom-labels-response","621","1798512","0.0-20.0-3.25","2836.2999999821186","","despondent","","","","","tom-labels","","","F2","despondent"
"html-keyboard-response","622","1799520","0.0-20.0-0.26","null","<span style=""font-size:40px;"">+</span>","null","","","","","","","","",""
"html-keyboard-response","623","1804146","0.0-20.0-1.26","","","","","","","","","","","",""
"image-keyboard-response","624","1804656","0.0-20.0-2.26","null","stimuli/noise_texture.png","null","","","","","","","","",""
"custom-labels-response","625","1809574","0.0-20.0-3.26","4917.200000017881","","anticipating","","","","","tom-labels","","","F5","anticipating"
"html-keyboard-response","626","1810586","0.0-20.0-0.27","null","<span style=""font-size:40px;"">+</span>","null","","","","","","","","",""
"html-keyboard-response","627","1814625","0.0-20.0-1.27","","","","","","","","","","","",""
"image-keyboard-response","628","1815139","0.0-20.0-2.27","null","stimuli/noise_texture.png","null","","","","","","","","",""
"custom-labels-response","629","1818067","0.0-20.0-3.27","2926.2000000178814","","depressed","","","","","tom-labels","","","F3","depressed"
"html-keyboard-response","630","1819082","0.0-20.0-0.28","null","<span style=""font-size:40px;"">+</span>","null","","","","","","","","",""
"html-keyboard-response","631","1823692","0.0-20.0-1.28","","","","","","","","","","","",""
"image-keyboard-response","632","1824206","0.0-20.0-2.28","null","stimuli/noise_texture.png","null","","","","","","","","",""
"custom-labels-response","633","1826499","0.0-20.0-3.28","2290.7999999821186","","curious","","","","","tom-labels","","","M4","tentative"
"html-keyboard-response","634","1827516","0.0-20.0-0.29","null","<span style=""font-size:40px;"">+</span>","null","","","","","","","","",""
"html-keyboard-response","635","1831840","0.0-20.0-1.29","","","","","","","","","","","",""
"image-keyboard-response","636","1832357","0.0-20.0-2.29","null","stimuli/noise_texture.png","null","","","","","","","","",""
"custom-labels-response","637","1836328","0.0-20.0-3.29","3970.0999999940395","","enthused","","","","","tom-labels","","","F2","enthused"
"html-keyboard-response","638","1837333","0.0-21.0-0.0","null","<span style=""font-size:40px;"">+</span>","null","","","","","","","","",""
"html-keyboard-response","639","1841905","0.0-21.0-1.0","","","","","","","","","","","",""
"image-keyboard-response","640","1842420","0.0-21.0-2.0","null","stimuli/noise_texture.png","null","","","","","","","","",""
"custom-labels-response","641","1845703","0.0-21.0-3.0","3282.5999999940395","","click","","","","","attention-check","","","M6","relieved"
"html-keyboard-response","642","1846718","0.0-23.0-0.0","null","<span style=""font-size:40px;"">+</span>","null","","","","","","","","",""
"html-keyboard-response","643","1850971","0.0-23.0-1.0","","","","","","","","","","","",""
"image-keyboard-response","644","1851486","0.0-23.0-2.0","null","stimuli/noise_texture.png","null","","","","","","","","",""
"custom-labels-response","645","1854474","0.0-23.0-3.0","2986.5999999940395","","indifferent","","","","","tom-labels","","","F4","indifferent"
"html-keyboard-response","646","1855484","0.0-23.0-0.1","null","<span style=""font-size:40px;"">+</span>","null","","","","","","","","",""
"html-keyboard-response","647","1859643","0.0-23.0-1.1","","","","","","","","","","","",""
"image-keyboard-response","648","1860152","0.0-23.0-2.1","null","stimuli/noise_texture.png","null","","","","","","","","",""
"custom-labels-response","649","1864633","0.0-23.0-3.1","4479.399999976158","","ashamed","","","","","tom-labels","","","M1","ashamed"
"html-keyboard-response","650","1865648","0.0-23.0-0.2","null","<span style=""font-size:40px;"">+</span>","null","","","","","","","","",""
"html-keyboard-response","651","1870330","0.0-23.0-1.2","","","","","","","","","","","",""
"image-keyboard-response","652","1870835","0.0-23.0-2.2","null","stimuli/noise_texture.png","null","","","","","","","","",""
"custom-labels-response","653","1875864","0.0-23.0-3.2","5027.700000017881","","guilty","","","","","tom-labels","","","F6","guilty"
"html-keyboard-response","654","1876880","0.0-23.0-0.3","null","<span style=""font-size:40px;"">+</span>","null","","","","","","","","",""
"html-keyboard-response","655","1881248","0.0-23.0-1.3","","","","","","","","","","","",""
"image-keyboard-response","656","1881750","0.0-23.0-2.3","null","stimuli/noise_texture.png","null","","","","","","","","",""
"custom-labels-response","657","1884336","0.0-23.0-3.3","2584.7000000178814","","regretful","","","","","tom-labels","","","M4","reassuring"
"html-keyboard-response","658","1885352","0.0-23.0-0.4","null","<span style=""font-size:40px;"">+</span>","null","","","","","","","","",""
"html-keyboard-response","659","1889258","0.0-23.0-1.4","","","","","","","","","","","",""
"image-keyboard-response","660","1889767","0.0-23.0-2.4","null","stimuli/noise_texture.png","null","","","","","","","","",""
"custom-labels-response","661","1892657","0.0-23.0-3.4","2888.4000000059605","","confident","","","","","tom-labels","","","M1","confident"
"html-keyboard-response","662","1893666","0.0-23.0-0.5","null","<span style=""font-size:40px;"">+</span>","null","","","","","","","","",""
"html-keyboard-response","663","1897726","0.0-23.0-1.5","","","","","","","","","","","",""
"image-keyboard-response","664","1898231","0.0-23.0-2.5","null","stimuli/noise_texture.png","null","","","","","","","","",""
"custom-labels-response","665","1901965","0.0-23.0-3.5","3733.399999976158","","sympathetic","","","","","tom-labels","","","M3","sympathetic"
"html-keyboard-response","666","1902981","0.0-23.0-0.6","null","<span style=""font-size:40px;"">+</span>","null","","","","","","","","",""
"html-keyboard-response","667","1907634","0.0-23.0-1.6","","","","","","","","","","","",""
"image-keyboard-response","668","1908150","0.0-23.0-2.6","null","stimuli/noise_texture.png","null","","","","","","","","",""
"custom-labels-response","669","1912025","0.0-23.0-3.6","3873.300000011921","","decisive","","","","","tom-labels","","","F8","decisive"
"html-keyboard-response","670","1913029","0.0-23.0-0.7","null","<span style=""font-size:40px;"">+</span>","null","","","","","","","","",""
"html-keyboard-response","671","1917091","0.0-23.0-1.7","","","","","","","","","","","",""
"image-keyboard-response","672","1917599","0.0-23.0-2.7","null","stimuli/noise_texture.png","null","","","","","","","","",""
"custom-labels-response","673","1921219","0.0-23.0-3.7","3619","","annoyed","","","","","tom-labels","","","M3","impatient"
"html-keyboard-response","674","1922229","0.0-23.0-0.8","null","<span style=""font-size:40px;"">+</span>","null","","","","","","","","",""
"html-keyboard-response","675","1926781","0.0-23.0-1.8","","","","","","","","","","","",""
"image-keyboard-response","676","1927295","0.0-23.0-2.8","null","stimuli/noise_texture.png","null","","","","","","","","",""
"custom-labels-response","677","1930803","0.0-23.0-3.8","3507.300000011921","","concerned","","","","","tom-labels","","","F7","concerned"
"html-keyboard-response","678","1931811","0.0-23.0-0.9","null","<span style=""font-size:40px;"">+</span>","null","","","","","","","","",""
"html-keyboard-response","679","1935872","0.0-23.0-1.9","","","","","","","","","","","",""
"image-keyboard-response","680","1936379","0.0-23.0-2.9","null","stimuli/noise_texture.png","null","","","","","","","","",""
"custom-labels-response","681","1940467","0.0-23.0-3.9","4087.0999999940395","","offended","","","","","tom-labels","","","M1","incredulous"
"html-keyboard-response","682","1941479","0.0-23.0-0.10","null","<span style=""font-size:40px;"">+</span>","null","","","","","","","","",""
"html-keyboard-response","683","1945769","0.0-23.0-1.10","","","","","","","","","","","",""
"image-keyboard-response","684","1946279","0.0-23.0-2.10","null","stimuli/noise_texture.png","null","","","","","","","","",""
"custom-labels-response","685","1950565","0.0-23.0-3.10","4284.9000000059605","","depressed","","","","","tom-labels","","","F3","pensive"
"html-keyboard-response","686","1951581","0.0-23.0-0.11","null","<span style=""font-size:40px;"">+</span>","null","","","","","","","","",""
"html-keyboard-response","687","1956098","0.0-23.0-1.11","","","","","","","","","","","",""
"image-keyboard-response","688","1956611","0.0-23.0-2.11","null","stimuli/noise_texture.png","null","","","","","","","","",""
"custom-labels-response","689","1960548","0.0-23.0-3.11","3935","","contemplative","","","","","tom-labels","","","M4","contemplative"
"html-keyboard-response","690","1961561","0.0-23.0-0.12","null","<span style=""font-size:40px;"">+</span>","null","","","","","","","","",""
"html-keyboard-response","691","1966054","0.0-23.0-1.12","","","","","","","","","","","",""
"image-keyboard-response","692","1966565","0.0-23.0-2.12","null","stimuli/noise_texture.png","null","","","","","","","","",""
"custom-labels-response","693","1970332","0.0-23.0-3.12","3765","","sympathetic","","","","","tom-labels","","","F6","sympathetic"
"html-keyboard-response","694","1971342","0.0-23.0-0.13","null","<span style=""font-size:40px;"">+</span>","null","","","","","","","","",""
"html-keyboard-response","695","1975334","0.0-23.0-1.13","","","","","","","","","","","",""
"image-keyboard-response","696","1975845","0.0-23.0-2.13","null","stimuli/noise_texture.png","null","","","","","","","","",""
"custom-labels-response","697","1978623","0.0-23.0-3.13","2776.2000000178814","","fascinated","","","","","tom-labels","","","M1","fascinated"
"html-keyboard-response","698","1979629","0.0-23.0-0.14","null","<span style=""font-size:40px;"">+</span>","null","","","","","","","","",""
"html-keyboard-response","699","1983652","0.0-23.0-1.14","","","","","","","","","","","",""
"image-keyboard-response","700","1984161","0.0-23.0-2.14","null","stimuli/noise_texture.png","null","","","","","","","","",""
"custom-labels-response","701","1991838","0.0-23.0-3.14","7675.0999999940395","","arrogant","","","","","tom-labels","","","M1","arrogant"
"html-keyboard-response","702","1992842","0.0-23.0-0.15","null","<span style=""font-size:40px;"">+</span>","null","","","","","","","","",""
"html-keyboard-response","703","1997599","0.0-23.0-1.15","","","","","","","","","","","",""
"image-keyboard-response","704","1998111","0.0-23.0-2.15","null","stimuli/noise_texture.png","null","","","","","","","","",""
"custom-labels-response","705","2001186","0.0-23.0-3.15","3073.199999988079","","preoccupied","","","","","tom-labels","","","M6","satisfied"
"html-keyboard-response","706","2002193","0.0-23.0-0.16","null","<span style=""font-size:40px;"">+</span>","null","","","","","","","","",""
"html-keyboard-response","707","2006316","0.0-23.0-1.16","","","","","","","","","","","",""
"image-keyboard-response","708","2006828","0.0-23.0-2.16","null","stimuli/noise_texture.png","null","","","","","","","","",""
"custom-labels-response","709","2009975","0.0-23.0-3.16","3145.300000011921","","ashamed","","","","","tom-labels","","","F3","ashamed"
"html-keyboard-response","710","2010991","0.0-23.0-0.17","null","<span style=""font-size:40px;"">+</span>","null","","","","","","","","",""
"html-keyboard-response","711","2015049","0.0-23.0-1.17","","","","","","","","","","","",""
"image-keyboard-response","712","2015561","0.0-23.0-2.17","null","stimuli/noise_texture.png","null","","","","","","","","",""
"custom-labels-response","713","2019182","0.0-23.0-3.17","3619.5","","insisting","","","","","tom-labels","","","F3","insisting"
"html-keyboard-response","714","2020191","0.0-23.0-0.18","null","<span style=""font-size:40px;"">+</span>","null","","","","","","","","",""
"html-keyboard-response","715","2024827","0.0-23.0-1.18","","","","","","","","","","","",""
"image-keyboard-response","716","2025341","0.0-23.0-2.18","null","stimuli/noise_texture.png","null","","","","","","","","",""
"custom-labels-response","717","2028249","0.0-23.0-3.18","2906.9000000059605","","fearful","","","","","tom-labels","","","M5","fearful"
"html-keyboard-response","718","2029253","0.0-23.0-0.19","null","<span style=""font-size:40px;"">+</span>","null","","","","","","","","",""
"html-keyboard-response","719","2033573","0.0-23.0-1.19","","","","","","","","","","","",""
"image-keyboard-response","720","2034077","0.0-23.0-2.19","null","stimuli/noise_texture.png","null","","","","","","","","",""
"custom-labels-response","721","2038308","0.0-23.0-3.19","4230.300000011921","","anxious","","","","","tom-labels","","","M4","anxious"
"html-keyboard-response","722","2039321","0.0-23.0-0.20","null","<span style=""font-size:40px;"">+</span>","null","","","","","","","","",""
"html-keyboard-response","723","2043638","0.0-23.0-1.20","","","","","","","","","","","",""
"image-keyboard-response","724","2044142","0.0-23.0-2.20","null","stimuli/noise_texture.png","null","","","","","","","","",""
"custom-labels-response","725","2048141","0.0-23.0-3.20","3998","","preoccupied","","","","","tom-labels","","","M5","preoccupied"
"html-keyboard-response","726","2049157","0.0-23.0-0.21","null","<span style=""font-size:40px;"">+</span>","null","","","","","","","","",""
"html-keyboard-response","727","2053560","0.0-23.0-1.21","","","","","","","","","","","",""
"image-keyboard-response","728","2054072","0.0-23.0-2.21","null","stimuli/noise_texture.png","null","","","","","","","","",""
"custom-labels-response","729","2058210","0.0-23.0-3.21","4136.0999999940395","","anticipating","","","","","tom-labels","","","F6","relieved"
"html-keyboard-response","730","2059221","0.0-23.0-0.22","null","<span style=""font-size:40px;"">+</span>","null","","","","","","","","",""
"html-keyboard-response","731","2063439","0.0-23.0-1.22","","","","","","","","","","","",""
"image-keyboard-response","732","2063942","0.0-23.0-2.22","null","stimuli/noise_texture.png","null","","","","","","","","",""
"custom-labels-response","733","2069113","0.0-23.0-3.22","5169.600000023842","","accusing","","","","","tom-labels","","","M3","accusing"
"html-keyboard-response","734","2070126","0.0-23.0-0.23","null","<span style=""font-size:40px;"">+</span>","null","","","","","","","","",""
"html-keyboard-response","735","2074456","0.0-23.0-1.23","","","","","","","","","","","",""
"image-keyboard-response","736","2074973","0.0-23.0-2.23","null","stimuli/noise_texture.png","null","","","","","","","","",""
"custom-labels-response","737","2077329","0.0-23.0-3.23","2353.4000000059605","","contented","","","","","tom-labels","","","F7","contented"
"html-keyboard-response","738","2078337","0.0-23.0-0.24","null","<span style=""font-size:40px;"">+</span>","null","","","","","","","","",""
"html-keyboard-response","739","2082622","0.0-23.0-1.24","","","","","","","","","","","",""
"image-keyboard-response","740","2083136","0.0-23.0-2.24","null","stimuli/noise_texture.png","null","","","","","","","","",""
"custom-labels-response","741","2087625","0.0-23.0-3.24","4488.5","","thoughtful","","","","","tom-labels","","","M2","thoughtful"
"html-keyboard-response","742","2088636","0.0-23.0-0.25","null","<span style=""font-size:40px;"">+</span>","null","","","","","","","","",""
"html-keyboard-response","743","2092904","0.0-23.0-1.25","","","","","","","","","","","",""
"image-keyboard-response","744","2093422","0.0-23.0-2.25","null","stimuli/noise_texture.png","null","","","","","","","","",""
"custom-labels-response","745","2096435","0.0-23.0-3.25","3011.4000000059605","","joking","","","","","tom-labels","","","F5","joking"
"html-keyboard-response","746","2097451","0.0-23.0-0.26","null","<span style=""font-size:40px;"">+</span>","null","","","","","","","","",""
"html-keyboard-response","747","2101482","0.0-23.0-1.26","","","","","","","","","","","",""
"image-keyboard-response","748","2101989","0.0-23.0-2.26","null","stimuli/noise_texture.png","null","","","","","","","","",""
"custom-labels-response","749","2106156","0.0-23.0-3.26","4165.4000000059605","","doubtful","","","","","tom-labels","","","F3","doubtful"
"html-keyboard-response","750","2107165","0.0-23.0-0.27","null","<span style=""font-size:40px;"">+</span>","null","","","","","","","","",""
"html-keyboard-response","751","2111839","0.0-23.0-1.27","","","","","","","","","","","",""
"image-keyboard-response","752","2112356","0.0-23.0-2.27","null","stimuli/noise_texture.png","null","","","","","","","","",""
"custom-labels-response","753","2116039","0.0-23.0-3.27","3681.5","","stern","","","","","tom-labels","","","M2","regretful"
"html-keyboard-response","754","2117051","0.0-23.0-0.28","null","<span style=""font-size:40px;"">+</span>","null","","","","","","","","",""
"html-keyboard-response","755","2121583","0.0-23.0-1.28","","","","","","","","","","","",""
"image-keyboard-response","756","2122088","0.0-23.0-2.28","null","stimuli/noise_texture.png","null","","","","","","","","",""
"custom-labels-response","757","2127903","0.0-23.0-3.28","5813.699999988079","","hopeful","","","","","tom-labels","","","M5","enthused"
"html-keyboard-response","758","2128916","0.0-23.0-0.29","null","<span style=""font-size:40px;"">+</span>","null","","","","","","","","",""
"html-keyboard-response","759","2133412","0.0-23.0-1.29","","","","","","","","","","","",""
"image-keyboard-response","760","2133920","0.0-23.0-2.29","null","stimuli/noise_texture.png","null","","","","","","","","",""
"custom-labels-response","761","2139445","0.0-23.0-3.29","5523.5","","grateful","","","","","tom-labels","","","M3","grateful"
"html-button-response","762","2147844","0.0-24.0","8397.90000000596","<h3>Thank you for participating!</h1><p>You are done with the experiment. You will receive the full payment for your participation. Thank you for your time and contribution.</p><p>You will be automatically redirected to Prolific upon clicking <strong>Complete Experiment</strong>.</p><p>Please DO NOT close this tab until you have been redirected to Prolific. Please take note of your Prolific Completion Code before clicking <strong>Complete Experiment</strong>: <strong>C1HPV5RI</strong>.</p>","0","5af1c4dfaec2b600010a96c9","1760825425097","A","0","","","","",""
