"trial_type","trial_index","time_elapsed","internal_node_id","rt","stimulus","response","PID","START_TIME","EXP_AB","ATTENTION_FAILURES","trial","responses","view_history","actor","target_emotion"
"pavlovia","0","742","0.0-0.0","","","","","","","","","","","",""
"html-button-response","1","3098","0.0-1.0","2355.300000190735","<h1>Welcome to the Multiethnic Face Database Study!</h1>","0","5f4ac049c374f51158b481ba","1760803402157","A","0","","","","",""
"html-button-response","2","9367","0.0-2.0","6267.800000190735","<div style=""text-align: left; margin: 50px 80px -60px 80px;""><p><span style='text-decoration: underline;'><strong>CONSENT FORM </strong></span></p><p><strong>McGill University </strong></p><p><strong>Title of Research:</strong> A Dual Process Theory of Theory of Mind</p><p><strong>Researchers:</strong><br>Ian Gold, Ph.D., Professor, McGill University<br />Elizaveta Solomonova, Ph.D., Researcher, McGill University <br />Fernanda Perez-Gay Juarez, M.D., Ph.D., Psychiatry Resident, McGill University<br />Sophie Serebryany, Undergraduate Student, McGill University <br />Ani Shahbazian, Undergraduate Student, Concordia University<br>Sophie Hoyer, Undergraduate Student, McGill University</p><p><strong>Contact Information:<br />Tel:</strong> 514-398-8939 (Dr. Ian Gold) <br /><strong>Email:</strong> neurophilosophylabmcgill@gmail.com (all researchers)</p><p><strong>Purpose of the research:</strong><br> This study aims to measure people's ability to understand what others are thinking and feeling across different contexts and modalities. Please read through the description of the research project, and take the opportunity to ask any questions that you have about the project.</p><p><strong>What is involved in participating:</strong><br>You will be asked to look at a series of videos of facial expressions and answer questions about them. The online study in its entirety will take around [insert time], divided into 3 blocks with two 5-minute breaks in between. You will be asked to respond by answering multiple choice questions about the video. You will only need a mouse and a keyboard to provide responses to the various tasks.</p><p><strong>Right to withdraw:</strong><br>Please note that your participation is voluntary, and you are free to withdraw at any time without any negative consequences. Once you consent to participate, you may proceed to complete the online tasks. At the end of the experiment, you will see the message 'This is the end of the study. Please click on the button 'Complete the Experiment' to save your data and obtain your payment code.' Once you click the button, your data will be automatically collected through Pavlovia. Since participants will be anonymized (identified only by an alphanumeric code assigned by Prolific), the data will not be able to be withdrawn anonymously once you have completed the experiment. If you wish to withdraw consent without data collection, do not click the button to end the experiment and just close your browser.</p><p><strong>Confidentiality:</strong><br>The study's data will be kept for 7 years, stored in a password-protected virtual drive under the jurisdiction of McGill University (Dr. Ian Gold McGill's OneDrive). Your responses will be kept strictly confidential and will be identified only by means of your Prolific ID and never with your name or other identifying information. Only members of Dr. Ian Gold's lab will have access to identifiable study materials. You will not be identified or identifiable in any report or reports that result from the research (peer reviewed publications, presentations at national and international conferences, etc).</p><p><strong>Compensation:</strong><br>You will be compensated with &pound;9 for the completion of the study which should take approximately 60 minutes. Please use the completion code given to you at the end of the study to retrieve your payment in your Prolific account. Please note that if you decide to withdraw before finishing a session, there will be no way to compensate you for the time you spent, given that your data will not be saved.</p><p><strong>Risks &amp; Benefits:</strong> The only associated risks associated with this study are screen fatigue. If you have questions or concerns regarding your rights or welfare as a participant in this research study, please contact the Manager, Research Ethics at 514-398-6831 or lynda.mcneil@mcgill.ca.</p><p><strong>Consent:</strong><br>Please click on the button below if you have read the above information and consent to participate in this study. Otherwise, you can just close this window and return to the experiment in Prolific. Agreeing to participate in this study does not waive any of your rights or release the researchers from their responsibilities. To ensure the study is being conducted properly, authorized individuals, such as a member of the Research Ethics Board, may have access to your information.</p></div>","0","","","","","false","","","",""
"survey-demo","3","78133","0.0-3.0","68756.19999980927","","","5f4ac049c374f51158b481ba","1760803402157","","","demo","{""age"":""51"",""gender"":""Man"",""ethnicity"":[""South Asian.""],""education"":""Graduate school (Masters)"",""religion"":""Muslim"",""birthcountry"":""Pakistan"",""residencecountry"":""United Kingdom of Great Britain and Northern Ireland"",""yearsresidence"":""47"",""internetspeed"":""53""}","","",""
"instructions","4","102205","0.0-6.0-0.0","24069.39999961853","","","","","","","","","[{""page_index"":0,""viewing_time"":1917},{""page_index"":1,""viewing_time"":12450.79999923706},{""page_index"":2,""viewing_time"":2214.9000005722046},{""page_index"":3,""viewing_time"":6150.5},{""page_index"":4,""viewing_time"":1335.5}]","",""
"html-keyboard-response","5","103209","0.0-6.0-1.0","null","<span style=""font-size:40px;"">+</span>","null","","","","","","","","",""
"html-keyboard-response","6","107659","0.0-6.0-2.0","","","","","","","","","","","",""
"image-keyboard-response","7","108162","0.0-6.0-3.0","null","stimuli/noise_texture.png","null","","","","","","","","",""
"custom-labels-response","8","109500","0.0-6.0-4.0","1335.3000001907349","","doubtful","","","","","tom-labels-practice","","","12","Doubtful"
"html-button-response","9","113594","0.0-7.0","4092.300000190735","<div style=""width: 1000px; height: 45px""><p>You will now be shown a series of short videos. Please select the label that best describes the emotion that the face was showing. Please provide one best guess for each item. Starting now, your responses will be recorded.</p><p>Click <strong>Continue</strong> to start. Good luck!</p></div>","0","","","","","false","","","",""
"html-keyboard-response","10","114607","0.0-8.0-0.0","null","<span style=""font-size:40px;"">+</span>","null","","","","","","","","",""
"html-keyboard-response","11","118779","0.0-8.0-1.0","","","","","","","","","","","",""
"image-keyboard-response","12","119289","0.0-8.0-2.0","null","stimuli/noise_texture.png","null","","","","","","","","",""
"custom-labels-response","13","134575","0.0-8.0-3.0","15283.199999809265","","intrigued","","","","","tom-labels","","","M3","decisive"
"html-keyboard-response","14","135586","0.0-8.0-0.1","null","<span style=""font-size:40px;"">+</span>","null","","","","","","","","",""
"html-keyboard-response","15","139935","0.0-8.0-1.1","","","","","","","","","","","",""
"image-keyboard-response","16","140446","0.0-8.0-2.1","null","stimuli/noise_texture.png","null","","","","","","","","",""
"custom-labels-response","17","143279","0.0-8.0-3.1","2832","","hateful","","","","","tom-labels","","","F2","hateful"
"html-keyboard-response","18","144295","0.0-8.0-0.2","null","<span style=""font-size:40px;"">+</span>","null","","","","","","","","",""
"html-keyboard-response","19","148568","0.0-8.0-1.2","","","","","","","","","","","",""
"image-keyboard-response","20","149077","0.0-8.0-2.2","null","stimuli/noise_texture.png","null","","","","","","","","",""
"custom-labels-response","21","153486","0.0-8.0-3.2","4407.199999809265","","worried","","","","","tom-labels","","","F6","guilty"
"html-keyboard-response","22","154489","0.0-8.0-0.3","null","<span style=""font-size:40px;"">+</span>","null","","","","","","","","",""
"html-keyboard-response","23","158631","0.0-8.0-1.3","","","","","","","","","","","",""
"image-keyboard-response","24","159137","0.0-8.0-2.3","null","stimuli/noise_texture.png","null","","","","","","","","",""
"custom-labels-response","25","163112","0.0-8.0-3.3","3972.9000005722046","","incredulous","","","","","tom-labels","","","M1","incredulous"
"html-keyboard-response","26","164116","0.0-8.0-0.4","null","<span style=""font-size:40px;"">+</span>","null","","","","","","","","",""
"html-keyboard-response","27","168564","0.0-8.0-1.4","","","","","","","","","","","",""
"image-keyboard-response","28","169072","0.0-8.0-2.4","null","stimuli/noise_texture.png","null","","","","","","","","",""
"custom-labels-response","29","175482","0.0-8.0-3.4","6408.89999961853","","eager","","","","","tom-labels","","","M6","reflective"
"html-keyboard-response","30","176488","0.0-8.0-0.5","null","<span style=""font-size:40px;"">+</span>","null","","","","","","","","",""
"html-keyboard-response","31","180815","0.0-8.0-1.5","","","","","","","","","","","",""
"image-keyboard-response","32","181319","0.0-8.0-2.5","null","stimuli/noise_texture.png","null","","","","","","","","",""
"custom-labels-response","33","183911","0.0-8.0-3.5","2590.699999809265","","concerned","","","","","tom-labels","","","M4","panicked"
"html-keyboard-response","34","184913","0.0-8.0-0.6","null","<span style=""font-size:40px;"">+</span>","null","","","","","","","","",""
"html-keyboard-response","35","189064","0.0-8.0-1.6","","","","","","","","","","","",""
"image-keyboard-response","36","189580","0.0-8.0-2.6","null","stimuli/noise_texture.png","null","","","","","","","","",""
"custom-labels-response","37","194983","0.0-8.0-3.6","5400.900000572205","","despondent","","","","","tom-labels","","","M3","dubious"
"html-keyboard-response","38","195996","0.0-8.0-0.7","null","<span style=""font-size:40px;"">+</span>","null","","","","","","","","",""
"html-keyboard-response","39","200061","0.0-8.0-1.7","","","","","","","","","","","",""
"image-keyboard-response","40","200569","0.0-8.0-2.7","null","stimuli/noise_texture.png","null","","","","","","","","",""
"custom-labels-response","41","203611","0.0-8.0-3.7","3040.1000003814697","","skeptical","","","","","tom-labels","","","M3","threatening"
"html-keyboard-response","42","204621","0.0-8.0-0.8","null","<span style=""font-size:40px;"">+</span>","null","","","","","","","","",""
"html-keyboard-response","43","209008","0.0-8.0-1.8","","","","","","","","","","","",""
"image-keyboard-response","44","209515","0.0-8.0-2.8","null","stimuli/noise_texture.png","null","","","","","","","","",""
"custom-labels-response","45","212612","0.0-8.0-3.8","3095.199999809265","","earnest","","","","","tom-labels","","","F6","deciding"
"html-keyboard-response","46","213616","0.0-8.0-0.9","null","<span style=""font-size:40px;"">+</span>","null","","","","","","","","",""
"html-keyboard-response","47","217782","0.0-8.0-1.9","","","","","","","","","","","",""
"image-keyboard-response","48","218295","0.0-8.0-2.9","null","stimuli/noise_texture.png","null","","","","","","","","",""
"custom-labels-response","49","223277","0.0-8.0-3.9","4979.5","","encouraging","","","","","tom-labels","","","M3","assertive"
"html-keyboard-response","50","224287","0.0-8.0-0.10","null","<span style=""font-size:40px;"">+</span>","null","","","","","","","","",""
"html-keyboard-response","51","228528","0.0-8.0-1.10","","","","","","","","","","","",""
"image-keyboard-response","52","229033","0.0-8.0-2.10","null","stimuli/noise_texture.png","null","","","","","","","","",""
"custom-labels-response","53","230622","0.0-8.0-3.10","1588.1999998092651","","anxious","","","","","tom-labels","","","F7","anxious"
"html-keyboard-response","54","231627","0.0-8.0-0.11","null","<span style=""font-size:40px;"">+</span>","null","","","","","","","","",""
"html-keyboard-response","55","235880","0.0-8.0-1.11","","","","","","","","","","","",""
"image-keyboard-response","56","236383","0.0-8.0-2.11","null","stimuli/noise_texture.png","null","","","","","","","","",""
"custom-labels-response","57","239096","0.0-8.0-3.11","2710.7000007629395","","fearful","","","","","tom-labels","","","F6","puzzled"
"html-keyboard-response","58","240112","0.0-8.0-0.12","null","<span style=""font-size:40px;"">+</span>","null","","","","","","","","",""
"html-keyboard-response","59","244537","0.0-8.0-1.12","","","","","","","","","","","",""
"image-keyboard-response","60","245046","0.0-8.0-2.12","null","stimuli/noise_texture.png","null","","","","","","","","",""
"custom-labels-response","61","248518","0.0-8.0-3.12","3470.2000007629395","","terrified","","","","","tom-labels","","","M5","terrified"
"html-keyboard-response","62","249528","0.0-8.0-0.13","null","<span style=""font-size:40px;"">+</span>","null","","","","","","","","",""
"html-keyboard-response","63","253723","0.0-8.0-1.13","","","","","","","","","","","",""
"image-keyboard-response","64","254234","0.0-8.0-2.13","null","stimuli/noise_texture.png","null","","","","","","","","",""
"custom-labels-response","65","256766","0.0-8.0-3.13","2529.800000190735","","interested","","","","","tom-labels","","","F3","pensive"
"html-keyboard-response","66","257770","0.0-8.0-0.14","null","<span style=""font-size:40px;"">+</span>","null","","","","","","","","",""
"html-keyboard-response","67","262249","0.0-8.0-1.14","","","","","","","","","","","",""
"image-keyboard-response","68","262754","0.0-8.0-2.14","null","stimuli/noise_texture.png","null","","","","","","","","",""
"custom-labels-response","69","266743","0.0-8.0-3.14","3987.5","","dominant","","","","","tom-labels","","","F5","encouraging"
"html-keyboard-response","70","267746","0.0-8.0-0.15","null","<span style=""font-size:40px;"">+</span>","null","","","","","","","","",""
"html-keyboard-response","71","272235","0.0-8.0-1.15","","","","","","","","","","","",""
"image-keyboard-response","72","272751","0.0-8.0-2.15","null","stimuli/noise_texture.png","null","","","","","","","","",""
"custom-labels-response","73","277166","0.0-8.0-3.15","4413.699999809265","","contented","","","","","tom-labels","","","M5","contented"
"html-keyboard-response","74","278179","0.0-8.0-0.16","null","<span style=""font-size:40px;"">+</span>","null","","","","","","","","",""
"html-keyboard-response","75","282301","0.0-8.0-1.16","","","","","","","","","","","",""
"image-keyboard-response","76","282813","0.0-8.0-2.16","null","stimuli/noise_texture.png","null","","","","","","","","",""
"custom-labels-response","77","285453","0.0-8.0-3.16","2638.800000190735","","nervous","","","","","tom-labels","","","F8","horrified"
"html-keyboard-response","78","286461","0.0-8.0-0.17","null","<span style=""font-size:40px;"">+</span>","null","","","","","","","","",""
"html-keyboard-response","79","290629","0.0-8.0-1.17","","","","","","","","","","","",""
"image-keyboard-response","80","291130","0.0-8.0-2.17","null","stimuli/noise_texture.png","null","","","","","","","","",""
"custom-labels-response","81","293470","0.0-8.0-3.17","2338.4000005722046","","preoccupied","","","","","tom-labels","","","M5","preoccupied"
"html-keyboard-response","82","294485","0.0-8.0-0.18","null","<span style=""font-size:40px;"">+</span>","null","","","","","","","","",""
"html-keyboard-response","83","298715","0.0-8.0-1.18","","","","","","","","","","","",""
"image-keyboard-response","84","299217","0.0-8.0-2.18","null","stimuli/noise_texture.png","null","","","","","","","","",""
"custom-labels-response","85","303186","0.0-8.0-3.18","3968.0999994277954","","tentative","","","","","tom-labels","","","M5","interested"
"html-keyboard-response","86","304192","0.0-8.0-0.19","null","<span style=""font-size:40px;"">+</span>","null","","","","","","","","",""
"html-keyboard-response","87","308433","0.0-8.0-1.19","","","","","","","","","","","",""
"image-keyboard-response","88","308939","0.0-8.0-2.19","null","stimuli/noise_texture.png","null","","","","","","","","",""
"custom-labels-response","89","313552","0.0-8.0-3.19","4611.699999809265","","earnest","","","","","tom-labels","","","F4","arrogant"
"html-keyboard-response","90","314557","0.0-8.0-0.20","null","<span style=""font-size:40px;"">+</span>","null","","","","","","","","",""
"html-keyboard-response","91","318615","0.0-8.0-1.20","","","","","","","","","","","",""
"image-keyboard-response","92","319120","0.0-8.0-2.20","null","stimuli/noise_texture.png","null","","","","","","","","",""
"custom-labels-response","93","326370","0.0-8.0-3.20","7247.300000190735","","ashamed","","","","","tom-labels","","","F3","ashamed"
"html-keyboard-response","94","327387","0.0-8.0-0.21","null","<span style=""font-size:40px;"">+</span>","null","","","","","","","","",""
"html-keyboard-response","95","331415","0.0-8.0-1.21","","","","","","","","","","","",""
"image-keyboard-response","96","331929","0.0-8.0-2.21","null","stimuli/noise_texture.png","null","","","","","","","","",""
"custom-labels-response","97","336886","0.0-8.0-3.21","4955.39999961853","","incredulous","","","","","tom-labels","","","F3","incredulous"
"html-keyboard-response","98","337899","0.0-8.0-0.22","null","<span style=""font-size:40px;"">+</span>","null","","","","","","","","",""
"html-keyboard-response","99","342255","0.0-8.0-1.22","","","","","","","","","","","",""
"image-keyboard-response","100","342762","0.0-8.0-2.22","null","stimuli/noise_texture.png","null","","","","","","","","",""
"custom-labels-response","101","344901","0.0-8.0-3.22","2138.199999809265","","affectionate","","","","","tom-labels","","","F4","affectionate"
"html-keyboard-response","102","345914","0.0-8.0-0.23","null","<span style=""font-size:40px;"">+</span>","null","","","","","","","","",""
"html-keyboard-response","103","350139","0.0-8.0-1.23","","","","","","","","","","","",""
"image-keyboard-response","104","350647","0.0-8.0-2.23","null","stimuli/noise_texture.png","null","","","","","","","","",""
"custom-labels-response","105","352835","0.0-8.0-3.23","2186.5","","perplexed","","","","","tom-labels","","","M6","perplexed"
"html-keyboard-response","106","353850","0.0-8.0-0.24","null","<span style=""font-size:40px;"">+</span>","null","","","","","","","","",""
"html-keyboard-response","107","358005","0.0-8.0-1.24","","","","","","","","","","","",""
"image-keyboard-response","108","358522","0.0-8.0-2.24","null","stimuli/noise_texture.png","null","","","","","","","","",""
"custom-labels-response","109","361619","0.0-8.0-3.24","3096","","insulting","","","","","tom-labels","","","F7","insulting"
"html-keyboard-response","110","362632","0.0-8.0-0.25","null","<span style=""font-size:40px;"">+</span>","null","","","","","","","","",""
"html-keyboard-response","111","366971","0.0-8.0-1.25","","","","","","","","","","","",""
"image-keyboard-response","112","367480","0.0-8.0-2.25","null","stimuli/noise_texture.png","null","","","","","","","","",""
"custom-labels-response","113","370169","0.0-8.0-3.25","2687.199999809265","","disappointed","","","","","tom-labels","","","F5","disappointed"
"html-keyboard-response","114","371171","0.0-8.0-0.26","null","<span style=""font-size:40px;"">+</span>","null","","","","","","","","",""
"html-keyboard-response","115","375470","0.0-8.0-1.26","","","","","","","","","","","",""
"image-keyboard-response","116","375985","0.0-8.0-2.26","null","stimuli/noise_texture.png","null","","","","","","","","",""
"custom-labels-response","117","380702","0.0-8.0-3.26","4715.89999961853","","horrified","","","","","tom-labels","","","F6","suspicious"
"html-keyboard-response","118","381718","0.0-8.0-0.27","null","<span style=""font-size:40px;"">+</span>","null","","","","","","","","",""
"html-keyboard-response","119","385992","0.0-8.0-1.27","","","","","","","","","","","",""
"image-keyboard-response","120","386496","0.0-8.0-2.27","null","stimuli/noise_texture.png","null","","","","","","","","",""
"custom-labels-response","121","390947","0.0-8.0-3.27","4450.199999809265","","worried","","","","","tom-labels","","","F5","worried"
"html-keyboard-response","122","391949","0.0-8.0-0.28","null","<span style=""font-size:40px;"">+</span>","null","","","","","","","","",""
"html-keyboard-response","123","396238","0.0-8.0-1.28","","","","","","","","","","","",""
"image-keyboard-response","124","396747","0.0-8.0-2.28","null","stimuli/noise_texture.png","null","","","","","","","","",""
"custom-labels-response","125","403054","0.0-8.0-3.28","6305.60000038147","","thoughtful","","","","","tom-labels","","","F5","thoughtful"
"html-keyboard-response","126","404072","0.0-8.0-0.29","null","<span style=""font-size:40px;"">+</span>","null","","","","","","","","",""
"html-keyboard-response","127","408121","0.0-8.0-1.29","","","","","","","","","","","",""
"image-keyboard-response","128","408635","0.0-8.0-2.29","null","stimuli/noise_texture.png","null","","","","","","","","",""
"custom-labels-response","129","412684","0.0-8.0-3.29","4047.699999809265","","sarcastic","","","","","tom-labels","","","F3","sarcastic"
"html-keyboard-response","130","413698","0.0-8.0-0.30","null","<span style=""font-size:40px;"">+</span>","null","","","","","","","","",""
"html-keyboard-response","131","417655","0.0-8.0-1.30","","","","","","","","","","","",""
"image-keyboard-response","132","418159","0.0-8.0-2.30","null","stimuli/noise_texture.png","null","","","","","","","","",""
"custom-labels-response","133","422379","0.0-8.0-3.30","4218.5","","embarrassed","","","","","tom-labels","","","F3","fascinated"
"html-keyboard-response","134","423388","0.0-8.0-0.31","null","<span style=""font-size:40px;"">+</span>","null","","","","","","","","",""
"html-keyboard-response","135","427748","0.0-8.0-1.31","","","","","","","","","","","",""
"image-keyboard-response","136","428262","0.0-8.0-2.31","null","stimuli/noise_texture.png","null","","","","","","","","",""
"custom-labels-response","137","431403","0.0-8.0-3.31","3139.800000190735","","fearful","","","","","tom-labels","","","M5","fearful"
"html-keyboard-response","138","432408","0.0-8.0-0.32","null","<span style=""font-size:40px;"">+</span>","null","","","","","","","","",""
"html-keyboard-response","139","436686","0.0-8.0-1.32","","","","","","","","","","","",""
"image-keyboard-response","140","437190","0.0-8.0-2.32","null","stimuli/noise_texture.png","null","","","","","","","","",""
"custom-labels-response","141","441536","0.0-8.0-3.32","4344.699999809265","","nervous","","","","","tom-labels","","","F2","nervous"
"html-keyboard-response","142","442550","0.0-8.0-0.33","null","<span style=""font-size:40px;"">+</span>","null","","","","","","","","",""
"html-keyboard-response","143","446775","0.0-8.0-1.33","","","","","","","","","","","",""
"image-keyboard-response","144","447277","0.0-8.0-2.33","null","stimuli/noise_texture.png","null","","","","","","","","",""
"custom-labels-response","145","450754","0.0-8.0-3.33","3475.199999809265","","apologetic","","","","","tom-labels","","","M3","apologetic"
"html-keyboard-response","146","451765","0.0-8.0-0.34","null","<span style=""font-size:40px;"">+</span>","null","","","","","","","","",""
"html-keyboard-response","147","456205","0.0-8.0-1.34","","","","","","","","","","","",""
"image-keyboard-response","148","456710","0.0-8.0-2.34","null","stimuli/noise_texture.png","null","","","","","","","","",""
"custom-labels-response","149","459519","0.0-8.0-3.34","2807.800000190735","","satisfied","","","","","tom-labels","","","M6","satisfied"
"html-keyboard-response","150","460521","0.0-8.0-0.35","null","<span style=""font-size:40px;"">+</span>","null","","","","","","","","",""
"html-keyboard-response","151","464533","0.0-8.0-1.35","","","","","","","","","","","",""
"image-keyboard-response","152","465048","0.0-8.0-2.35","null","stimuli/noise_texture.png","null","","","","","","","","",""
"custom-labels-response","153","468320","0.0-8.0-3.35","3270.3999996185303","","amused","","","","","tom-labels","","","M1","amused"
"html-keyboard-response","154","469324","0.0-8.0-0.36","null","<span style=""font-size:40px;"">+</span>","null","","","","","","","","",""
"html-keyboard-response","155","473639","0.0-8.0-1.36","","","","","","","","","","","",""
"image-keyboard-response","156","474143","0.0-8.0-2.36","null","stimuli/noise_texture.png","null","","","","","","","","",""
"custom-labels-response","157","479296","0.0-8.0-3.36","5151.099999427795","","accusing","","","","","tom-labels","","","M3","accusing"
"html-keyboard-response","158","480302","0.0-8.0-0.37","null","<span style=""font-size:40px;"">+</span>","null","","","","","","","","",""
"html-keyboard-response","159","484549","0.0-8.0-1.37","","","","","","","","","","","",""
"image-keyboard-response","160","485056","0.0-8.0-2.37","null","stimuli/noise_texture.png","null","","","","","","","","",""
"custom-labels-response","161","489818","0.0-8.0-3.37","4759.89999961853","","contemplative","","","","","tom-labels","","","F6","contemplative"
"html-keyboard-response","162","490828","0.0-8.0-0.38","null","<span style=""font-size:40px;"">+</span>","null","","","","","","","","",""
"html-keyboard-response","163","494977","0.0-8.0-1.38","","","","","","","","","","","",""
"image-keyboard-response","164","495489","0.0-8.0-2.38","null","stimuli/noise_texture.png","null","","","","","","","","",""
"custom-labels-response","165","498287","0.0-8.0-3.38","2796.199999809265","","indecisive","","","","","tom-labels","","","M1","deciding"
"html-keyboard-response","166","499301","0.0-8.0-0.39","null","<span style=""font-size:40px;"">+</span>","null","","","","","","","","",""
"html-keyboard-response","167","503685","0.0-8.0-1.39","","","","","","","","","","","",""
"image-keyboard-response","168","504198","0.0-8.0-2.39","null","stimuli/noise_texture.png","null","","","","","","","","",""
"custom-labels-response","169","506004","0.0-8.0-3.39","1804.8000001907349","","uneasy","","","","","tom-labels","","","F7","uneasy"
"html-keyboard-response","170","507006","0.0-9.0-0.0","null","<span style=""font-size:40px;"">+</span>","null","","","","","","","","",""
"html-keyboard-response","171","511263","0.0-9.0-1.0","","","","","","","","","","","",""
"image-keyboard-response","172","511765","0.0-9.0-2.0","null","stimuli/noise_texture.png","null","","","","","","","","",""
"custom-labels-response","173","514211","0.0-9.0-3.0","2445.5","","click","","","","","attention-check","","","M4","panicked"
"html-keyboard-response","174","515222","0.0-11.0-0.0","null","<span style=""font-size:40px;"">+</span>","null","","","","","","","","",""
"html-keyboard-response","175","519471","0.0-11.0-1.0","","","","","","","","","","","",""
"image-keyboard-response","176","519982","0.0-11.0-2.0","null","stimuli/noise_texture.png","null","","","","","","","","",""
"custom-labels-response","177","522553","0.0-11.0-3.0","2569.300000190735","","irritated","","","","","tom-labels","","","M6","irritated"
"html-keyboard-response","178","523568","0.0-11.0-0.1","null","<span style=""font-size:40px;"">+</span>","null","","","","","","","","",""
"html-keyboard-response","179","527832","0.0-11.0-1.1","","","","","","","","","","","",""
"image-keyboard-response","180","528345","0.0-11.0-2.1","null","stimuli/noise_texture.png","null","","","","","","","","",""
"custom-labels-response","181","531154","0.0-11.0-3.1","2807.3999996185303","","relaxed","","","","","tom-labels","","","M4","reassuring"
"html-keyboard-response","182","532157","0.0-11.0-0.2","null","<span style=""font-size:40px;"">+</span>","null","","","","","","","","",""
"html-keyboard-response","183","536201","0.0-11.0-1.2","","","","","","","","","","","",""
"image-keyboard-response","184","536707","0.0-11.0-2.2","null","stimuli/noise_texture.png","null","","","","","","","","",""
"custom-labels-response","185","539015","0.0-11.0-3.2","2306.300000190735","","sympathetic","","","","","tom-labels","","","M3","sympathetic"
"html-keyboard-response","186","540022","0.0-11.0-0.3","null","<span style=""font-size:40px;"">+</span>","null","","","","","","","","",""
"html-keyboard-response","187","544035","0.0-11.0-1.3","","","","","","","","","","","",""
"image-keyboard-response","188","544547","0.0-11.0-2.3","null","stimuli/noise_texture.png","null","","","","","","","","",""
"custom-labels-response","189","548469","0.0-11.0-3.3","3920.699999809265","","ashamed","","","","","tom-labels","","","M1","ashamed"
"html-keyboard-response","190","549478","0.0-11.0-0.4","null","<span style=""font-size:40px;"">+</span>","null","","","","","","","","",""
"html-keyboard-response","191","553967","0.0-11.0-1.4","","","","","","","","","","","",""
"image-keyboard-response","192","554471","0.0-11.0-2.4","null","stimuli/noise_texture.png","null","","","","","","","","",""
"custom-labels-response","193","557453","0.0-11.0-3.4","2980.1000003814697","","indecisive","","","","","tom-labels","","","M2","uneasy"
"html-keyboard-response","194","558457","0.0-11.0-0.5","null","<span style=""font-size:40px;"">+</span>","null","","","","","","","","",""
"html-keyboard-response","195","562640","0.0-11.0-1.5","","","","","","","","","","","",""
"image-keyboard-response","196","563152","0.0-11.0-2.5","null","stimuli/noise_texture.png","null","","","","","","","","",""
"custom-labels-response","197","566415","0.0-11.0-3.5","3260.800000190735","","grateful","","","","","tom-labels","","","F5","grateful"
"html-keyboard-response","198","567420","0.0-11.0-0.6","null","<span style=""font-size:40px;"">+</span>","null","","","","","","","","",""
"html-keyboard-response","199","571967","0.0-11.0-1.6","","","","","","","","","","","",""
"image-keyboard-response","200","572468","0.0-11.0-2.6","null","stimuli/noise_texture.png","null","","","","","","","","",""
"custom-labels-response","201","575053","0.0-11.0-3.6","2583.4000005722046","","skeptical","","","","","tom-labels","","","M6","depressed"
"html-keyboard-response","202","576069","0.0-11.0-0.7","null","<span style=""font-size:40px;"">+</span>","null","","","","","","","","",""
"html-keyboard-response","203","580325","0.0-11.0-1.7","","","","","","","","","","","",""
"image-keyboard-response","204","580837","0.0-11.0-2.7","null","stimuli/noise_texture.png","null","","","","","","","","",""
"custom-labels-response","205","582964","0.0-11.0-3.7","2125.5","","stern","","","","","tom-labels","","","M2","stern"
"html-keyboard-response","206","583971","0.0-11.0-0.8","null","<span style=""font-size:40px;"">+</span>","null","","","","","","","","",""
"html-keyboard-response","207","588201","0.0-11.0-1.8","","","","","","","","","","","",""
"image-keyboard-response","208","588715","0.0-11.0-2.8","null","stimuli/noise_texture.png","null","","","","","","","","",""
"custom-labels-response","209","592836","0.0-11.0-3.8","4119.300000190735","","amused","","","","","tom-labels","","","F2","fantasizing"
"html-keyboard-response","210","593846","0.0-11.0-0.9","null","<span style=""font-size:40px;"">+</span>","null","","","","","","","","",""
"html-keyboard-response","211","598070","0.0-11.0-1.9","","","","","","","","","","","",""
"image-keyboard-response","212","598584","0.0-11.0-2.9","null","stimuli/noise_texture.png","null","","","","","","","","",""
"custom-labels-response","213","601504","0.0-11.0-3.9","2918","","affectionate","","","","","tom-labels","","","F2","enthused"
"html-keyboard-response","214","602522","0.0-11.0-0.10","null","<span style=""font-size:40px;"">+</span>","null","","","","","","","","",""
"html-keyboard-response","215","606780","0.0-11.0-1.10","","","","","","","","","","","",""
"image-keyboard-response","216","607292","0.0-11.0-2.10","null","stimuli/noise_texture.png","null","","","","","","","","",""
"custom-labels-response","217","612585","0.0-11.0-3.10","5291.799999237061","","playful","","","","","tom-labels","","","F2","playful"
"html-keyboard-response","218","613600","0.0-11.0-0.11","null","<span style=""font-size:40px;"">+</span>","null","","","","","","","","",""
"html-keyboard-response","219","616825","0.0-11.0-1.11","","","","","","","","","","","",""
"image-keyboard-response","220","617331","0.0-11.0-2.11","null","stimuli/noise_texture.png","null","","","","","","","","",""
"custom-labels-response","221","619837","0.0-11.0-3.11","2504.5","","joking","","","","","tom-labels","","","M2","joking"
"html-keyboard-response","222","620846","0.0-11.0-0.12","null","<span style=""font-size:40px;"">+</span>","null","","","","","","","","",""
"html-keyboard-response","223","625117","0.0-11.0-1.12","","","","","","","","","","","",""
"image-keyboard-response","224","625622","0.0-11.0-2.12","null","stimuli/noise_texture.png","null","","","","","","","","",""
"custom-labels-response","225","628796","0.0-11.0-3.12","3172.699999809265","","indecisive","","","","","tom-labels","","","M5","earnest"
"html-keyboard-response","226","629800","0.0-11.0-0.13","null","<span style=""font-size:40px;"">+</span>","null","","","","","","","","",""
"html-keyboard-response","227","634069","0.0-11.0-1.13","","","","","","","","","","","",""
"image-keyboard-response","228","634582","0.0-11.0-2.13","null","stimuli/noise_texture.png","null","","","","","","","","",""
"custom-labels-response","229","637249","0.0-11.0-3.13","2665.8999996185303","","amused","","","","","tom-labels","","","F5","amused"
"html-keyboard-response","230","638255","0.0-11.0-0.14","null","<span style=""font-size:40px;"">+</span>","null","","","","","","","","",""
"html-keyboard-response","231","642449","0.0-11.0-1.14","","","","","","","","","","","",""
"image-keyboard-response","232","642959","0.0-11.0-2.14","null","stimuli/noise_texture.png","null","","","","","","","","",""
"custom-labels-response","233","645930","0.0-11.0-3.14","2970.5","","intrigued","","","","","tom-labels","","","M4","intrigued"
"html-keyboard-response","234","646939","0.0-11.0-0.15","null","<span style=""font-size:40px;"">+</span>","null","","","","","","","","",""
"html-keyboard-response","235","651088","0.0-11.0-1.15","","","","","","","","","","","",""
"image-keyboard-response","236","651601","0.0-11.0-2.15","null","stimuli/noise_texture.png","null","","","","","","","","",""
"custom-labels-response","237","654396","0.0-11.0-3.15","2794.5","","satisfied","","","","","tom-labels","","","F5","eager"
"html-keyboard-response","238","655405","0.0-11.0-0.16","null","<span style=""font-size:40px;"">+</span>","null","","","","","","","","",""
"html-keyboard-response","239","659404","0.0-11.0-1.16","","","","","","","","","","","",""
"image-keyboard-response","240","659907","0.0-11.0-2.16","null","stimuli/noise_texture.png","null","","","","","","","","",""
"custom-labels-response","241","665014","0.0-11.0-3.16","5105.10000038147","","earnest","","","","","tom-labels","","","F3","earnest"
"html-keyboard-response","242","666029","0.0-11.0-0.17","null","<span style=""font-size:40px;"">+</span>","null","","","","","","","","",""
"html-keyboard-response","243","670544","0.0-11.0-1.17","","","","","","","","","","","",""
"image-keyboard-response","244","671048","0.0-11.0-2.17","null","stimuli/noise_texture.png","null","","","","","","","","",""
"custom-labels-response","245","673554","0.0-11.0-3.17","2504.2000007629395","","serious","","","","","tom-labels","","","F5","intrigued"
"html-keyboard-response","246","674557","0.0-11.0-0.18","null","<span style=""font-size:40px;"">+</span>","null","","","","","","","","",""
"html-keyboard-response","247","678747","0.0-11.0-1.18","","","","","","","","","","","",""
"image-keyboard-response","248","679251","0.0-11.0-2.18","null","stimuli/noise_texture.png","null","","","","","","","","",""
"custom-labels-response","249","682653","0.0-11.0-3.18","3400.800000190735","","despondent","","","","","tom-labels","","","F4","defiant"
"html-keyboard-response","250","683671","0.0-11.0-0.19","null","<span style=""font-size:40px;"">+</span>","null","","","","","","","","",""
"html-keyboard-response","251","687922","0.0-11.0-1.19","","","","","","","","","","","",""
"image-keyboard-response","252","688431","0.0-11.0-2.19","null","stimuli/noise_texture.png","null","","","","","","","","",""
"custom-labels-response","253","691704","0.0-11.0-3.19","3271.9000005722046","","cautious","","","","","tom-labels","","","M2","cautious"
"html-keyboard-response","254","692721","0.0-11.0-0.20","null","<span style=""font-size:40px;"">+</span>","null","","","","","","","","",""
"html-keyboard-response","255","696663","0.0-11.0-1.20","","","","","","","","","","","",""
"image-keyboard-response","256","697174","0.0-11.0-2.20","null","stimuli/noise_texture.png","null","","","","","","","","",""
"custom-labels-response","257","699819","0.0-11.0-3.20","2644","","panicked","","","","","tom-labels","","","F3","preoccupied"
"html-keyboard-response","258","700821","0.0-11.0-0.21","null","<span style=""font-size:40px;"">+</span>","null","","","","","","","","",""
"html-keyboard-response","259","705221","0.0-11.0-1.21","","","","","","","","","","","",""
"image-keyboard-response","260","705727","0.0-11.0-2.21","null","stimuli/noise_texture.png","null","","","","","","","","",""
"custom-labels-response","261","708786","0.0-11.0-3.21","3057.1000003814697","","annoyed","","","","","tom-labels","","","F2","annoyed"
"html-button-response","262","725958","0.0-12.0","17169.900000572205","You have completed the first part of the experiment.<br> Please take a five-minute break before moving on to the next trial.<p> Feel free to walk around the room and stretch. However, please make sure to return to the task<br> within 5 minutes, as extended delays may result in automatic withdrawal from the study.<br>Press <b>Continue</b> to proceed with the experiment.<p><span id=""clock"">5:00</span>","0","","","","","","","","",""
"instructions","263","736624","0.0-13.0","10665","","","","","","","","","[{""page_index"":0,""viewing_time"":1611.1999998092651},{""page_index"":1,""viewing_time"":7407.900000572205},{""page_index"":2,""viewing_time"":1644.8000001907349}]","",""
"html-keyboard-response","264","737637","0.0-14.0-0.0","null","<span style=""font-size:40px;"">+</span>","null","","","","","","","","",""
"html-keyboard-response","265","741918","0.0-14.0-1.0","","","","","","","","","","","",""
"image-keyboard-response","266","742424","0.0-14.0-2.0","null","stimuli/noise_texture.png","null","","","","","","","","",""
"custom-labels-response","267","744904","0.0-14.0-3.0","2478.9000005722046","","anxious","","","","","tom-labels","","","M4","anxious"
"html-keyboard-response","268","745920","0.0-14.0-0.1","null","<span style=""font-size:40px;"">+</span>","null","","","","","","","","",""
"html-keyboard-response","269","750152","0.0-14.0-1.1","","","","","","","","","","","",""
"image-keyboard-response","270","750657","0.0-14.0-2.1","null","stimuli/noise_texture.png","null","","","","","","","","",""
"custom-labels-response","271","753419","0.0-14.0-3.1","2759.7999992370605","","playful","","","","","tom-labels","","","M5","playful"
"html-keyboard-response","272","754432","0.0-14.0-0.2","null","<span style=""font-size:40px;"">+</span>","null","","","","","","","","",""
"html-keyboard-response","273","758366","0.0-14.0-1.2","","","","","","","","","","","",""
"image-keyboard-response","274","758875","0.0-14.0-2.2","null","stimuli/noise_texture.png","null","","","","","","","","",""
"custom-labels-response","275","760881","0.0-14.0-3.2","2005.1999998092651","","impatient","","","","","tom-labels","","","M2","alarmed"
"html-keyboard-response","276","761895","0.0-14.0-0.3","null","<span style=""font-size:40px;"">+</span>","null","","","","","","","","",""
"html-keyboard-response","277","765903","0.0-14.0-1.3","","","","","","","","","","","",""
"image-keyboard-response","278","766415","0.0-14.0-2.3","null","stimuli/noise_texture.png","null","","","","","","","","",""
"custom-labels-response","279","768900","0.0-14.0-3.3","2483","","fascinated","","","","","tom-labels","","","M1","fascinated"
"html-keyboard-response","280","769915","0.0-14.0-0.4","null","<span style=""font-size:40px;"">+</span>","null","","","","","","","","",""
"html-keyboard-response","281","773558","0.0-14.0-1.4","","","","","","","","","","","",""
"image-keyboard-response","282","774071","0.0-14.0-2.4","null","stimuli/noise_texture.png","null","","","","","","","","",""
"custom-labels-response","283","777587","0.0-14.0-3.4","3514.199999809265","","relaxed","","","","","tom-labels","","","M1","relaxed"
"html-keyboard-response","284","778589","0.0-14.0-0.5","null","<span style=""font-size:40px;"">+</span>","null","","","","","","","","",""
"html-keyboard-response","285","782870","0.0-14.0-1.5","","","","","","","","","","","",""
"image-keyboard-response","286","783385","0.0-14.0-2.5","null","stimuli/noise_texture.png","null","","","","","","","","",""
"custom-labels-response","287","788735","0.0-14.0-3.5","5349.200000762939","","concerned","","","","","tom-labels","","","F7","concerned"
"html-keyboard-response","288","789740","0.0-14.0-0.6","null","<span style=""font-size:40px;"">+</span>","null","","","","","","","","",""
"html-keyboard-response","289","793994","0.0-14.0-1.6","","","","","","","","","","","",""
"image-keyboard-response","290","794499","0.0-14.0-2.6","null","stimuli/noise_texture.png","null","","","","","","","","",""
"custom-labels-response","291","797714","0.0-14.0-3.6","3213.0999994277954","","stern","","","","","tom-labels","","","F4","upset"
"html-keyboard-response","292","798717","0.0-14.0-0.7","null","<span style=""font-size:40px;"">+</span>","null","","","","","","","","",""
"html-keyboard-response","293","802781","0.0-14.0-1.7","","","","","","","","","","","",""
"image-keyboard-response","294","803284","0.0-14.0-2.7","null","stimuli/noise_texture.png","null","","","","","","","","",""
"custom-labels-response","295","806354","0.0-14.0-3.7","3068.699999809265","","skeptical","","","","","tom-labels","","","F3","regretful"
"html-keyboard-response","296","807356","0.0-14.0-0.8","null","<span style=""font-size:40px;"">+</span>","null","","","","","","","","",""
"html-keyboard-response","297","811688","0.0-14.0-1.8","","","","","","","","","","","",""
"image-keyboard-response","298","812191","0.0-14.0-2.8","null","stimuli/noise_texture.png","null","","","","","","","","",""
"custom-labels-response","299","816236","0.0-14.0-3.8","4043","","earnest","","","","","tom-labels","","","M5","friendly"
"html-keyboard-response","300","817253","0.0-14.0-0.9","null","<span style=""font-size:40px;"">+</span>","null","","","","","","","","",""
"html-keyboard-response","301","821643","0.0-14.0-1.9","","","","","","","","","","","",""
"image-keyboard-response","302","822150","0.0-14.0-2.9","null","stimuli/noise_texture.png","null","","","","","","","","",""
"custom-labels-response","303","825743","0.0-14.0-3.9","3591.699999809265","","sympathetic","","","","","tom-labels","","","F6","sympathetic"
"html-keyboard-response","304","826751","0.0-14.0-0.10","null","<span style=""font-size:40px;"">+</span>","null","","","","","","","","",""
"html-keyboard-response","305","830964","0.0-14.0-1.10","","","","","","","","","","","",""
"image-keyboard-response","306","831473","0.0-14.0-2.10","null","stimuli/noise_texture.png","null","","","","","","","","",""
"custom-labels-response","307","838170","0.0-14.0-3.10","6695.60000038147","","flustered","","","","","tom-labels","","","F4","flustered"
"html-keyboard-response","308","839188","0.0-14.0-0.11","null","<span style=""font-size:40px;"">+</span>","null","","","","","","","","",""
"html-keyboard-response","309","843732","0.0-14.0-1.11","","","","","","","","","","","",""
"image-keyboard-response","310","844249","0.0-14.0-2.11","null","stimuli/noise_texture.png","null","","","","","","","","",""
"custom-labels-response","311","847971","0.0-14.0-3.11","3720.5","","desire","","","","","tom-labels","","","M2","desire"
"html-keyboard-response","312","848979","0.0-14.0-0.12","null","<span style=""font-size:40px;"">+</span>","null","","","","","","","","",""
"html-keyboard-response","313","853564","0.0-14.0-1.12","","","","","","","","","","","",""
"image-keyboard-response","314","854076","0.0-14.0-2.12","null","stimuli/noise_texture.png","null","","","","","","","","",""
"custom-labels-response","315","858363","0.0-14.0-3.12","4285.39999961853","","thoughtful","","","","","tom-labels","","","M6","relieved"
"html-keyboard-response","316","859368","0.0-14.0-0.13","null","<span style=""font-size:40px;"">+</span>","null","","","","","","","","",""
"html-keyboard-response","317","863924","0.0-14.0-1.13","","","","","","","","","","","",""
"image-keyboard-response","318","864426","0.0-14.0-2.13","null","stimuli/noise_texture.png","null","","","","","","","","",""
"custom-labels-response","319","866511","0.0-14.0-3.13","2082.6000003814697","","enthused","","","","","tom-labels","","","M5","enthused"
"html-keyboard-response","320","867515","0.0-14.0-0.14","null","<span style=""font-size:40px;"">+</span>","null","","","","","","","","",""
"html-keyboard-response","321","871586","0.0-14.0-1.14","","","","","","","","","","","",""
"image-keyboard-response","322","872093","0.0-14.0-2.14","null","stimuli/noise_texture.png","null","","","","","","","","",""
"custom-labels-response","323","874854","0.0-14.0-3.14","2758.800000190735","","insisting","","","","","tom-labels","","","F3","insisting"
"html-keyboard-response","324","875864","0.0-14.0-0.15","null","<span style=""font-size:40px;"">+</span>","null","","","","","","","","",""
"html-keyboard-response","325","880114","0.0-14.0-1.15","","","","","","","","","","","",""
"image-keyboard-response","326","880616","0.0-14.0-2.15","null","stimuli/noise_texture.png","null","","","","","","","","",""
"custom-labels-response","327","883470","0.0-14.0-3.15","2852.0999994277954","","worried","","","","","tom-labels","","","F8","jealous"
"html-keyboard-response","328","884478","0.0-14.0-0.16","null","<span style=""font-size:40px;"">+</span>","null","","","","","","","","",""
"html-keyboard-response","329","888698","0.0-14.0-1.16","","","","","","","","","","","",""
"image-keyboard-response","330","889199","0.0-14.0-2.16","null","stimuli/noise_texture.png","null","","","","","","","","",""
"custom-labels-response","331","895498","0.0-14.0-3.16","6297.10000038147","","incredulous","","","","","tom-labels","","","F8","decisive"
"html-keyboard-response","332","896515","0.0-14.0-0.17","null","<span style=""font-size:40px;"">+</span>","null","","","","","","","","",""
"html-keyboard-response","333","900938","0.0-14.0-1.17","","","","","","","","","","","",""
"image-keyboard-response","334","901454","0.0-14.0-2.17","null","stimuli/noise_texture.png","null","","","","","","","","",""
"custom-labels-response","335","911137","0.0-14.0-3.17","9681.400000572205","","hostile","","","","","tom-labels","","","M5","hostile"
"html-keyboard-response","336","912141","0.0-14.0-0.18","null","<span style=""font-size:40px;"">+</span>","null","","","","","","","","",""
"html-keyboard-response","337","916457","0.0-14.0-1.18","","","","","","","","","","","",""
"image-keyboard-response","338","916960","0.0-14.0-2.18","null","stimuli/noise_texture.png","null","","","","","","","","",""
"custom-labels-response","339","920388","0.0-14.0-3.18","3425.800000190735","","threatening","","","","","tom-labels","","","F7","threatening"
"html-keyboard-response","340","921392","0.0-14.0-0.19","null","<span style=""font-size:40px;"">+</span>","null","","","","","","","","",""
"html-keyboard-response","341","925487","0.0-14.0-1.19","","","","","","","","","","","",""
"image-keyboard-response","342","925990","0.0-14.0-2.19","null","stimuli/noise_texture.png","null","","","","","","","","",""
"custom-labels-response","343","928638","0.0-14.0-3.19","2646.7999992370605","","imploring","","","","","tom-labels","","","M3","imploring"
"html-keyboard-response","344","929653","0.0-14.0-0.20","null","<span style=""font-size:40px;"">+</span>","null","","","","","","","","",""
"html-keyboard-response","345","933720","0.0-14.0-1.20","","","","","","","","","","","",""
"image-keyboard-response","346","934224","0.0-14.0-2.20","null","stimuli/noise_texture.png","null","","","","","","","","",""
"custom-labels-response","347","936353","0.0-14.0-3.20","2127.300000190735","","alarmed","","","","","tom-labels","","","F3","alarmed"
"html-keyboard-response","348","937367","0.0-14.0-0.21","null","<span style=""font-size:40px;"">+</span>","null","","","","","","","","",""
"html-keyboard-response","349","941733","0.0-14.0-1.21","","","","","","","","","","","",""
"image-keyboard-response","350","942250","0.0-14.0-2.21","null","stimuli/noise_texture.png","null","","","","","","","","",""
"custom-labels-response","351","947716","0.0-14.0-3.21","5463.800000190735","","confused","","","","","tom-labels","","","F8","confused"
"html-keyboard-response","352","948727","0.0-14.0-0.22","null","<span style=""font-size:40px;"">+</span>","null","","","","","","","","",""
"html-keyboard-response","353","952920","0.0-14.0-1.22","","","","","","","","","","","",""
"image-keyboard-response","354","953432","0.0-14.0-2.22","null","stimuli/noise_texture.png","null","","","","","","","","",""
"custom-labels-response","355","956097","0.0-14.0-3.22","2663.5","","fearful","","","","","tom-labels","","","M4","tentative"
"html-keyboard-response","356","957109","0.0-14.0-0.23","null","<span style=""font-size:40px;"">+</span>","null","","","","","","","","",""
"html-keyboard-response","357","961283","0.0-14.0-1.23","","","","","","","","","","","",""
"image-keyboard-response","358","961792","0.0-14.0-2.23","null","stimuli/noise_texture.png","null","","","","","","","","",""
"custom-labels-response","359","965169","0.0-14.0-3.23","3375.1000003814697","","resentful","","","","","tom-labels","","","F5","resentful"
"html-keyboard-response","360","966179","0.0-14.0-0.24","null","<span style=""font-size:40px;"">+</span>","null","","","","","","","","",""
"html-keyboard-response","361","970562","0.0-14.0-1.24","","","","","","","","","","","",""
"image-keyboard-response","362","971073","0.0-14.0-2.24","null","stimuli/noise_texture.png","null","","","","","","","","",""
"custom-labels-response","363","975483","0.0-14.0-3.24","4408.599999427795","","insisting","","","","","tom-labels","","","M2","insisting"
"html-keyboard-response","364","976485","0.0-14.0-0.25","null","<span style=""font-size:40px;"">+</span>","null","","","","","","","","",""
"html-keyboard-response","365","980761","0.0-14.0-1.25","","","","","","","","","","","",""
"image-keyboard-response","366","981273","0.0-14.0-2.25","null","stimuli/noise_texture.png","null","","","","","","","","",""
"custom-labels-response","367","984838","0.0-14.0-3.25","3563.3999996185303","","distrustful","","","","","tom-labels","","","M2","distrustful"
"html-keyboard-response","368","985852","0.0-14.0-0.26","null","<span style=""font-size:40px;"">+</span>","null","","","","","","","","",""
"html-keyboard-response","369","990022","0.0-14.0-1.26","","","","","","","","","","","",""
"image-keyboard-response","370","990524","0.0-14.0-2.26","null","stimuli/noise_texture.png","null","","","","","","","","",""
"custom-labels-response","371","992446","0.0-14.0-3.26","1920.1999998092651","","cautious","","","","","tom-labels","","","M5","embarrassed"
"html-keyboard-response","372","993456","0.0-14.0-0.27","null","<span style=""font-size:40px;"">+</span>","null","","","","","","","","",""
"html-keyboard-response","373","997649","0.0-14.0-1.27","","","","","","","","","","","",""
"image-keyboard-response","374","998161","0.0-14.0-2.27","null","stimuli/noise_texture.png","null","","","","","","","","",""
"custom-labels-response","375","1001234","0.0-14.0-3.27","3071.8999996185303","","guilty","","","","","tom-labels","","","M5","guilty"
"html-keyboard-response","376","1002251","0.0-14.0-0.28","null","<span style=""font-size:40px;"">+</span>","null","","","","","","","","",""
"html-keyboard-response","377","1006407","0.0-14.0-1.28","","","","","","","","","","","",""
"image-keyboard-response","378","1006914","0.0-14.0-2.28","null","stimuli/noise_texture.png","null","","","","","","","","",""
"custom-labels-response","379","1010154","0.0-14.0-3.28","3238.7999992370605","","reflective","","","","","tom-labels","","","M4","worried"
"html-keyboard-response","380","1011158","0.0-14.0-0.29","null","<span style=""font-size:40px;"">+</span>","null","","","","","","","","",""
"html-keyboard-response","381","1014971","0.0-14.0-1.29","","","","","","","","","","","",""
"image-keyboard-response","382","1015484","0.0-14.0-2.29","null","stimuli/noise_texture.png","null","","","","","","","","",""
"custom-labels-response","383","1025205","0.0-14.0-3.29","9719.5","","playful","","","","","tom-labels","","","M1","confident"
"html-keyboard-response","384","1026209","0.0-15.0-0.0","null","<span style=""font-size:40px;"">+</span>","null","","","","","","","","",""
"html-keyboard-response","385","1030183","0.0-15.0-1.0","","","","","","","","","","","",""
"image-keyboard-response","386","1030690","0.0-15.0-2.0","null","stimuli/noise_texture.png","null","","","","","","","","",""
"custom-labels-response","387","1035337","0.0-15.0-3.0","4645.5","","click","","","","","attention-check","","","F3","fascinated"
"html-keyboard-response","388","1036346","0.0-17.0-0.0","null","<span style=""font-size:40px;"">+</span>","null","","","","","","","","",""
"html-keyboard-response","389","1040734","0.0-17.0-1.0","","","","","","","","","","","",""
"image-keyboard-response","390","1041244","0.0-17.0-2.0","null","stimuli/noise_texture.png","null","","","","","","","","",""
"custom-labels-response","391","1043804","0.0-17.0-3.0","2558.3999996185303","","baffled","","","","","tom-labels","","","M4","baffled"
"html-keyboard-response","392","1044820","0.0-17.0-0.1","null","<span style=""font-size:40px;"">+</span>","null","","","","","","","","",""
"html-keyboard-response","393","1049062","0.0-17.0-1.1","","","","","","","","","","","",""
"image-keyboard-response","394","1049573","0.0-17.0-2.1","null","stimuli/noise_texture.png","null","","","","","","","","",""
"custom-labels-response","395","1052771","0.0-17.0-3.1","3196.800000190735","","friendly","","","","","tom-labels","","","F5","anticipating"
"html-keyboard-response","396","1053788","0.0-17.0-0.2","null","<span style=""font-size:40px;"">+</span>","null","","","","","","","","",""
"html-keyboard-response","397","1058165","0.0-17.0-1.2","","","","","","","","","","","",""
"image-keyboard-response","398","1058676","0.0-17.0-2.2","null","stimuli/noise_texture.png","null","","","","","","","","",""
"custom-labels-response","399","1060921","0.0-17.0-3.2","2243.5999994277954","","flirtatious","","","","","tom-labels","","","M2","flirtatious"
"html-keyboard-response","400","1061927","0.0-17.0-0.3","null","<span style=""font-size:40px;"">+</span>","null","","","","","","","","",""
"html-keyboard-response","401","1066144","0.0-17.0-1.3","","","","","","","","","","","",""
"image-keyboard-response","402","1066648","0.0-17.0-2.3","null","stimuli/noise_texture.png","null","","","","","","","","",""
"custom-labels-response","403","1076238","0.0-17.0-3.3","9588.5","","disappointed","","","","","tom-labels","","","F4","impatient"
"html-keyboard-response","404","1077246","0.0-17.0-0.4","null","<span style=""font-size:40px;"">+</span>","null","","","","","","","","",""
"html-keyboard-response","405","1081288","0.0-17.0-1.4","","","","","","","","","","","",""
"image-keyboard-response","406","1081789","0.0-17.0-2.4","null","stimuli/noise_texture.png","null","","","","","","","","",""
"custom-labels-response","407","1084330","0.0-17.0-3.4","2539","","distrustful","","","","","tom-labels","","","F3","distrustful"
"html-keyboard-response","408","1085335","0.0-17.0-0.5","null","<span style=""font-size:40px;"">+</span>","null","","","","","","","","",""
"html-keyboard-response","409","1089668","0.0-17.0-1.5","","","","","","","","","","","",""
"image-keyboard-response","410","1090183","0.0-17.0-2.5","null","stimuli/noise_texture.png","null","","","","","","","","",""
"custom-labels-response","411","1092416","0.0-17.0-3.5","2231.5","","assertive","","","","","tom-labels","","","F4","assertive"
"html-keyboard-response","412","1093421","0.0-17.0-0.6","null","<span style=""font-size:40px;"">+</span>","null","","","","","","","","",""
"html-keyboard-response","413","1099407","0.0-17.0-1.6","","","","","","","","","","","",""
"image-keyboard-response","414","1099915","0.0-17.0-2.6","null","stimuli/noise_texture.png","null","","","","","","","","",""
"custom-labels-response","415","1103217","0.0-17.0-3.6","3300.800000190735","","anxious","","","","","tom-labels","","","M6","despondent"
"html-keyboard-response","416","1104223","0.0-17.0-0.7","null","<span style=""font-size:40px;"">+</span>","null","","","","","","","","",""
"html-keyboard-response","417","1108407","0.0-17.0-1.7","","","","","","","","","","","",""
"image-keyboard-response","418","1108910","0.0-17.0-2.7","null","stimuli/noise_texture.png","null","","","","","","","","",""
"custom-labels-response","419","1111367","0.0-17.0-3.7","2455.9000005722046","","contented","","","","","tom-labels","","","F7","contented"
"html-keyboard-response","420","1112378","0.0-17.0-0.8","null","<span style=""font-size:40px;"">+</span>","null","","","","","","","","",""
"html-keyboard-response","421","1116556","0.0-17.0-1.8","","","","","","","","","","","",""
"image-keyboard-response","422","1117062","0.0-17.0-2.8","null","stimuli/noise_texture.png","null","","","","","","","","",""
"custom-labels-response","423","1121501","0.0-17.0-3.8","4437.199999809265","","skeptical","","","","","tom-labels","","","F5","skeptical"
"html-keyboard-response","424","1122505","0.0-17.0-0.9","null","<span style=""font-size:40px;"">+</span>","null","","","","","","","","",""
"html-keyboard-response","425","1131973","0.0-17.0-1.9","","","","","","","","","","","",""
"image-keyboard-response","426","1132478","0.0-17.0-2.9","null","stimuli/noise_texture.png","null","","","","","","","","",""
"custom-labels-response","427","1135571","0.0-17.0-3.9","3091","","satisfied","","","","","tom-labels","","","F4","satisfied"
"html-keyboard-response","428","1136576","0.0-17.0-0.10","null","<span style=""font-size:40px;"">+</span>","null","","","","","","","","",""
"html-keyboard-response","429","1141077","0.0-17.0-1.10","","","","","","","","","","","",""
"image-keyboard-response","430","1141586","0.0-17.0-2.10","null","stimuli/noise_texture.png","null","","","","","","","","",""
"custom-labels-response","431","1147654","0.0-17.0-3.10","6066.39999961853","","dubious","","","","","tom-labels","","","M2","insulting"
"html-keyboard-response","432","1148659","0.0-17.0-0.11","null","<span style=""font-size:40px;"">+</span>","null","","","","","","","","",""
"html-keyboard-response","433","1152684","0.0-17.0-1.11","","","","","","","","","","","",""
"image-keyboard-response","434","1153190","0.0-17.0-2.11","null","stimuli/noise_texture.png","null","","","","","","","","",""
"custom-labels-response","435","1155954","0.0-17.0-3.11","2763.5","","doubtful","","","","","tom-labels","","","F3","doubtful"
"html-keyboard-response","436","1156969","0.0-17.0-0.12","null","<span style=""font-size:40px;"">+</span>","null","","","","","","","","",""
"html-keyboard-response","437","1162929","0.0-17.0-1.12","","","","","","","","","","","",""
"image-keyboard-response","438","1163438","0.0-17.0-2.12","null","stimuli/noise_texture.png","null","","","","","","","","",""
"custom-labels-response","439","1166273","0.0-17.0-3.12","2832.800000190735","","affectionate","","","","","tom-labels","","","M4","affectionate"
"html-keyboard-response","440","1167285","0.0-17.0-0.13","null","<span style=""font-size:40px;"">+</span>","null","","","","","","","","",""
"html-keyboard-response","441","1171472","0.0-17.0-1.13","","","","","","","","","","","",""
"image-keyboard-response","442","1171976","0.0-17.0-2.13","null","stimuli/noise_texture.png","null","","","","","","","","",""
"custom-labels-response","443","1174019","0.0-17.0-3.13","2040.6999998092651","","panicked","","","","","tom-labels","","","F5","panicked"
"html-keyboard-response","444","1175025","0.0-17.0-0.14","null","<span style=""font-size:40px;"">+</span>","null","","","","","","","","",""
"html-keyboard-response","445","1179006","0.0-17.0-1.14","","","","","","","","","","","",""
"image-keyboard-response","446","1179510","0.0-17.0-2.14","null","stimuli/noise_texture.png","null","","","","","","","","",""
"custom-labels-response","447","1184819","0.0-17.0-3.14","5307.5","","despondent","","","","","tom-labels","","","F2","despondent"
"html-keyboard-response","448","1185837","0.0-17.0-0.15","null","<span style=""font-size:40px;"">+</span>","null","","","","","","","","",""
"html-keyboard-response","449","1189889","0.0-17.0-1.15","","","","","","","","","","","",""
"image-keyboard-response","450","1190407","0.0-17.0-2.15","null","stimuli/noise_texture.png","null","","","","","","","","",""
"custom-labels-response","451","1193772","0.0-17.0-3.15","3363.800000190735","","horrified","","","","","tom-labels","","","M1","horrified"
"html-keyboard-response","452","1194785","0.0-17.0-0.16","null","<span style=""font-size:40px;"">+</span>","null","","","","","","","","",""
"html-keyboard-response","453","1199035","0.0-17.0-1.16","","","","","","","","","","","",""
"image-keyboard-response","454","1199541","0.0-17.0-2.16","null","stimuli/noise_texture.png","null","","","","","","","","",""
"custom-labels-response","455","1203032","0.0-17.0-3.16","3489.5","","grateful","","","","","tom-labels","","","M3","grateful"
"html-keyboard-response","456","1204044","0.0-17.0-0.17","null","<span style=""font-size:40px;"">+</span>","null","","","","","","","","",""
"html-keyboard-response","457","1208267","0.0-17.0-1.17","","","","","","","","","","","",""
"image-keyboard-response","458","1208783","0.0-17.0-2.17","null","stimuli/noise_texture.png","null","","","","","","","","",""
"custom-labels-response","459","1211072","0.0-17.0-3.17","2287.3999996185303","","convinced","","","","","tom-labels","","","F4","imploring"
"html-keyboard-response","460","1212075","0.0-17.0-0.18","null","<span style=""font-size:40px;"">+</span>","null","","","","","","","","",""
"html-keyboard-response","461","1216211","0.0-17.0-1.18","","","","","","","","","","","",""
"image-keyboard-response","462","1216717","0.0-17.0-2.18","null","stimuli/noise_texture.png","null","","","","","","","","",""
"custom-labels-response","463","1220971","0.0-17.0-3.18","4251.800000190735","","satisfied","","","","","tom-labels","","","F5","joking"
"html-keyboard-response","464","1221977","0.0-17.0-0.19","null","<span style=""font-size:40px;"">+</span>","null","","","","","","","","",""
"html-keyboard-response","465","1226269","0.0-17.0-1.19","","","","","","","","","","","",""
"image-keyboard-response","466","1226786","0.0-17.0-2.19","null","stimuli/noise_texture.png","null","","","","","","","","",""
"custom-labels-response","467","1229655","0.0-17.0-3.19","2868.2999992370605","","nervous","","","","","tom-labels","","","M2","nervous"
"html-keyboard-response","468","1230667","0.0-17.0-0.20","null","<span style=""font-size:40px;"">+</span>","null","","","","","","","","",""
"html-keyboard-response","469","1235044","0.0-17.0-1.20","","","","","","","","","","","",""
"image-keyboard-response","470","1235553","0.0-17.0-2.20","null","stimuli/noise_texture.png","null","","","","","","","","",""
"custom-labels-response","471","1238534","0.0-17.0-3.20","2980.2999992370605","","convinced","","","","","tom-labels","","","F4","convinced"
"html-keyboard-response","472","1239545","0.0-17.0-0.21","null","<span style=""font-size:40px;"">+</span>","null","","","","","","","","",""
"html-keyboard-response","473","1243688","0.0-17.0-1.21","","","","","","","","","","","",""
"image-keyboard-response","474","1244201","0.0-17.0-2.21","null","stimuli/noise_texture.png","null","","","","","","","","",""
"custom-labels-response","475","1248388","0.0-17.0-3.21","4185.60000038147","","upset","","","","","tom-labels","","","F2","baffled"
"html-keyboard-response","476","1249395","0.0-17.0-0.22","null","<span style=""font-size:40px;"">+</span>","null","","","","","","","","",""
"html-keyboard-response","477","1253509","0.0-17.0-1.22","","","","","","","","","","","",""
"image-keyboard-response","478","1254019","0.0-17.0-2.22","null","stimuli/noise_texture.png","null","","","","","","","","",""
"custom-labels-response","479","1261005","0.0-17.0-3.22","6984.199999809265","","aghast","","","","","tom-labels","","","F7","aghast"
"html-keyboard-response","480","1262021","0.0-17.0-0.23","null","<span style=""font-size:40px;"">+</span>","null","","","","","","","","",""
"html-keyboard-response","481","1266577","0.0-17.0-1.23","","","","","","","","","","","",""
"image-keyboard-response","482","1267085","0.0-17.0-2.23","null","stimuli/noise_texture.png","null","","","","","","","","",""
"custom-labels-response","483","1270733","0.0-17.0-3.23","3646.699999809265","","comforting","","","","","tom-labels","","","M5","comforting"
"html-keyboard-response","484","1271744","0.0-17.0-0.24","null","<span style=""font-size:40px;"">+</span>","null","","","","","","","","",""
"html-keyboard-response","485","1275949","0.0-17.0-1.24","","","","","","","","","","","",""
"image-keyboard-response","486","1276460","0.0-17.0-2.24","null","stimuli/noise_texture.png","null","","","","","","","","",""
"custom-labels-response","487","1279538","0.0-17.0-3.24","3077.5","","baffled","","","","","tom-labels","","","F4","indifferent"
"html-keyboard-response","488","1280554","0.0-17.0-0.25","null","<span style=""font-size:40px;"">+</span>","null","","","","","","","","",""
"html-keyboard-response","489","1284721","0.0-17.0-1.25","","","","","","","","","","","",""
"image-keyboard-response","490","1285233","0.0-17.0-2.25","null","stimuli/noise_texture.png","null","","","","","","","","",""
"custom-labels-response","491","1287650","0.0-17.0-3.25","2415","","friendly","","","","","tom-labels","","","F8","friendly"
"html-keyboard-response","492","1288658","0.0-17.0-0.26","null","<span style=""font-size:40px;"">+</span>","null","","","","","","","","",""
"html-keyboard-response","493","1292706","0.0-17.0-1.26","","","","","","","","","","","",""
"image-keyboard-response","494","1293213","0.0-17.0-2.26","null","stimuli/noise_texture.png","null","","","","","","","","",""
"custom-labels-response","495","1297746","0.0-17.0-3.26","4531.900000572205","","jealous","","","","","tom-labels","","","M3","jealous"
"html-keyboard-response","496","1298758","0.0-17.0-0.27","null","<span style=""font-size:40px;"">+</span>","null","","","","","","","","",""
"html-keyboard-response","497","1302821","0.0-17.0-1.27","","","","","","","","","","","",""
"image-keyboard-response","498","1303324","0.0-17.0-2.27","null","stimuli/noise_texture.png","null","","","","","","","","",""
"custom-labels-response","499","1306139","0.0-17.0-3.27","2813","","aghast","","","","","tom-labels","","","M3","aghast"
"html-keyboard-response","500","1307147","0.0-17.0-0.28","null","<span style=""font-size:40px;"">+</span>","null","","","","","","","","",""
"html-keyboard-response","501","1311533","0.0-17.0-1.28","","","","","","","","","","","",""
"image-keyboard-response","502","1312039","0.0-17.0-2.28","null","stimuli/noise_texture.png","null","","","","","","","","",""
"custom-labels-response","503","1314281","0.0-17.0-3.28","2240.300000190735","","indifferent","","","","","tom-labels","","","F8","cautious"
"html-keyboard-response","504","1315285","0.0-17.0-0.29","null","<span style=""font-size:40px;"">+</span>","null","","","","","","","","",""
"html-keyboard-response","505","1319488","0.0-17.0-1.29","","","","","","","","","","","",""
"image-keyboard-response","506","1319994","0.0-17.0-2.29","null","stimuli/noise_texture.png","null","","","","","","","","",""
"custom-labels-response","507","1342685","0.0-17.0-3.29","22689.699999809265","","suspicious","","","","","tom-labels","","","M5","suspicious"
"html-keyboard-response","508","1343688","0.0-17.0-0.30","null","<span style=""font-size:40px;"">+</span>","null","","","","","","","","",""
"html-keyboard-response","509","1348129","0.0-17.0-1.30","","","","","","","","","","","",""
"image-keyboard-response","510","1348635","0.0-17.0-2.30","null","stimuli/noise_texture.png","null","","","","","","","","",""
"custom-labels-response","511","1353514","0.0-17.0-3.30","4877.800000190735","","dubious","","","","","tom-labels","","","F4","dubious"
"html-keyboard-response","512","1354531","0.0-17.0-0.31","null","<span style=""font-size:40px;"">+</span>","null","","","","","","","","",""
"html-keyboard-response","513","1359312","0.0-17.0-1.31","","","","","","","","","","","",""
"image-keyboard-response","514","1359820","0.0-17.0-2.31","null","stimuli/noise_texture.png","null","","","","","","","","",""
"custom-labels-response","515","1364322","0.0-17.0-3.31","4501.200000762939","","puzzled","","","","","tom-labels","","","M6","puzzled"
"html-button-response","516","1374416","0.0-18.0","10091.89999961853","You have completed the second part of the experiment.<br> Please take a five-minute break before moving on to the next trial.<p> Feel free to walk around the room and stretch. However, please make sure to return to the task<br> within 5 minutes, as extended delays may result in automatic withdrawal from the study.<br>Press <b>Continue</b> to proceed with the experiment.<p><span id=""clock"">5:00</span>","0","","","","","","","","",""
"instructions","517","1382838","0.0-19.0","8420.89999961853","","","","","","","","","[{""page_index"":0,""viewing_time"":1568.3999996185303},{""page_index"":1,""viewing_time"":4617.300000190735},{""page_index"":2,""viewing_time"":2234.8999996185303}]","",""
"html-keyboard-response","518","1383854","0.0-20.0-0.0","null","<span style=""font-size:40px;"">+</span>","null","","","","","","","","",""
"html-keyboard-response","519","1387917","0.0-20.0-1.0","","","","","","","","","","","",""
"image-keyboard-response","520","1388434","0.0-20.0-2.0","null","stimuli/noise_texture.png","null","","","","","","","","",""
"custom-labels-response","521","1391612","0.0-20.0-3.0","3176.8999996185303","","dispirited","","","","","tom-labels","","","M1","dispirited"
"html-keyboard-response","522","1392616","0.0-20.0-0.1","null","<span style=""font-size:40px;"">+</span>","null","","","","","","","","",""
"html-keyboard-response","523","1396956","0.0-20.0-1.1","","","","","","","","","","","",""
"image-keyboard-response","524","1397467","0.0-20.0-2.1","null","stimuli/noise_texture.png","null","","","","","","","","",""
"custom-labels-response","525","1399852","0.0-20.0-3.1","2383.699999809265","","contented","","","","","tom-labels","","","F6","flirtatious"
"html-keyboard-response","526","1400860","0.0-20.0-0.2","null","<span style=""font-size:40px;"">+</span>","null","","","","","","","","",""
"html-keyboard-response","527","1405075","0.0-20.0-1.2","","","","","","","","","","","",""
"image-keyboard-response","528","1405581","0.0-20.0-2.2","null","stimuli/noise_texture.png","null","","","","","","","","",""
"custom-labels-response","529","1408673","0.0-20.0-3.2","3090.4000005722046","","upset","","","","","tom-labels","","","F6","hostile"
"html-keyboard-response","530","1409687","0.0-20.0-0.3","null","<span style=""font-size:40px;"">+</span>","null","","","","","","","","",""
"html-keyboard-response","531","1413944","0.0-20.0-1.3","","","","","","","","","","","",""
"image-keyboard-response","532","1414449","0.0-20.0-2.3","null","stimuli/noise_texture.png","null","","","","","","","","",""
"custom-labels-response","533","1417841","0.0-20.0-3.3","3388.800000190735","","defiant","","","","","tom-labels","","","M2","defiant"
"html-keyboard-response","534","1418847","0.0-20.0-0.4","null","<span style=""font-size:40px;"">+</span>","null","","","","","","","","",""
"html-keyboard-response","535","1423197","0.0-20.0-1.4","","","","","","","","","","","",""
"image-keyboard-response","536","1423714","0.0-20.0-2.4","null","stimuli/noise_texture.png","null","","","","","","","","",""
"custom-labels-response","537","1427598","0.0-20.0-3.4","3881.6000003814697","","eager","","","","","tom-labels","","","M5","eager"
"html-keyboard-response","538","1428612","0.0-20.0-0.5","null","<span style=""font-size:40px;"">+</span>","null","","","","","","","","",""
"html-keyboard-response","539","1432811","0.0-20.0-1.5","","","","","","","","","","","",""
"image-keyboard-response","540","1433324","0.0-20.0-2.5","null","stimuli/noise_texture.png","null","","","","","","","","",""
"custom-labels-response","541","1437169","0.0-20.0-3.5","3842.699999809265","","tentative","","","","","tom-labels","","","F2","tentative"
"html-keyboard-response","542","1438186","0.0-20.0-0.6","null","<span style=""font-size:40px;"">+</span>","null","","","","","","","","",""
"html-keyboard-response","543","1442330","0.0-20.0-1.6","","","","","","","","","","","",""
"image-keyboard-response","544","1442840","0.0-20.0-2.6","null","stimuli/noise_texture.png","null","","","","","","","","",""
"custom-labels-response","545","1449323","0.0-20.0-3.6","6481.300000190735","","disappointed","","","","","tom-labels","","","F5","serious"
"html-keyboard-response","546","1450340","0.0-20.0-0.7","null","<span style=""font-size:40px;"">+</span>","null","","","","","","","","",""
"html-keyboard-response","547","1454639","0.0-20.0-1.7","","","","","","","","","","","",""
"image-keyboard-response","548","1455150","0.0-20.0-2.7","null","stimuli/noise_texture.png","null","","","","","","","","",""
"custom-labels-response","549","1460106","0.0-20.0-3.7","4954.400000572205","","reflective","","","","","tom-labels","","","F7","embarrassed"
"html-keyboard-response","550","1461108","0.0-20.0-0.8","null","<span style=""font-size:40px;"">+</span>","null","","","","","","","","",""
"html-keyboard-response","551","1465792","0.0-20.0-1.8","","","","","","","","","","","",""
"image-keyboard-response","552","1466302","0.0-20.0-2.8","null","stimuli/noise_texture.png","null","","","","","","","","",""
"custom-labels-response","553","1469084","0.0-20.0-3.8","2780.9000005722046","","desire","","","","","tom-labels","","","F8","desire"
"html-keyboard-response","554","1470094","0.0-20.0-0.9","null","<span style=""font-size:40px;"">+</span>","null","","","","","","","","",""
"html-keyboard-response","555","1474208","0.0-20.0-1.9","","","","","","","","","","","",""
"image-keyboard-response","556","1474718","0.0-20.0-2.9","null","stimuli/noise_texture.png","null","","","","","","","","",""
"custom-labels-response","557","1482637","0.0-20.0-3.9","7917.699999809265","","enthused","","","","","tom-labels","","","M4","skeptical"
"html-keyboard-response","558","1483640","0.0-20.0-0.10","null","<span style=""font-size:40px;"">+</span>","null","","","","","","","","",""
"html-keyboard-response","559","1487172","0.0-20.0-1.10","","","","","","","","","","","",""
"image-keyboard-response","560","1487674","0.0-20.0-2.10","null","stimuli/noise_texture.png","null","","","","","","","","",""
"custom-labels-response","561","1491306","0.0-20.0-3.10","3630","","disappointed","","","","","tom-labels","","","M1","disappointed"
"html-keyboard-response","562","1492316","0.0-20.0-0.11","null","<span style=""font-size:40px;"">+</span>","null","","","","","","","","",""
"html-keyboard-response","563","1496661","0.0-20.0-1.11","","","","","","","","","","","",""
"image-keyboard-response","564","1497175","0.0-20.0-2.11","null","stimuli/noise_texture.png","null","","","","","","","","",""
"custom-labels-response","565","1500606","0.0-20.0-3.11","3428.8999996185303","","reflective","","","","","tom-labels","","","F2","reflective"
"html-keyboard-response","566","1501612","0.0-20.0-0.12","null","<span style=""font-size:40px;"">+</span>","null","","","","","","","","",""
"html-keyboard-response","567","1505824","0.0-20.0-1.12","","","","","","","","","","","",""
"image-keyboard-response","568","1506333","0.0-20.0-2.12","null","stimuli/noise_texture.png","null","","","","","","","","",""
"custom-labels-response","569","1509589","0.0-20.0-3.12","3254.5999994277954","","curious","","","","","tom-labels","","","M2","thoughtful"
"html-keyboard-response","570","1510605","0.0-20.0-0.13","null","<span style=""font-size:40px;"">+</span>","null","","","","","","","","",""
"html-keyboard-response","571","1514707","0.0-20.0-1.13","","","","","","","","","","","",""
"image-keyboard-response","572","1515212","0.0-20.0-2.13","null","stimuli/noise_texture.png","null","","","","","","","","",""
"custom-labels-response","573","1518172","0.0-20.0-3.13","2958.800000190735","","hopeful","","","","","tom-labels","","","F2","hopeful"
"html-keyboard-response","574","1519184","0.0-20.0-0.14","null","<span style=""font-size:40px;"">+</span>","null","","","","","","","","",""
"html-keyboard-response","575","1523341","0.0-20.0-1.14","","","","","","","","","","","",""
"image-keyboard-response","576","1523852","0.0-20.0-2.14","null","stimuli/noise_texture.png","null","","","","","","","","",""
"custom-labels-response","577","1527108","0.0-20.0-3.14","3254.1000003814697","","dubious","","","","","tom-labels","","","F5","perplexed"
"html-keyboard-response","578","1528118","0.0-20.0-0.15","null","<span style=""font-size:40px;"">+</span>","null","","","","","","","","",""
"html-keyboard-response","579","1532106","0.0-20.0-1.15","","","","","","","","","","","",""
"image-keyboard-response","580","1532611","0.0-20.0-2.15","null","stimuli/noise_texture.png","null","","","","","","","","",""
"custom-labels-response","581","1541501","0.0-20.0-3.15","8888.699999809265","","convinced","","","","","tom-labels","","","M1","sarcastic"
"html-keyboard-response","582","1542509","0.0-20.0-0.16","null","<span style=""font-size:40px;"">+</span>","null","","","","","","","","",""
"html-keyboard-response","583","1546802","0.0-20.0-1.16","","","","","","","","","","","",""
"image-keyboard-response","584","1547305","0.0-20.0-2.16","null","stimuli/noise_texture.png","null","","","","","","","","",""
"custom-labels-response","585","1555241","0.0-20.0-3.16","7934.699999809265","","contemplative","","","","","tom-labels","","","M4","contemplative"
"html-keyboard-response","586","1556246","0.0-20.0-0.17","null","<span style=""font-size:40px;"">+</span>","null","","","","","","","","",""
"html-keyboard-response","587","1560254","0.0-20.0-1.17","","","","","","","","","","","",""
"image-keyboard-response","588","1560772","0.0-20.0-2.17","null","stimuli/noise_texture.png","null","","","","","","","","",""
"custom-labels-response","589","1568948","0.0-20.0-3.17","8175.199999809265","","entertained","","","","","tom-labels","","","F3","entertained"
"html-keyboard-response","590","1569964","0.0-20.0-0.18","null","<span style=""font-size:40px;"">+</span>","null","","","","","","","","",""
"html-keyboard-response","591","1573954","0.0-20.0-1.18","","","","","","","","","","","",""
"image-keyboard-response","592","1574468","0.0-20.0-2.18","null","stimuli/noise_texture.png","null","","","","","","","","",""
"custom-labels-response","593","1578156","0.0-20.0-3.18","3685.800000190735","","dominant","","","","","tom-labels","","","M1","dominant"
"html-keyboard-response","594","1579165","0.0-20.0-0.19","null","<span style=""font-size:40px;"">+</span>","null","","","","","","","","",""
"html-keyboard-response","595","1587028","0.0-20.0-1.19","","","","","","","","","","","",""
"image-keyboard-response","596","1587536","0.0-20.0-2.19","null","stimuli/noise_texture.png","null","","","","","","","","",""
"custom-labels-response","597","1592531","0.0-20.0-3.19","4993.10000038147","","accusing","","","","","tom-labels","","","F6","accusing"
"html-keyboard-response","598","1593535","0.0-20.0-0.20","null","<span style=""font-size:40px;"">+</span>","null","","","","","","","","",""
"html-keyboard-response","599","1597550","0.0-20.0-1.20","","","","","","","","","","","",""
"image-keyboard-response","600","1598060","0.0-20.0-2.20","null","stimuli/noise_texture.png","null","","","","","","","","",""
"custom-labels-response","601","1604514","0.0-20.0-3.20","6454.10000038147","","indecisive","","","","","tom-labels","","","F3","indecisive"
"html-keyboard-response","602","1605519","0.0-20.0-0.21","null","<span style=""font-size:40px;"">+</span>","null","","","","","","","","",""
"html-keyboard-response","603","1609539","0.0-20.0-1.21","","","","","","","","","","","",""
"image-keyboard-response","604","1610056","0.0-20.0-2.21","null","stimuli/noise_texture.png","null","","","","","","","","",""
"custom-labels-response","605","1613804","0.0-20.0-3.21","3745.5999994277954","","fearful","","","","","tom-labels","","","F3","fearful"
"html-keyboard-response","606","1614818","0.0-20.0-0.22","null","<span style=""font-size:40px;"">+</span>","null","","","","","","","","",""
"html-keyboard-response","607","1619163","0.0-20.0-1.22","","","","","","","","","","","",""
"image-keyboard-response","608","1619672","0.0-20.0-2.22","null","stimuli/noise_texture.png","null","","","","","","","","",""
"custom-labels-response","609","1625105","0.0-20.0-3.22","5431.400000572205","","confused","","","","","tom-labels","","","F4","stern"
"html-keyboard-response","610","1626122","0.0-20.0-0.23","null","<span style=""font-size:40px;"">+</span>","null","","","","","","","","",""
"html-keyboard-response","611","1630411","0.0-20.0-1.23","","","","","","","","","","","",""
"image-keyboard-response","612","1630917","0.0-20.0-2.23","null","stimuli/noise_texture.png","null","","","","","","","","",""
"custom-labels-response","613","1634217","0.0-20.0-3.23","3298.5999994277954","","puzzled","","","","","tom-labels","","","F4","irritated"
"html-keyboard-response","614","1635219","0.0-20.0-0.24","null","<span style=""font-size:40px;"">+</span>","null","","","","","","","","",""
"html-keyboard-response","615","1639357","0.0-20.0-1.24","","","","","","","","","","","",""
"image-keyboard-response","616","1639864","0.0-20.0-2.24","null","stimuli/noise_texture.png","null","","","","","","","","",""
"custom-labels-response","617","1645087","0.0-20.0-3.24","5221","","reassuring","","","","","tom-labels","","","M4","fantasizing"
"html-keyboard-response","618","1646092","0.0-20.0-0.25","null","<span style=""font-size:40px;"">+</span>","null","","","","","","","","",""
"html-keyboard-response","619","1650171","0.0-20.0-1.25","","","","","","","","","","","",""
"image-keyboard-response","620","1650684","0.0-20.0-2.25","null","stimuli/noise_texture.png","null","","","","","","","","",""
"custom-labels-response","621","1653067","0.0-20.0-3.25","2380.800000190735","","contemplative","","","","","tom-labels","","","F4","dominant"
"html-keyboard-response","622","1654075","0.0-20.0-0.26","null","<span style=""font-size:40px;"">+</span>","null","","","","","","","","",""
"html-keyboard-response","623","1658183","0.0-20.0-1.26","","","","","","","","","","","",""
"image-keyboard-response","624","1658691","0.0-20.0-2.26","null","stimuli/noise_texture.png","null","","","","","","","","",""
"custom-labels-response","625","1662056","0.0-20.0-3.26","3363.5999994277954","","upset","","","","","tom-labels","","","M1","upset"
"html-keyboard-response","626","1663059","0.0-20.0-0.27","null","<span style=""font-size:40px;"">+</span>","null","","","","","","","","",""
"html-keyboard-response","627","1667469","0.0-20.0-1.27","","","","","","","","","","","",""
"image-keyboard-response","628","1667982","0.0-20.0-2.27","null","stimuli/noise_texture.png","null","","","","","","","","",""
"custom-labels-response","629","1672372","0.0-20.0-3.27","4388.39999961853","","regretful","","","","","tom-labels","","","M2","regretful"
"html-keyboard-response","630","1673390","0.0-20.0-0.28","null","<span style=""font-size:40px;"">+</span>","null","","","","","","","","",""
"html-keyboard-response","631","1677495","0.0-20.0-1.28","","","","","","","","","","","",""
"image-keyboard-response","632","1678006","0.0-20.0-2.28","null","stimuli/noise_texture.png","null","","","","","","","","",""
"custom-labels-response","633","1682480","0.0-20.0-3.28","4472.799999237061","","doubtful","","","","","tom-labels","","","M2","doubtful"
"html-keyboard-response","634","1683495","0.0-20.0-0.29","null","<span style=""font-size:40px;"">+</span>","null","","","","","","","","",""
"html-keyboard-response","635","1687712","0.0-20.0-1.29","","","","","","","","","","","",""
"image-keyboard-response","636","1688220","0.0-20.0-2.29","null","stimuli/noise_texture.png","null","","","","","","","","",""
"custom-labels-response","637","1691117","0.0-20.0-3.29","2894.8999996185303","","comforting","","","","","tom-labels","","","F6","comforting"
"html-keyboard-response","638","1692123","0.0-21.0-0.0","null","<span style=""font-size:40px;"">+</span>","null","","","","","","","","",""
"html-keyboard-response","639","1696290","0.0-21.0-1.0","","","","","","","","","","","",""
"image-keyboard-response","640","1696801","0.0-21.0-2.0","null","stimuli/noise_texture.png","null","","","","","","","","",""
"custom-labels-response","641","1701116","0.0-21.0-3.0","4313.5","","click","","","","","attention-check","","","M5","friendly"
"html-keyboard-response","642","1702121","0.0-23.0-0.0","null","<span style=""font-size:40px;"">+</span>","null","","","","","","","","",""
"html-keyboard-response","643","1706242","0.0-23.0-1.0","","","","","","","","","","","",""
"image-keyboard-response","644","1706744","0.0-23.0-2.0","null","stimuli/noise_texture.png","null","","","","","","","","",""
"custom-labels-response","645","1709288","0.0-23.0-3.0","2542.3999996185303","","relaxed","","","","","tom-labels","","","F2","relaxed"
"html-keyboard-response","646","1710299","0.0-23.0-0.1","null","<span style=""font-size:40px;"">+</span>","null","","","","","","","","",""
"html-keyboard-response","647","1714644","0.0-23.0-1.1","","","","","","","","","","","",""
"image-keyboard-response","648","1715155","0.0-23.0-2.1","null","stimuli/noise_texture.png","null","","","","","","","","",""
"custom-labels-response","649","1719206","0.0-23.0-3.1","4049.5999994277954","","eager","","","","","tom-labels","","","M6","indecisive"
"html-keyboard-response","650","1720210","0.0-23.0-0.2","null","<span style=""font-size:40px;"">+</span>","null","","","","","","","","",""
"html-keyboard-response","651","1724291","0.0-23.0-1.2","","","","","","","","","","","",""
"image-keyboard-response","652","1724808","0.0-23.0-2.2","null","stimuli/noise_texture.png","null","","","","","","","","",""
"custom-labels-response","653","1730323","0.0-23.0-3.2","5512.599999427795","","arrogant","","","","","tom-labels","","","M1","arrogant"
"html-keyboard-response","654","1731335","0.0-23.0-0.3","null","<span style=""font-size:40px;"">+</span>","null","","","","","","","","",""
"html-keyboard-response","655","1735851","0.0-23.0-1.3","","","","","","","","","","","",""
"image-keyboard-response","656","1736362","0.0-23.0-2.3","null","stimuli/noise_texture.png","null","","","","","","","","",""
"custom-labels-response","657","1739016","0.0-23.0-3.3","2652.8999996185303","","entertained","","","","","tom-labels","","","M2","entertained"
"html-keyboard-response","658","1740027","0.0-23.0-0.4","null","<span style=""font-size:40px;"">+</span>","null","","","","","","","","",""
"html-keyboard-response","659","1744055","0.0-23.0-1.4","","","","","","","","","","","",""
"image-keyboard-response","660","1744568","0.0-23.0-2.4","null","stimuli/noise_texture.png","null","","","","","","","","",""
"custom-labels-response","661","1747973","0.0-23.0-3.4","3402.800000190735","","bewildered","","","","","tom-labels","","","M1","pensive"
"html-keyboard-response","662","1748979","0.0-23.0-0.5","null","<span style=""font-size:40px;"">+</span>","null","","","","","","","","",""
"html-keyboard-response","663","1753265","0.0-23.0-1.5","","","","","","","","","","","",""
"image-keyboard-response","664","1753773","0.0-23.0-2.5","null","stimuli/noise_texture.png","null","","","","","","","","",""
"custom-labels-response","665","1757057","0.0-23.0-3.5","3281.5999994277954","","curious","","","","","tom-labels","","","F2","curious"
"html-keyboard-response","666","1758069","0.0-23.0-0.6","null","<span style=""font-size:40px;"">+</span>","null","","","","","","","","",""
"html-keyboard-response","667","1762243","0.0-23.0-1.6","","","","","","","","","","","",""
"image-keyboard-response","668","1762747","0.0-23.0-2.6","null","stimuli/noise_texture.png","null","","","","","","","","",""
"custom-labels-response","669","1766421","0.0-23.0-3.6","3673.1000003814697","","apologetic","","","","","tom-labels","","","F7","apologetic"
"html-keyboard-response","670","1767433","0.0-23.0-0.7","null","<span style=""font-size:40px;"">+</span>","null","","","","","","","","",""
"html-keyboard-response","671","1771650","0.0-23.0-1.7","","","","","","","","","","","",""
"image-keyboard-response","672","1772160","0.0-23.0-2.7","null","stimuli/noise_texture.png","null","","","","","","","","",""
"custom-labels-response","673","1776214","0.0-23.0-3.7","4052","","interested","","","","","tom-labels","","","F2","interested"
"html-keyboard-response","674","1777223","0.0-23.0-0.8","null","<span style=""font-size:40px;"">+</span>","null","","","","","","","","",""
"html-keyboard-response","675","1781339","0.0-23.0-1.8","","","","","","","","","","","",""
"image-keyboard-response","676","1781846","0.0-23.0-2.8","null","stimuli/noise_texture.png","null","","","","","","","","",""
"custom-labels-response","677","1786774","0.0-23.0-3.8","4926.400000572205","","panicked","","","","","tom-labels","","","M3","impatient"
"html-keyboard-response","678","1787783","0.0-23.0-0.9","null","<span style=""font-size:40px;"">+</span>","null","","","","","","","","",""
"html-keyboard-response","679","1792164","0.0-23.0-1.9","","","","","","","","","","","",""
"image-keyboard-response","680","1792668","0.0-23.0-2.9","null","stimuli/noise_texture.png","null","","","","","","","","",""
"custom-labels-response","681","1795984","0.0-23.0-3.9","3314.1000003814697","","assertive","","","","","tom-labels","","","F6","reassuring"
"html-keyboard-response","682","1796990","0.0-23.0-0.10","null","<span style=""font-size:40px;"">+</span>","null","","","","","","","","",""
"html-keyboard-response","683","1801159","0.0-23.0-1.10","","","","","","","","","","","",""
"image-keyboard-response","684","1801662","0.0-23.0-2.10","null","stimuli/noise_texture.png","null","","","","","","","","",""
"custom-labels-response","685","1805556","0.0-23.0-3.10","3891.8999996185303","","desire","","","","","tom-labels","","","M4","flustered"
"html-keyboard-response","686","1806558","0.0-23.0-0.11","null","<span style=""font-size:40px;"">+</span>","null","","","","","","","","",""
"html-keyboard-response","687","1810539","0.0-23.0-1.11","","","","","","","","","","","",""
"image-keyboard-response","688","1811057","0.0-23.0-2.11","null","stimuli/noise_texture.png","null","","","","","","","","",""
"custom-labels-response","689","1823452","0.0-23.0-3.11","12393.800000190735","","terrified","","","","","tom-labels","","","M3","offended"
"html-keyboard-response","690","1824469","0.0-23.0-0.12","null","<span style=""font-size:40px;"">+</span>","null","","","","","","","","",""
"html-keyboard-response","691","1828929","0.0-23.0-1.12","","","","","","","","","","","",""
"image-keyboard-response","692","1829435","0.0-23.0-2.12","null","stimuli/noise_texture.png","null","","","","","","","","",""
"custom-labels-response","693","1832056","0.0-23.0-3.12","2619","","encouraging","","","","","tom-labels","","","M2","encouraging"
"html-keyboard-response","694","1833072","0.0-23.0-0.13","null","<span style=""font-size:40px;"">+</span>","null","","","","","","","","",""
"html-keyboard-response","695","1837251","0.0-23.0-1.13","","","","","","","","","","","",""
"image-keyboard-response","696","1837759","0.0-23.0-2.13","null","stimuli/noise_texture.png","null","","","","","","","","",""
"custom-labels-response","697","1840790","0.0-23.0-3.13","3029.2000007629395","","confident","","","","","tom-labels","","","F2","confident"
"html-keyboard-response","698","1841797","0.0-23.0-0.14","null","<span style=""font-size:40px;"">+</span>","null","","","","","","","","",""
"html-keyboard-response","699","1846235","0.0-23.0-1.14","","","","","","","","","","","",""
"image-keyboard-response","700","1846742","0.0-23.0-2.14","null","stimuli/noise_texture.png","null","","","","","","","","",""
"custom-labels-response","701","1850357","0.0-23.0-3.14","3613.800000190735","","satisfied","","","","","tom-labels","","","M6","indifferent"
"html-keyboard-response","702","1851363","0.0-23.0-0.15","null","<span style=""font-size:40px;"">+</span>","null","","","","","","","","",""
"html-keyboard-response","703","1855857","0.0-23.0-1.15","","","","","","","","","","","",""
"image-keyboard-response","704","1856366","0.0-23.0-2.15","null","stimuli/noise_texture.png","null","","","","","","","","",""
"custom-labels-response","705","1860075","0.0-23.0-3.15","3707.5","","serious","","","","","tom-labels","","","M6","serious"
"html-keyboard-response","706","1861092","0.0-23.0-0.16","null","<span style=""font-size:40px;"">+</span>","null","","","","","","","","",""
"html-keyboard-response","707","1865333","0.0-23.0-1.16","","","","","","","","","","","",""
"image-keyboard-response","708","1865849","0.0-23.0-2.16","null","stimuli/noise_texture.png","null","","","","","","","","",""
"custom-labels-response","709","1871206","0.0-23.0-3.16","5355.900000572205","","preoccupied","","","","","tom-labels","","","M6","convinced"
"html-keyboard-response","710","1872221","0.0-23.0-0.17","null","<span style=""font-size:40px;"">+</span>","null","","","","","","","","",""
"html-keyboard-response","711","1876393","0.0-23.0-1.17","","","","","","","","","","","",""
"image-keyboard-response","712","1876896","0.0-23.0-2.17","null","stimuli/noise_texture.png","null","","","","","","","","",""
"custom-labels-response","713","1878955","0.0-23.0-3.17","2057.7000007629395","","doubtful","","","","","tom-labels","","","F7","dispirited"
"html-keyboard-response","714","1879960","0.0-23.0-0.18","null","<span style=""font-size:40px;"">+</span>","null","","","","","","","","",""
"html-keyboard-response","715","1884373","0.0-23.0-1.18","","","","","","","","","","","",""
"image-keyboard-response","716","1884875","0.0-23.0-2.18","null","stimuli/noise_texture.png","null","","","","","","","","",""
"custom-labels-response","717","1887924","0.0-23.0-3.18","3046.8999996185303","","curious","","","","","tom-labels","","","M6","curious"
"html-keyboard-response","718","1888931","0.0-23.0-0.19","null","<span style=""font-size:40px;"">+</span>","null","","","","","","","","",""
"html-keyboard-response","719","1892971","0.0-23.0-1.19","","","","","","","","","","","",""
"image-keyboard-response","720","1893476","0.0-23.0-2.19","null","stimuli/noise_texture.png","null","","","","","","","","",""
"custom-labels-response","721","1896947","0.0-23.0-3.19","3469.0999994277954","","depressed","","","","","tom-labels","","","F3","depressed"
"html-keyboard-response","722","1897953","0.0-23.0-0.20","null","<span style=""font-size:40px;"">+</span>","null","","","","","","","","",""
"html-keyboard-response","723","1902365","0.0-23.0-1.20","","","","","","","","","","","",""
"image-keyboard-response","724","1902878","0.0-23.0-2.20","null","stimuli/noise_texture.png","null","","","","","","","","",""
"custom-labels-response","725","1906809","0.0-23.0-3.20","3929.5999994277954","","panicked","","","","","tom-labels","","","M4","confused"
"html-keyboard-response","726","1907813","0.0-23.0-0.21","null","<span style=""font-size:40px;"">+</span>","null","","","","","","","","",""
"html-keyboard-response","727","1911918","0.0-23.0-1.21","","","","","","","","","","","",""
"image-keyboard-response","728","1912426","0.0-23.0-2.21","null","stimuli/noise_texture.png","null","","","","","","","","",""
"custom-labels-response","729","1916073","0.0-23.0-3.21","3645.9000005722046","","resentful","","","","","tom-labels","","","F3","offended"
"html-keyboard-response","730","1917089","0.0-23.0-0.22","null","<span style=""font-size:40px;"">+</span>","null","","","","","","","","",""
"html-keyboard-response","731","1921122","0.0-23.0-1.22","","","","","","","","","","","",""
"image-keyboard-response","732","1921632","0.0-23.0-2.22","null","stimuli/noise_texture.png","null","","","","","","","","",""
"custom-labels-response","733","1925690","0.0-23.0-3.22","4057.1000003814697","","upset","","","","","tom-labels","","","M3","hateful"
"html-keyboard-response","734","1926708","0.0-23.0-0.23","null","<span style=""font-size:40px;"">+</span>","null","","","","","","","","",""
"html-keyboard-response","735","1931346","0.0-23.0-1.23","","","","","","","","","","","",""
"image-keyboard-response","736","1931854","0.0-23.0-2.23","null","stimuli/noise_texture.png","null","","","","","","","","",""
"custom-labels-response","737","1935941","0.0-23.0-3.23","4084.5","","suspicious","","","","","tom-labels","","","M6","anticipating"
"html-keyboard-response","738","1936952","0.0-23.0-0.24","null","<span style=""font-size:40px;"">+</span>","null","","","","","","","","",""
"html-keyboard-response","739","1940993","0.0-23.0-1.24","","","","","","","","","","","",""
"image-keyboard-response","740","1941496","0.0-23.0-2.24","null","stimuli/noise_texture.png","null","","","","","","","","",""
"custom-labels-response","741","1945535","0.0-23.0-3.24","4037.300000190735","","resentful","","","","","tom-labels","","","M3","resentful"
"html-keyboard-response","742","1946539","0.0-23.0-0.25","null","<span style=""font-size:40px;"">+</span>","null","","","","","","","","",""
"html-keyboard-response","743","1950839","0.0-23.0-1.25","","","","","","","","","","","",""
"image-keyboard-response","744","1951353","0.0-23.0-2.25","null","stimuli/noise_texture.png","null","","","","","","","","",""
"custom-labels-response","745","1955856","0.0-23.0-3.25","4501.800000190735","","dubious","","","","","tom-labels","","","M6","annoyed"
"html-keyboard-response","746","1956863","0.0-23.0-0.26","null","<span style=""font-size:40px;"">+</span>","null","","","","","","","","",""
"html-keyboard-response","747","1961090","0.0-23.0-1.26","","","","","","","","","","","",""
"image-keyboard-response","748","1961593","0.0-23.0-2.26","null","stimuli/noise_texture.png","null","","","","","","","","",""
"custom-labels-response","749","1966473","0.0-23.0-3.26","4878.89999961853","","terrified","","","","","tom-labels","","","F6","terrified"
"html-keyboard-response","750","1967481","0.0-23.0-0.27","null","<span style=""font-size:40px;"">+</span>","null","","","","","","","","",""
"html-keyboard-response","751","1971641","0.0-23.0-1.27","","","","","","","","","","","",""
"image-keyboard-response","752","1972153","0.0-23.0-2.27","null","stimuli/noise_texture.png","null","","","","","","","","",""
"custom-labels-response","753","1976267","0.0-23.0-3.27","4112.300000190735","","concerned","","","","","tom-labels","","","M4","concerned"
"html-keyboard-response","754","1977274","0.0-23.0-0.28","null","<span style=""font-size:40px;"">+</span>","null","","","","","","","","",""
"html-keyboard-response","755","1981532","0.0-23.0-1.28","","","","","","","","","","","",""
"image-keyboard-response","756","1982034","0.0-23.0-2.28","null","stimuli/noise_texture.png","null","","","","","","","","",""
"custom-labels-response","757","1988074","0.0-23.0-3.28","6038.10000038147","","relieved","","","","","tom-labels","","","F6","relieved"
"html-keyboard-response","758","1989082","0.0-23.0-0.29","null","<span style=""font-size:40px;"">+</span>","null","","","","","","","","",""
"html-keyboard-response","759","1993458","0.0-23.0-1.29","","","","","","","","","","","",""
"image-keyboard-response","760","1993960","0.0-23.0-2.29","null","stimuli/noise_texture.png","null","","","","","","","","",""
"custom-labels-response","761","1996391","0.0-23.0-3.29","2429.3999996185303","","hopeful","","","","","tom-labels","","","M4","hopeful"
"html-button-response","762","2014770","0.0-24.0","18375.300000190735","<h3>Thank you for participating!</h1><p>You are done with the experiment. You will receive the full payment for your participation. Thank you for your time and contribution.</p><p>You will be automatically redirected to Prolific upon clicking <strong>Complete Experiment</strong>.</p><p>Please DO NOT close this tab until you have been redirected to Prolific. Please take note of your Prolific Completion Code before clicking <strong>Complete Experiment</strong>: <strong>C1HPV5RI</strong>.</p>","0","5f4ac049c374f51158b481ba","1760803402157","A","0","","","","",""
