"trial_type","trial_index","time_elapsed","internal_node_id","rt","stimulus","response","PID","START_TIME","EXP_AB","ATTENTION_FAILURES","trial","responses","view_history","actor","target_emotion"
"pavlovia","0","717","0.0-0.0","","","","","","","","","","","",""
"html-button-response","1","2094","0.0-1.0","1375.199999988079","<h1>Welcome to the Multiethnic Face Database Study!</h1>","0","6695278758244f9d6186746e","1760812812257","A","0","","","","",""
"html-button-response","2","4728","0.0-2.0","2632.300000011921","<div style=""text-align: left; margin: 50px 80px -60px 80px;""><p><span style='text-decoration: underline;'><strong>CONSENT FORM </strong></span></p><p><strong>McGill University </strong></p><p><strong>Title of Research:</strong> A Dual Process Theory of Theory of Mind</p><p><strong>Researchers:</strong><br>Ian Gold, Ph.D., Professor, McGill University<br />Elizaveta Solomonova, Ph.D., Researcher, McGill University <br />Fernanda Perez-Gay Juarez, M.D., Ph.D., Psychiatry Resident, McGill University<br />Sophie Serebryany, Undergraduate Student, McGill University <br />Ani Shahbazian, Undergraduate Student, Concordia University<br>Sophie Hoyer, Undergraduate Student, McGill University</p><p><strong>Contact Information:<br />Tel:</strong> 514-398-8939 (Dr. Ian Gold) <br /><strong>Email:</strong> neurophilosophylabmcgill@gmail.com (all researchers)</p><p><strong>Purpose of the research:</strong><br> This study aims to measure people's ability to understand what others are thinking and feeling across different contexts and modalities. Please read through the description of the research project, and take the opportunity to ask any questions that you have about the project.</p><p><strong>What is involved in participating:</strong><br>You will be asked to look at a series of videos of facial expressions and answer questions about them. The online study in its entirety will take around [insert time], divided into 3 blocks with two 5-minute breaks in between. You will be asked to respond by answering multiple choice questions about the video. You will only need a mouse and a keyboard to provide responses to the various tasks.</p><p><strong>Right to withdraw:</strong><br>Please note that your participation is voluntary, and you are free to withdraw at any time without any negative consequences. Once you consent to participate, you may proceed to complete the online tasks. At the end of the experiment, you will see the message 'This is the end of the study. Please click on the button 'Complete the Experiment' to save your data and obtain your payment code.' Once you click the button, your data will be automatically collected through Pavlovia. Since participants will be anonymized (identified only by an alphanumeric code assigned by Prolific), the data will not be able to be withdrawn anonymously once you have completed the experiment. If you wish to withdraw consent without data collection, do not click the button to end the experiment and just close your browser.</p><p><strong>Confidentiality:</strong><br>The study's data will be kept for 7 years, stored in a password-protected virtual drive under the jurisdiction of McGill University (Dr. Ian Gold McGill's OneDrive). Your responses will be kept strictly confidential and will be identified only by means of your Prolific ID and never with your name or other identifying information. Only members of Dr. Ian Gold's lab will have access to identifiable study materials. You will not be identified or identifiable in any report or reports that result from the research (peer reviewed publications, presentations at national and international conferences, etc).</p><p><strong>Compensation:</strong><br>You will be compensated with &pound;9 for the completion of the study which should take approximately 60 minutes. Please use the completion code given to you at the end of the study to retrieve your payment in your Prolific account. Please note that if you decide to withdraw before finishing a session, there will be no way to compensate you for the time you spent, given that your data will not be saved.</p><p><strong>Risks &amp; Benefits:</strong> The only associated risks associated with this study are screen fatigue. If you have questions or concerns regarding your rights or welfare as a participant in this research study, please contact the Manager, Research Ethics at 514-398-6831 or lynda.mcneil@mcgill.ca.</p><p><strong>Consent:</strong><br>Please click on the button below if you have read the above information and consent to participate in this study. Otherwise, you can just close this window and return to the experiment in Prolific. Agreeing to participate in this study does not waive any of your rights or release the researchers from their responsibilities. To ensure the study is being conducted properly, authorized individuals, such as a member of the Research Ethics Board, may have access to your information.</p></div>","0","","","","","false","","","",""
"survey-demo","3","64207","0.0-3.0","59474.20000001788","","","6695278758244f9d6186746e","1760812812257","","","demo","{""age"":""39"",""gender"":""Man"",""ethnicity"":[""White""],""education"":""Secondary/High School"",""religion"":""No Religion"",""birthcountry"":""United Kingdom of Great Britain and Northern Ireland"",""residencecountry"":""United Kingdom of Great Britain and Northern Ireland"",""yearsresidence"":""39"",""internetspeed"":""67""}","","",""
"instructions","4","333144","0.0-6.0-0.0","268936.7999999821","","","","","","","","","[{""page_index"":0,""viewing_time"":3540.399999976158},{""page_index"":1,""viewing_time"":13789.100000023842},{""page_index"":2,""viewing_time"":7131.399999976158},{""page_index"":3,""viewing_time"":242049.40000000596},{""page_index"":4,""viewing_time"":2426.300000011921}]","",""
"html-keyboard-response","5","334154","0.0-6.0-1.0","null","<span style=""font-size:40px;"">+</span>","null","","","","","","","","",""
"html-keyboard-response","6","338969","0.0-6.0-2.0","","","","","","","","","","","",""
"image-keyboard-response","7","339470","0.0-6.0-3.0","null","stimuli/noise_texture.png","null","","","","","","","","",""
"custom-labels-response","8","342057","0.0-6.0-4.0","2586.2999999821186","","doubtful","","","","","tom-labels-practice","","","12","Doubtful"
"html-button-response","9","343783","0.0-7.0","1725.6000000238419","<div style=""width: 1000px; height: 45px""><p>You will now be shown a series of short videos. Please select the label that best describes the emotion that the face was showing. Please provide one best guess for each item. Starting now, your responses will be recorded.</p><p>Click <strong>Continue</strong> to start. Good luck!</p></div>","0","","","","","false","","","",""
"html-keyboard-response","10","344788","0.0-8.0-0.0","null","<span style=""font-size:40px;"">+</span>","null","","","","","","","","",""
"html-keyboard-response","11","349112","0.0-8.0-1.0","","","","","","","","","","","",""
"image-keyboard-response","12","349620","0.0-8.0-2.0","null","stimuli/noise_texture.png","null","","","","","","","","",""
"custom-labels-response","13","354696","0.0-8.0-3.0","5073.4000000059605","","enthused","","","","","tom-labels","","","F2","enthused"
"html-keyboard-response","14","355705","0.0-8.0-0.1","null","<span style=""font-size:40px;"">+</span>","null","","","","","","","","",""
"html-keyboard-response","15","360043","0.0-8.0-1.1","","","","","","","","","","","",""
"image-keyboard-response","16","360549","0.0-8.0-2.1","null","stimuli/noise_texture.png","null","","","","","","","","",""
"custom-labels-response","17","367406","0.0-8.0-3.1","6855.0999999940395","","indifferent","","","","","tom-labels","","","F4","indifferent"
"html-keyboard-response","18","368420","0.0-8.0-0.2","null","<span style=""font-size:40px;"">+</span>","null","","","","","","","","",""
"html-keyboard-response","19","372738","0.0-8.0-1.2","","","","","","","","","","","",""
"image-keyboard-response","20","373255","0.0-8.0-2.2","null","stimuli/noise_texture.png","null","","","","","","","","",""
"custom-labels-response","21","378088","0.0-8.0-3.2","4831.5999999940395","","assertive","","","","","tom-labels","","","F4","defiant"
"html-keyboard-response","22","379089","0.0-8.0-0.3","null","<span style=""font-size:40px;"">+</span>","null","","","","","","","","",""
"html-keyboard-response","23","383576","0.0-8.0-1.3","","","","","","","","","","","",""
"image-keyboard-response","24","384084","0.0-8.0-2.3","null","stimuli/noise_texture.png","null","","","","","","","","",""
"custom-labels-response","25","388238","0.0-8.0-3.3","4153.100000023842","","stern","","","","","tom-labels","","","M2","stern"
"html-keyboard-response","26","389255","0.0-8.0-0.4","null","<span style=""font-size:40px;"">+</span>","null","","","","","","","","",""
"html-keyboard-response","27","393630","0.0-8.0-1.4","","","","","","","","","","","",""
"image-keyboard-response","28","394144","0.0-8.0-2.4","null","stimuli/noise_texture.png","null","","","","","","","","",""
"custom-labels-response","29","409432","0.0-8.0-3.4","15285.300000011921","","hopeful","","","","","tom-labels","","","M4","hopeful"
"html-keyboard-response","30","410435","0.0-8.0-0.5","null","<span style=""font-size:40px;"">+</span>","null","","","","","","","","",""
"html-keyboard-response","31","414720","0.0-8.0-1.5","","","","","","","","","","","",""
"image-keyboard-response","32","415230","0.0-8.0-2.5","null","stimuli/noise_texture.png","null","","","","","","","","",""
"custom-labels-response","33","424094","0.0-8.0-3.5","8863","","intrigued","","","","","tom-labels","","","M4","intrigued"
"html-keyboard-response","34","425097","0.0-8.0-0.6","null","<span style=""font-size:40px;"">+</span>","null","","","","","","","","",""
"html-keyboard-response","35","429586","0.0-8.0-1.6","","","","","","","","","","","",""
"image-keyboard-response","36","430087","0.0-8.0-2.6","null","stimuli/noise_texture.png","null","","","","","","","","",""
"custom-labels-response","37","436316","0.0-8.0-3.6","6228.9000000059605","","nervous","","","","","tom-labels","","","M2","nervous"
"html-keyboard-response","38","437319","0.0-8.0-0.7","null","<span style=""font-size:40px;"">+</span>","null","","","","","","","","",""
"html-keyboard-response","39","441750","0.0-8.0-1.7","","","","","","","","","","","",""
"image-keyboard-response","40","442259","0.0-8.0-2.7","null","stimuli/noise_texture.png","null","","","","","","","","",""
"custom-labels-response","41","445477","0.0-8.0-3.7","3216.9000000059605","","irritated","","","","","tom-labels","","","M6","irritated"
"html-keyboard-response","42","446491","0.0-8.0-0.8","null","<span style=""font-size:40px;"">+</span>","null","","","","","","","","",""
"html-keyboard-response","43","450827","0.0-8.0-1.8","","","","","","","","","","","",""
"image-keyboard-response","44","451339","0.0-8.0-2.8","null","stimuli/noise_texture.png","null","","","","","","","","",""
"custom-labels-response","45","459946","0.0-8.0-3.8","8605.800000011921","","threatening","","","","","tom-labels","","","F7","threatening"
"html-keyboard-response","46","460951","0.0-8.0-0.9","null","<span style=""font-size:40px;"">+</span>","null","","","","","","","","",""
"html-keyboard-response","47","470665","0.0-8.0-1.9","","","","","","","","","","","",""
"image-keyboard-response","48","471173","0.0-8.0-2.9","null","stimuli/noise_texture.png","null","","","","","","","","",""
"custom-labels-response","49","478419","0.0-8.0-3.9","7245.0999999940395","","satisfied","","","","","tom-labels","","","F4","satisfied"
"html-keyboard-response","50","479426","0.0-8.0-0.10","null","<span style=""font-size:40px;"">+</span>","null","","","","","","","","",""
"html-keyboard-response","51","483722","0.0-8.0-1.10","","","","","","","","","","","",""
"image-keyboard-response","52","484231","0.0-8.0-2.10","null","stimuli/noise_texture.png","null","","","","","","","","",""
"custom-labels-response","53","487463","0.0-8.0-3.10","3230.600000023842","","offended","","","","","tom-labels","","","F4","impatient"
"html-keyboard-response","54","488466","0.0-8.0-0.11","null","<span style=""font-size:40px;"">+</span>","null","","","","","","","","",""
"html-keyboard-response","55","493068","0.0-8.0-1.11","","","","","","","","","","","",""
"image-keyboard-response","56","493571","0.0-8.0-2.11","null","stimuli/noise_texture.png","null","","","","","","","","",""
"custom-labels-response","57","497888","0.0-8.0-3.11","4315.899999976158","","fascinated","","","","","tom-labels","","","M6","anticipating"
"html-keyboard-response","58","498895","0.0-8.0-0.12","null","<span style=""font-size:40px;"">+</span>","null","","","","","","","","",""
"html-keyboard-response","59","503668","0.0-8.0-1.12","","","","","","","","","","","",""
"image-keyboard-response","60","504176","0.0-8.0-2.12","null","stimuli/noise_texture.png","null","","","","","","","","",""
"custom-labels-response","61","507178","0.0-8.0-3.12","3001.100000023842","","reflective","","","","","tom-labels","","","M6","reflective"
"html-keyboard-response","62","508189","0.0-8.0-0.13","null","<span style=""font-size:40px;"">+</span>","null","","","","","","","","",""
"html-keyboard-response","63","512309","0.0-8.0-1.13","","","","","","","","","","","",""
"image-keyboard-response","64","512817","0.0-8.0-2.13","null","stimuli/noise_texture.png","null","","","","","","","","",""
"custom-labels-response","65","517987","0.0-8.0-3.13","5169.0999999940395","","fearful","","","","","tom-labels","","","F3","fearful"
"html-keyboard-response","66","519002","0.0-8.0-0.14","null","<span style=""font-size:40px;"">+</span>","null","","","","","","","","",""
"html-keyboard-response","67","523298","0.0-8.0-1.14","","","","","","","","","","","",""
"image-keyboard-response","68","523802","0.0-8.0-2.14","null","stimuli/noise_texture.png","null","","","","","","","","",""
"custom-labels-response","69","526421","0.0-8.0-3.14","2616.5999999940395","","anxious","","","","","tom-labels","","","M5","earnest"
"html-keyboard-response","70","527421","0.0-8.0-0.15","null","<span style=""font-size:40px;"">+</span>","null","","","","","","","","",""
"html-keyboard-response","71","531602","0.0-8.0-1.15","","","","","","","","","","","",""
"image-keyboard-response","72","532112","0.0-8.0-2.15","null","stimuli/noise_texture.png","null","","","","","","","","",""
"custom-labels-response","73","534102","0.0-8.0-3.15","1989.5","","panicked","","","","","tom-labels","","","F5","panicked"
"html-keyboard-response","74","535104","0.0-8.0-0.16","null","<span style=""font-size:40px;"">+</span>","null","","","","","","","","",""
"html-keyboard-response","75","540081","0.0-8.0-1.16","","","","","","","","","","","",""
"image-keyboard-response","76","540588","0.0-8.0-2.16","null","stimuli/noise_texture.png","null","","","","","","","","",""
"custom-labels-response","77","543318","0.0-8.0-3.16","2728.5999999940395","","encouraging","","","","","tom-labels","","","M2","encouraging"
"html-keyboard-response","78","544328","0.0-8.0-0.17","null","<span style=""font-size:40px;"">+</span>","null","","","","","","","","",""
"html-keyboard-response","79","549277","0.0-8.0-1.17","","","","","","","","","","","",""
"image-keyboard-response","80","549786","0.0-8.0-2.17","null","stimuli/noise_texture.png","null","","","","","","","","",""
"custom-labels-response","81","552105","0.0-8.0-3.17","2317.5","","serious","","","","","tom-labels","","","M6","serious"
"html-keyboard-response","82","553108","0.0-8.0-0.18","null","<span style=""font-size:40px;"">+</span>","null","","","","","","","","",""
"html-keyboard-response","83","557562","0.0-8.0-1.18","","","","","","","","","","","",""
"image-keyboard-response","84","558066","0.0-8.0-2.18","null","stimuli/noise_texture.png","null","","","","","","","","",""
"custom-labels-response","85","561275","0.0-8.0-3.18","3207.699999988079","","fantasizing","","","","","tom-labels","","","F2","fantasizing"
"html-keyboard-response","86","562280","0.0-8.0-0.19","null","<span style=""font-size:40px;"">+</span>","null","","","","","","","","",""
"html-keyboard-response","87","567270","0.0-8.0-1.19","","","","","","","","","","","",""
"image-keyboard-response","88","567777","0.0-8.0-2.19","null","stimuli/noise_texture.png","null","","","","","","","","",""
"custom-labels-response","89","570790","0.0-8.0-3.19","3012.199999988079","","guilty","","","","","tom-labels","","","F6","guilty"
"html-keyboard-response","90","571802","0.0-8.0-0.20","null","<span style=""font-size:40px;"">+</span>","null","","","","","","","","",""
"html-keyboard-response","91","576217","0.0-8.0-1.20","","","","","","","","","","","",""
"image-keyboard-response","92","576728","0.0-8.0-2.20","null","stimuli/noise_texture.png","null","","","","","","","","",""
"custom-labels-response","93","586330","0.0-8.0-3.20","9600.90000000596","","fantasizing","","","","","tom-labels","","","M4","fantasizing"
"html-keyboard-response","94","587337","0.0-8.0-0.21","null","<span style=""font-size:40px;"">+</span>","null","","","","","","","","",""
"html-keyboard-response","95","591610","0.0-8.0-1.21","","","","","","","","","","","",""
"image-keyboard-response","96","592125","0.0-8.0-2.21","null","stimuli/noise_texture.png","null","","","","","","","","",""
"custom-labels-response","97","594695","0.0-8.0-3.21","2569.899999976158","","serious","","","","","tom-labels","","","M3","assertive"
"html-keyboard-response","98","595700","0.0-8.0-0.22","null","<span style=""font-size:40px;"">+</span>","null","","","","","","","","",""
"html-keyboard-response","99","600118","0.0-8.0-1.22","","","","","","","","","","","",""
"image-keyboard-response","100","600620","0.0-8.0-2.22","null","stimuli/noise_texture.png","null","","","","","","","","",""
"custom-labels-response","101","602719","0.0-8.0-3.22","2097.4000000059605","","worried","","","","","tom-labels","","","M5","embarrassed"
"html-keyboard-response","102","603730","0.0-8.0-0.23","null","<span style=""font-size:40px;"">+</span>","null","","","","","","","","",""
"html-keyboard-response","103","608062","0.0-8.0-1.23","","","","","","","","","","","",""
"image-keyboard-response","104","608576","0.0-8.0-2.23","null","stimuli/noise_texture.png","null","","","","","","","","",""
"custom-labels-response","105","618379","0.0-8.0-3.23","9801.299999982119","","dispirited","","","","","tom-labels","","","F7","aghast"
"html-keyboard-response","106","619380","0.0-8.0-0.24","null","<span style=""font-size:40px;"">+</span>","null","","","","","","","","",""
"html-keyboard-response","107","623967","0.0-8.0-1.24","","","","","","","","","","","",""
"image-keyboard-response","108","624470","0.0-8.0-2.24","null","stimuli/noise_texture.png","null","","","","","","","","",""
"custom-labels-response","109","628156","0.0-8.0-3.24","3685.0999999940395","","entertained","","","","","tom-labels","","","M2","entertained"
"html-keyboard-response","110","629168","0.0-8.0-0.25","null","<span style=""font-size:40px;"">+</span>","null","","","","","","","","",""
"html-keyboard-response","111","633364","0.0-8.0-1.25","","","","","","","","","","","",""
"image-keyboard-response","112","633879","0.0-8.0-2.25","null","stimuli/noise_texture.png","null","","","","","","","","",""
"custom-labels-response","113","638880","0.0-8.0-3.25","4999.299999982119","","doubtful","","","","","tom-labels","","","M5","interested"
"html-keyboard-response","114","639883","0.0-8.0-0.26","null","<span style=""font-size:40px;"">+</span>","null","","","","","","","","",""
"html-keyboard-response","115","644237","0.0-8.0-1.26","","","","","","","","","","","",""
"image-keyboard-response","116","644750","0.0-8.0-2.26","null","stimuli/noise_texture.png","null","","","","","","","","",""
"custom-labels-response","117","650871","0.0-8.0-3.26","6119.799999982119","","serious","","","","","tom-labels","","","F4","dominant"
"html-keyboard-response","118","651878","0.0-8.0-0.27","null","<span style=""font-size:40px;"">+</span>","null","","","","","","","","",""
"html-keyboard-response","119","656156","0.0-8.0-1.27","","","","","","","","","","","",""
"image-keyboard-response","120","656664","0.0-8.0-2.27","null","stimuli/noise_texture.png","null","","","","","","","","",""
"custom-labels-response","121","666487","0.0-8.0-3.27","9822","","tentative","","","","","tom-labels","","","F2","tentative"
"html-keyboard-response","122","667489","0.0-8.0-0.28","null","<span style=""font-size:40px;"">+</span>","null","","","","","","","","",""
"html-keyboard-response","123","671600","0.0-8.0-1.28","","","","","","","","","","","",""
"image-keyboard-response","124","672101","0.0-8.0-2.28","null","stimuli/noise_texture.png","null","","","","","","","","",""
"custom-labels-response","125","678685","0.0-8.0-3.28","6583.800000011921","","insisting","","","","","tom-labels","","","F3","insisting"
"html-keyboard-response","126","679696","0.0-8.0-0.29","null","<span style=""font-size:40px;"">+</span>","null","","","","","","","","",""
"html-keyboard-response","127","683834","0.0-8.0-1.29","","","","","","","","","","","",""
"image-keyboard-response","128","684348","0.0-8.0-2.29","null","stimuli/noise_texture.png","null","","","","","","","","",""
"custom-labels-response","129","686651","0.0-8.0-3.29","2301.899999976158","","horrified","","","","","tom-labels","","","M1","horrified"
"html-keyboard-response","130","687664","0.0-8.0-0.30","null","<span style=""font-size:40px;"">+</span>","null","","","","","","","","",""
"html-keyboard-response","131","692177","0.0-8.0-1.30","","","","","","","","","","","",""
"image-keyboard-response","132","692692","0.0-8.0-2.30","null","stimuli/noise_texture.png","null","","","","","","","","",""
"custom-labels-response","133","695918","0.0-8.0-3.30","3225.2999999821186","","relieved","","","","","tom-labels","","","F6","relieved"
"html-keyboard-response","134","696931","0.0-8.0-0.31","null","<span style=""font-size:40px;"">+</span>","null","","","","","","","","",""
"html-keyboard-response","135","701166","0.0-8.0-1.31","","","","","","","","","","","",""
"image-keyboard-response","136","701672","0.0-8.0-2.31","null","stimuli/noise_texture.png","null","","","","","","","","",""
"custom-labels-response","137","706333","0.0-8.0-3.31","4659.699999988079","","anticipating","","","","","tom-labels","","","F5","encouraging"
"html-keyboard-response","138","707342","0.0-8.0-0.32","null","<span style=""font-size:40px;"">+</span>","null","","","","","","","","",""
"html-keyboard-response","139","715757","0.0-8.0-1.32","","","","","","","","","","","",""
"image-keyboard-response","140","716258","0.0-8.0-2.32","null","stimuli/noise_texture.png","null","","","","","","","","",""
"custom-labels-response","141","719379","0.0-8.0-3.32","3119.4000000059605","","accusing","","","","","tom-labels","","","F6","accusing"
"html-keyboard-response","142","720388","0.0-8.0-0.33","null","<span style=""font-size:40px;"">+</span>","null","","","","","","","","",""
"html-keyboard-response","143","724713","0.0-8.0-1.33","","","","","","","","","","","",""
"image-keyboard-response","144","725220","0.0-8.0-2.33","null","stimuli/noise_texture.png","null","","","","","","","","",""
"custom-labels-response","145","728222","0.0-8.0-3.33","3000.4000000059605","","offended","","","","","tom-labels","","","F4","imploring"
"html-keyboard-response","146","729236","0.0-8.0-0.34","null","<span style=""font-size:40px;"">+</span>","null","","","","","","","","",""
"html-keyboard-response","147","733341","0.0-8.0-1.34","","","","","","","","","","","",""
"image-keyboard-response","148","733859","0.0-8.0-2.34","null","stimuli/noise_texture.png","null","","","","","","","","",""
"custom-labels-response","149","736074","0.0-8.0-3.34","2214.2000000178814","","amused","","","","","tom-labels","","","M1","amused"
"html-keyboard-response","150","737084","0.0-8.0-0.35","null","<span style=""font-size:40px;"">+</span>","null","","","","","","","","",""
"html-keyboard-response","151","741395","0.0-8.0-1.35","","","","","","","","","","","",""
"image-keyboard-response","152","741907","0.0-8.0-2.35","null","stimuli/noise_texture.png","null","","","","","","","","",""
"custom-labels-response","153","745078","0.0-8.0-3.35","3170.5","","hopeful","","","","","tom-labels","","","F2","hopeful"
"html-keyboard-response","154","746084","0.0-8.0-0.36","null","<span style=""font-size:40px;"">+</span>","null","","","","","","","","",""
"html-keyboard-response","155","750376","0.0-8.0-1.36","","","","","","","","","","","",""
"image-keyboard-response","156","750888","0.0-8.0-2.36","null","stimuli/noise_texture.png","null","","","","","","","","",""
"custom-labels-response","157","755455","0.0-8.0-3.36","4565.4000000059605","","embarrassed","","","","","tom-labels","","","M4","flustered"
"html-keyboard-response","158","756456","0.0-8.0-0.37","null","<span style=""font-size:40px;"">+</span>","null","","","","","","","","",""
"html-keyboard-response","159","760957","0.0-8.0-1.37","","","","","","","","","","","",""
"image-keyboard-response","160","761466","0.0-8.0-2.37","null","stimuli/noise_texture.png","null","","","","","","","","",""
"custom-labels-response","161","765783","0.0-8.0-3.37","4316.300000011921","","relaxed","","","","","tom-labels","","","M5","friendly"
"html-keyboard-response","162","766792","0.0-8.0-0.38","null","<span style=""font-size:40px;"">+</span>","null","","","","","","","","",""
"html-keyboard-response","163","771199","0.0-8.0-1.38","","","","","","","","","","","",""
"image-keyboard-response","164","771712","0.0-8.0-2.38","null","stimuli/noise_texture.png","null","","","","","","","","",""
"custom-labels-response","165","777576","0.0-8.0-3.38","5863.199999988079","","concerned","","","","","tom-labels","","","M5","eager"
"html-keyboard-response","166","778592","0.0-8.0-0.39","null","<span style=""font-size:40px;"">+</span>","null","","","","","","","","",""
"html-keyboard-response","167","782899","0.0-8.0-1.39","","","","","","","","","","","",""
"image-keyboard-response","168","783413","0.0-8.0-2.39","null","stimuli/noise_texture.png","null","","","","","","","","",""
"custom-labels-response","169","786375","0.0-8.0-3.39","2960.5999999940395","","concerned","","","","","tom-labels","","","M4","concerned"
"html-keyboard-response","170","787385","0.0-9.0-0.0","null","<span style=""font-size:40px;"">+</span>","null","","","","","","","","",""
"html-keyboard-response","171","791608","0.0-9.0-1.0","","","","","","","","","","","",""
"image-keyboard-response","172","792124","0.0-9.0-2.0","null","stimuli/noise_texture.png","null","","","","","","","","",""
"custom-labels-response","173","794787","0.0-9.0-3.0","2662","","click","","","","","attention-check","","","M4","intrigued"
"html-keyboard-response","174","795799","0.0-11.0-0.0","null","<span style=""font-size:40px;"">+</span>","null","","","","","","","","",""
"html-keyboard-response","175","800191","0.0-11.0-1.0","","","","","","","","","","","",""
"image-keyboard-response","176","800700","0.0-11.0-2.0","null","stimuli/noise_texture.png","null","","","","","","","","",""
"custom-labels-response","177","808495","0.0-11.0-3.0","7794","","convinced","","","","","tom-labels","","","M6","convinced"
"html-keyboard-response","178","809512","0.0-11.0-0.1","null","<span style=""font-size:40px;"">+</span>","null","","","","","","","","",""
"html-keyboard-response","179","814207","0.0-11.0-1.1","","","","","","","","","","","",""
"image-keyboard-response","180","814709","0.0-11.0-2.1","null","stimuli/noise_texture.png","null","","","","","","","","",""
"custom-labels-response","181","817048","0.0-11.0-3.1","2337.399999976158","","disappointed","","","","","tom-labels","","","F5","disappointed"
"html-keyboard-response","182","818059","0.0-11.0-0.2","null","<span style=""font-size:40px;"">+</span>","null","","","","","","","","",""
"html-keyboard-response","183","822388","0.0-11.0-1.2","","","","","","","","","","","",""
"image-keyboard-response","184","822891","0.0-11.0-2.2","null","stimuli/noise_texture.png","null","","","","","","","","",""
"custom-labels-response","185","825671","0.0-11.0-3.2","2778.699999988079","","impatient","","","","","tom-labels","","","M6","annoyed"
"html-keyboard-response","186","826681","0.0-11.0-0.3","null","<span style=""font-size:40px;"">+</span>","null","","","","","","","","",""
"html-keyboard-response","187","831072","0.0-11.0-1.3","","","","","","","","","","","",""
"image-keyboard-response","188","831585","0.0-11.0-2.3","null","stimuli/noise_texture.png","null","","","","","","","","",""
"custom-labels-response","189","834953","0.0-11.0-3.3","3366.300000011921","","perplexed","","","","","tom-labels","","","M6","perplexed"
"html-keyboard-response","190","835970","0.0-11.0-0.4","null","<span style=""font-size:40px;"">+</span>","null","","","","","","","","",""
"html-keyboard-response","191","840322","0.0-11.0-1.4","","","","","","","","","","","",""
"image-keyboard-response","192","840828","0.0-11.0-2.4","null","stimuli/noise_texture.png","null","","","","","","","","",""
"custom-labels-response","193","847160","0.0-11.0-3.4","6329.799999982119","","thoughtful","","","","","tom-labels","","","F5","thoughtful"
"html-keyboard-response","194","848172","0.0-11.0-0.5","null","<span style=""font-size:40px;"">+</span>","null","","","","","","","","",""
"html-keyboard-response","195","852554","0.0-11.0-1.5","","","","","","","","","","","",""
"image-keyboard-response","196","853058","0.0-11.0-2.5","null","stimuli/noise_texture.png","null","","","","","","","","",""
"custom-labels-response","197","856777","0.0-11.0-3.5","3718.300000011921","","panicked","","","","","tom-labels","","","M4","panicked"
"html-keyboard-response","198","857784","0.0-11.0-0.6","null","<span style=""font-size:40px;"">+</span>","null","","","","","","","","",""
"html-keyboard-response","199","861877","0.0-11.0-1.6","","","","","","","","","","","",""
"image-keyboard-response","200","862379","0.0-11.0-2.6","null","stimuli/noise_texture.png","null","","","","","","","","",""
"custom-labels-response","201","867576","0.0-11.0-3.6","5195.699999988079","","ashamed","","","","","tom-labels","","","F3","ashamed"
"html-keyboard-response","202","868590","0.0-11.0-0.7","null","<span style=""font-size:40px;"">+</span>","null","","","","","","","","",""
"html-keyboard-response","203","872837","0.0-11.0-1.7","","","","","","","","","","","",""
"image-keyboard-response","204","873343","0.0-11.0-2.7","null","stimuli/noise_texture.png","null","","","","","","","","",""
"custom-labels-response","205","875787","0.0-11.0-3.7","2442.600000023842","","anticipating","","","","","tom-labels","","","F4","arrogant"
"html-keyboard-response","206","876794","0.0-11.0-0.8","null","<span style=""font-size:40px;"">+</span>","null","","","","","","","","",""
"html-keyboard-response","207","880911","0.0-11.0-1.8","","","","","","","","","","","",""
"image-keyboard-response","208","881417","0.0-11.0-2.8","null","stimuli/noise_texture.png","null","","","","","","","","",""
"custom-labels-response","209","884276","0.0-11.0-3.8","2857.7000000178814","","ashamed","","","","","tom-labels","","","M1","ashamed"
"html-keyboard-response","210","885291","0.0-11.0-0.9","null","<span style=""font-size:40px;"">+</span>","null","","","","","","","","",""
"html-keyboard-response","211","888933","0.0-11.0-1.9","","","","","","","","","","","",""
"image-keyboard-response","212","889448","0.0-11.0-2.9","null","stimuli/noise_texture.png","null","","","","","","","","",""
"custom-labels-response","213","892324","0.0-11.0-3.9","2875.199999988079","","arrogant","","","","","tom-labels","","","M1","relaxed"
"html-keyboard-response","214","893335","0.0-11.0-0.10","null","<span style=""font-size:40px;"">+</span>","null","","","","","","","","",""
"html-keyboard-response","215","897530","0.0-11.0-1.10","","","","","","","","","","","",""
"image-keyboard-response","216","898042","0.0-11.0-2.10","null","stimuli/noise_texture.png","null","","","","","","","","",""
"custom-labels-response","217","902325","0.0-11.0-3.10","4282","","indecisive","","","","","tom-labels","","","F2","baffled"
"html-keyboard-response","218","903337","0.0-11.0-0.11","null","<span style=""font-size:40px;"">+</span>","null","","","","","","","","",""
"html-keyboard-response","219","907641","0.0-11.0-1.11","","","","","","","","","","","",""
"image-keyboard-response","220","908156","0.0-11.0-2.11","null","stimuli/noise_texture.png","null","","","","","","","","",""
"custom-labels-response","221","920450","0.0-11.0-3.11","12292.09999999404","","annoyed","","","","","tom-labels","","","F2","annoyed"
"html-keyboard-response","222","921457","0.0-11.0-0.12","null","<span style=""font-size:40px;"">+</span>","null","","","","","","","","",""
"html-keyboard-response","223","925591","0.0-11.0-1.12","","","","","","","","","","","",""
"image-keyboard-response","224","926099","0.0-11.0-2.12","null","stimuli/noise_texture.png","null","","","","","","","","",""
"custom-labels-response","225","930220","0.0-11.0-3.12","4120.9000000059605","","dominant","","","","","tom-labels","","","M3","imploring"
"html-keyboard-response","226","931236","0.0-11.0-0.13","null","<span style=""font-size:40px;"">+</span>","null","","","","","","","","",""
"html-keyboard-response","227","935558","0.0-11.0-1.13","","","","","","","","","","","",""
"image-keyboard-response","228","936073","0.0-11.0-2.13","null","stimuli/noise_texture.png","null","","","","","","","","",""
"custom-labels-response","229","939510","0.0-11.0-3.13","3436.7000000178814","","distrustful","","","","","tom-labels","","","M2","distrustful"
"html-keyboard-response","230","940526","0.0-11.0-0.14","null","<span style=""font-size:40px;"">+</span>","null","","","","","","","","",""
"html-keyboard-response","231","944894","0.0-11.0-1.14","","","","","","","","","","","",""
"image-keyboard-response","232","945395","0.0-11.0-2.14","null","stimuli/noise_texture.png","null","","","","","","","","",""
"custom-labels-response","233","961688","0.0-11.0-3.14","16291","","relaxed","","","","","tom-labels","","","F2","relaxed"
"html-keyboard-response","234","962689","0.0-11.0-0.15","null","<span style=""font-size:40px;"">+</span>","null","","","","","","","","",""
"html-keyboard-response","235","966807","0.0-11.0-1.15","","","","","","","","","","","",""
"image-keyboard-response","236","967312","0.0-11.0-2.15","null","stimuli/noise_texture.png","null","","","","","","","","",""
"custom-labels-response","237","995034","0.0-11.0-3.15","27720.30000001192","","dubious","","","","","tom-labels","","","M3","dubious"
"html-keyboard-response","238","996048","0.0-11.0-0.16","null","<span style=""font-size:40px;"">+</span>","null","","","","","","","","",""
"html-keyboard-response","239","1000117","0.0-11.0-1.16","","","","","","","","","","","",""
"image-keyboard-response","240","1000630","0.0-11.0-2.16","null","stimuli/noise_texture.png","null","","","","","","","","",""
"custom-labels-response","241","1002539","0.0-11.0-3.16","1907.5","","fascinated","","","","","tom-labels","","","M1","fascinated"
"html-keyboard-response","242","1003546","0.0-11.0-0.17","null","<span style=""font-size:40px;"">+</span>","null","","","","","","","","",""
"html-keyboard-response","243","1007995","0.0-11.0-1.17","","","","","","","","","","","",""
"image-keyboard-response","244","1008497","0.0-11.0-2.17","null","stimuli/noise_texture.png","null","","","","","","","","",""
"custom-labels-response","245","1010926","0.0-11.0-3.17","2428.5999999940395","","worried","","","","","tom-labels","","","M4","worried"
"html-keyboard-response","246","1011939","0.0-11.0-0.18","null","<span style=""font-size:40px;"">+</span>","null","","","","","","","","",""
"html-keyboard-response","247","1016281","0.0-11.0-1.18","","","","","","","","","","","",""
"image-keyboard-response","248","1016793","0.0-11.0-2.18","null","stimuli/noise_texture.png","null","","","","","","","","",""
"custom-labels-response","249","1021147","0.0-11.0-3.18","4352.4000000059605","","tentative","","","","","tom-labels","","","M5","preoccupied"
"html-keyboard-response","250","1022156","0.0-11.0-0.19","null","<span style=""font-size:40px;"">+</span>","null","","","","","","","","",""
"html-keyboard-response","251","1026341","0.0-11.0-1.19","","","","","","","","","","","",""
"image-keyboard-response","252","1026856","0.0-11.0-2.19","null","stimuli/noise_texture.png","null","","","","","","","","",""
"custom-labels-response","253","1029208","0.0-11.0-3.19","2351.100000023842","","alarmed","","","","","tom-labels","","","F3","alarmed"
"html-keyboard-response","254","1030209","0.0-11.0-0.20","null","<span style=""font-size:40px;"">+</span>","null","","","","","","","","",""
"html-keyboard-response","255","1034576","0.0-11.0-1.20","","","","","","","","","","","",""
"image-keyboard-response","256","1035077","0.0-11.0-2.20","null","stimuli/noise_texture.png","null","","","","","","","","",""
"custom-labels-response","257","1036982","0.0-11.0-3.20","1903.699999988079","","fearful","","","","","tom-labels","","","M5","fearful"
"html-keyboard-response","258","1037992","0.0-11.0-0.21","null","<span style=""font-size:40px;"">+</span>","null","","","","","","","","",""
"html-keyboard-response","259","1042693","0.0-11.0-1.21","","","","","","","","","","","",""
"image-keyboard-response","260","1043201","0.0-11.0-2.21","null","stimuli/noise_texture.png","null","","","","","","","","",""
"custom-labels-response","261","1045611","0.0-11.0-3.21","2408.300000011921","","insisting","","","","","tom-labels","","","M2","insisting"
"html-button-response","262","1335260","0.0-12.0","289647.40000000596","You have completed the first part of the experiment.<br> Please take a five-minute break before moving on to the next trial.<p> Feel free to walk around the room and stretch. However, please make sure to return to the task<br> within 5 minutes, as extended delays may result in automatic withdrawal from the study.<br>Press <b>Continue</b> to proceed with the experiment.<p><span id=""clock"">5:00</span>","0","","","","","","","","",""
"instructions","263","1362609","0.0-13.0","27349.19999998808","","","","","","","","","[{""page_index"":0,""viewing_time"":2518.5},{""page_index"":1,""viewing_time"":23412},{""page_index"":2,""viewing_time"":1418.3999999761581}]","",""
"html-keyboard-response","264","1363611","0.0-14.0-0.0","null","<span style=""font-size:40px;"">+</span>","null","","","","","","","","",""
"html-keyboard-response","265","1368201","0.0-14.0-1.0","","","","","","","","","","","",""
"image-keyboard-response","266","1368709","0.0-14.0-2.0","null","stimuli/noise_texture.png","null","","","","","","","","",""
"custom-labels-response","267","1375135","0.0-14.0-3.0","6424.5999999940395","","skeptical","","","","","tom-labels","","","F5","skeptical"
"html-keyboard-response","268","1376138","0.0-14.0-0.1","null","<span style=""font-size:40px;"">+</span>","null","","","","","","","","",""
"html-keyboard-response","269","1380443","0.0-14.0-1.1","","","","","","","","","","","",""
"image-keyboard-response","270","1380947","0.0-14.0-2.1","null","stimuli/noise_texture.png","null","","","","","","","","",""
"custom-labels-response","271","1384976","0.0-14.0-3.1","4028.100000023842","","anticipating","","","","","tom-labels","","","F5","anticipating"
"html-keyboard-response","272","1385982","0.0-14.0-0.2","null","<span style=""font-size:40px;"">+</span>","null","","","","","","","","",""
"html-keyboard-response","273","1390632","0.0-14.0-1.2","","","","","","","","","","","",""
"image-keyboard-response","274","1391133","0.0-14.0-2.2","null","stimuli/noise_texture.png","null","","","","","","","","",""
"custom-labels-response","275","1394396","0.0-14.0-3.2","3261.7000000178814","","depressed","","","","","tom-labels","","","M6","depressed"
"html-keyboard-response","276","1395400","0.0-14.0-0.3","null","<span style=""font-size:40px;"">+</span>","null","","","","","","","","",""
"html-keyboard-response","277","1399343","0.0-14.0-1.3","","","","","","","","","","","",""
"image-keyboard-response","278","1399844","0.0-14.0-2.3","null","stimuli/noise_texture.png","null","","","","","","","","",""
"custom-labels-response","279","1402549","0.0-14.0-3.3","2705.2999999821186","","confident","","","","","tom-labels","","","M1","confident"
"html-keyboard-response","280","1403556","0.0-14.0-0.4","null","<span style=""font-size:40px;"">+</span>","null","","","","","","","","",""
"html-keyboard-response","281","1407810","0.0-14.0-1.4","","","","","","","","","","","",""
"image-keyboard-response","282","1408321","0.0-14.0-2.4","null","stimuli/noise_texture.png","null","","","","","","","","",""
"custom-labels-response","283","1410496","0.0-14.0-3.4","2173.7999999821186","","worried","","","","","tom-labels","","","F5","worried"
"html-keyboard-response","284","1411509","0.0-14.0-0.5","null","<span style=""font-size:40px;"">+</span>","null","","","","","","","","",""
"html-keyboard-response","285","1415564","0.0-14.0-1.5","","","","","","","","","","","",""
"image-keyboard-response","286","1416079","0.0-14.0-2.5","null","stimuli/noise_texture.png","null","","","","","","","","",""
"custom-labels-response","287","1419724","0.0-14.0-3.5","3644.5999999940395","","resentful","","","","","tom-labels","","","M3","resentful"
"html-keyboard-response","288","1420731","0.0-14.0-0.6","null","<span style=""font-size:40px;"">+</span>","null","","","","","","","","",""
"html-keyboard-response","289","1424801","0.0-14.0-1.6","","","","","","","","","","","",""
"image-keyboard-response","290","1425313","0.0-14.0-2.6","null","stimuli/noise_texture.png","null","","","","","","","","",""
"custom-labels-response","291","1435219","0.0-14.0-3.6","9904.600000023842","","incredulous","","","","","tom-labels","","","M1","incredulous"
"html-keyboard-response","292","1436225","0.0-14.0-0.7","null","<span style=""font-size:40px;"">+</span>","null","","","","","","","","",""
"html-keyboard-response","293","1440484","0.0-14.0-1.7","","","","","","","","","","","",""
"image-keyboard-response","294","1440990","0.0-14.0-2.7","null","stimuli/noise_texture.png","null","","","","","","","","",""
"custom-labels-response","295","1443546","0.0-14.0-3.7","2554.399999976158","","terrified","","","","","tom-labels","","","M5","terrified"
"html-keyboard-response","296","1444548","0.0-14.0-0.8","null","<span style=""font-size:40px;"">+</span>","null","","","","","","","","",""
"html-keyboard-response","297","1448719","0.0-14.0-1.8","","","","","","","","","","","",""
"image-keyboard-response","298","1449227","0.0-14.0-2.8","null","stimuli/noise_texture.png","null","","","","","","","","",""
"custom-labels-response","299","1455100","0.0-14.0-3.8","5872","","contented","","","","","tom-labels","","","F7","contented"
"html-keyboard-response","300","1456113","0.0-14.0-0.9","null","<span style=""font-size:40px;"">+</span>","null","","","","","","","","",""
"html-keyboard-response","301","1460465","0.0-14.0-1.9","","","","","","","","","","","",""
"image-keyboard-response","302","1460965","0.0-14.0-2.9","null","stimuli/noise_texture.png","null","","","","","","","","",""
"custom-labels-response","303","1465897","0.0-14.0-3.9","4930.799999982119","","contemplative","","","","","tom-labels","","","M6","indecisive"
"html-keyboard-response","304","1466899","0.0-14.0-0.10","null","<span style=""font-size:40px;"">+</span>","null","","","","","","","","",""
"html-keyboard-response","305","1471123","0.0-14.0-1.10","","","","","","","","","","","",""
"image-keyboard-response","306","1471635","0.0-14.0-2.10","null","stimuli/noise_texture.png","null","","","","","","","","",""
"custom-labels-response","307","1491759","0.0-14.0-3.10","20123.19999998808","","playful","","","","","tom-labels","","","F2","playful"
"html-keyboard-response","308","1492770","0.0-14.0-0.11","null","<span style=""font-size:40px;"">+</span>","null","","","","","","","","",""
"html-keyboard-response","309","1497292","0.0-14.0-1.11","","","","","","","","","","","",""
"image-keyboard-response","310","1497801","0.0-14.0-2.11","null","stimuli/noise_texture.png","null","","","","","","","","",""
"custom-labels-response","311","1502097","0.0-14.0-3.11","4294.9000000059605","","contemplative","","","","","tom-labels","","","M6","relieved"
"html-keyboard-response","312","1503102","0.0-14.0-0.12","null","<span style=""font-size:40px;"">+</span>","null","","","","","","","","",""
"html-keyboard-response","313","1507548","0.0-14.0-1.12","","","","","","","","","","","",""
"image-keyboard-response","314","1508057","0.0-14.0-2.12","null","stimuli/noise_texture.png","null","","","","","","","","",""
"custom-labels-response","315","1513054","0.0-14.0-3.12","4997","","enthused","","","","","tom-labels","","","M5","enthused"
"html-keyboard-response","316","1514060","0.0-14.0-0.13","null","<span style=""font-size:40px;"">+</span>","null","","","","","","","","",""
"html-keyboard-response","317","1518290","0.0-14.0-1.13","","","","","","","","","","","",""
"image-keyboard-response","318","1518795","0.0-14.0-2.13","null","stimuli/noise_texture.png","null","","","","","","","","",""
"custom-labels-response","319","1521246","0.0-14.0-3.13","2448.5","","dominant","","","","","tom-labels","","","M5","hostile"
"html-keyboard-response","320","1522247","0.0-14.0-0.14","null","<span style=""font-size:40px;"">+</span>","null","","","","","","","","",""
"html-keyboard-response","321","1526623","0.0-14.0-1.14","","","","","","","","","","","",""
"image-keyboard-response","322","1527129","0.0-14.0-2.14","null","stimuli/noise_texture.png","null","","","","","","","","",""
"custom-labels-response","323","1528771","0.0-14.0-3.14","1640.5999999940395","","contemplative","","","","","tom-labels","","","F6","contemplative"
"html-keyboard-response","324","1529786","0.0-14.0-0.15","null","<span style=""font-size:40px;"">+</span>","null","","","","","","","","",""
"html-keyboard-response","325","1533900","0.0-14.0-1.15","","","","","","","","","","","",""
"image-keyboard-response","326","1534402","0.0-14.0-2.15","null","stimuli/noise_texture.png","null","","","","","","","","",""
"custom-labels-response","327","1537537","0.0-14.0-3.15","3133.399999976158","","jealous","","","","","tom-labels","","","M3","jealous"
"html-keyboard-response","328","1538539","0.0-14.0-0.16","null","<span style=""font-size:40px;"">+</span>","null","","","","","","","","",""
"html-keyboard-response","329","1542879","0.0-14.0-1.16","","","","","","","","","","","",""
"image-keyboard-response","330","1543381","0.0-14.0-2.16","null","stimuli/noise_texture.png","null","","","","","","","","",""
"custom-labels-response","331","1553755","0.0-14.0-3.16","10373","","sympathetic","","","","","tom-labels","","","F6","sympathetic"
"html-keyboard-response","332","1554768","0.0-14.0-0.17","null","<span style=""font-size:40px;"">+</span>","null","","","","","","","","",""
"html-keyboard-response","333","1559097","0.0-14.0-1.17","","","","","","","","","","","",""
"image-keyboard-response","334","1559608","0.0-14.0-2.17","null","stimuli/noise_texture.png","null","","","","","","","","",""
"custom-labels-response","335","1563490","0.0-14.0-3.17","3880.699999988079","","puzzled","","","","","tom-labels","","","F6","puzzled"
"html-keyboard-response","336","1564505","0.0-14.0-0.18","null","<span style=""font-size:40px;"">+</span>","null","","","","","","","","",""
"html-keyboard-response","337","1568706","0.0-14.0-1.18","","","","","","","","","","","",""
"image-keyboard-response","338","1569207","0.0-14.0-2.18","null","stimuli/noise_texture.png","null","","","","","","","","",""
"custom-labels-response","339","1575088","0.0-14.0-3.18","5880.600000023842","","affectionate","","","","","tom-labels","","","F4","affectionate"
"html-keyboard-response","340","1576104","0.0-14.0-0.19","null","<span style=""font-size:40px;"">+</span>","null","","","","","","","","",""
"html-keyboard-response","341","1580405","0.0-14.0-1.19","","","","","","","","","","","",""
"image-keyboard-response","342","1580914","0.0-14.0-2.19","null","stimuli/noise_texture.png","null","","","","","","","","",""
"custom-labels-response","343","1586147","0.0-14.0-3.19","5232.199999988079","","disappointed","","","","","tom-labels","","","F2","nervous"
"html-keyboard-response","344","1587155","0.0-14.0-0.20","null","<span style=""font-size:40px;"">+</span>","null","","","","","","","","",""
"html-keyboard-response","345","1591178","0.0-14.0-1.20","","","","","","","","","","","",""
"image-keyboard-response","346","1591684","0.0-14.0-2.20","null","stimuli/noise_texture.png","null","","","","","","","","",""
"custom-labels-response","347","1602621","0.0-14.0-3.20","10936.800000011921","","despondent","","","","","tom-labels","","","F2","despondent"
"html-keyboard-response","348","1603633","0.0-14.0-0.21","null","<span style=""font-size:40px;"">+</span>","null","","","","","","","","",""
"html-keyboard-response","349","1607826","0.0-14.0-1.21","","","","","","","","","","","",""
"image-keyboard-response","350","1608339","0.0-14.0-2.21","null","stimuli/noise_texture.png","null","","","","","","","","",""
"custom-labels-response","351","1621926","0.0-14.0-3.21","13586.09999999404","","skeptical","","","","","tom-labels","","","M5","playful"
"html-keyboard-response","352","1622935","0.0-14.0-0.22","null","<span style=""font-size:40px;"">+</span>","null","","","","","","","","",""
"html-keyboard-response","353","1627115","0.0-14.0-1.22","","","","","","","","","","","",""
"image-keyboard-response","354","1627621","0.0-14.0-2.22","null","stimuli/noise_texture.png","null","","","","","","","","",""
"custom-labels-response","355","1631289","0.0-14.0-3.22","3666","","depressed","","","","","tom-labels","","","F3","depressed"
"html-keyboard-response","356","1632304","0.0-14.0-0.23","null","<span style=""font-size:40px;"">+</span>","null","","","","","","","","",""
"html-keyboard-response","357","1636551","0.0-14.0-1.23","","","","","","","","","","","",""
"image-keyboard-response","358","1637065","0.0-14.0-2.23","null","stimuli/noise_texture.png","null","","","","","","","","",""
"custom-labels-response","359","1640754","0.0-14.0-3.23","3688.0999999940395","","affectionate","","","","","tom-labels","","","M4","affectionate"
"html-keyboard-response","360","1641756","0.0-14.0-0.24","null","<span style=""font-size:40px;"">+</span>","null","","","","","","","","",""
"html-keyboard-response","361","1645992","0.0-14.0-1.24","","","","","","","","","","","",""
"image-keyboard-response","362","1646496","0.0-14.0-2.24","null","stimuli/noise_texture.png","null","","","","","","","","",""
"custom-labels-response","363","1652560","0.0-14.0-3.24","6063.9000000059605","","stern","","","","","tom-labels","","","F4","stern"
"html-keyboard-response","364","1653566","0.0-14.0-0.25","null","<span style=""font-size:40px;"">+</span>","null","","","","","","","","",""
"html-keyboard-response","365","1657935","0.0-14.0-1.25","","","","","","","","","","","",""
"image-keyboard-response","366","1658449","0.0-14.0-2.25","null","stimuli/noise_texture.png","null","","","","","","","","",""
"custom-labels-response","367","1665299","0.0-14.0-3.25","6848.800000011921","","comforting","","","","","tom-labels","","","M5","comforting"
"html-keyboard-response","368","1666308","0.0-14.0-0.26","null","<span style=""font-size:40px;"">+</span>","null","","","","","","","","",""
"html-keyboard-response","369","1670589","0.0-14.0-1.26","","","","","","","","","","","",""
"image-keyboard-response","370","1671097","0.0-14.0-2.26","null","stimuli/noise_texture.png","null","","","","","","","","",""
"custom-labels-response","371","1673399","0.0-14.0-3.26","2300.7999999821186","","flirtatious","","","","","tom-labels","","","F6","flirtatious"
"html-keyboard-response","372","1674403","0.0-14.0-0.27","null","<span style=""font-size:40px;"">+</span>","null","","","","","","","","",""
"html-keyboard-response","373","1678409","0.0-14.0-1.27","","","","","","","","","","","",""
"image-keyboard-response","374","1678917","0.0-14.0-2.27","null","stimuli/noise_texture.png","null","","","","","","","","",""
"custom-labels-response","375","1680423","0.0-14.0-3.27","1505.4000000059605","","distrustful","","","","","tom-labels","","","F3","distrustful"
"html-keyboard-response","376","1681431","0.0-14.0-0.28","null","<span style=""font-size:40px;"">+</span>","null","","","","","","","","",""
"html-keyboard-response","377","1685726","0.0-14.0-1.28","","","","","","","","","","","",""
"image-keyboard-response","378","1686228","0.0-14.0-2.28","null","stimuli/noise_texture.png","null","","","","","","","","",""
"custom-labels-response","379","1690922","0.0-14.0-3.28","4693.5999999940395","","defiant","","","","","tom-labels","","","M2","defiant"
"html-keyboard-response","380","1691929","0.0-14.0-0.29","null","<span style=""font-size:40px;"">+</span>","null","","","","","","","","",""
"html-keyboard-response","381","1696156","0.0-14.0-1.29","","","","","","","","","","","",""
"image-keyboard-response","382","1696671","0.0-14.0-2.29","null","stimuli/noise_texture.png","null","","","","","","","","",""
"custom-labels-response","383","1699340","0.0-14.0-3.29","2668.0999999940395","","tentative","","","","","tom-labels","","","F8","decisive"
"html-keyboard-response","384","1700342","0.0-15.0-0.0","null","<span style=""font-size:40px;"">+</span>","null","","","","","","","","",""
"html-keyboard-response","385","1704715","0.0-15.0-1.0","","","","","","","","","","","",""
"image-keyboard-response","386","1705217","0.0-15.0-2.0","null","stimuli/noise_texture.png","null","","","","","","","","",""
"custom-labels-response","387","1707865","0.0-15.0-3.0","2647","","click","","","","","attention-check","","","F6","relieved"
"html-keyboard-response","388","1708881","0.0-17.0-0.0","null","<span style=""font-size:40px;"">+</span>","null","","","","","","","","",""
"html-keyboard-response","389","1712848","0.0-17.0-1.0","","","","","","","","","","","",""
"image-keyboard-response","390","1713362","0.0-17.0-2.0","null","stimuli/noise_texture.png","null","","","","","","","","",""
"custom-labels-response","391","1718328","0.0-17.0-3.0","4965.9000000059605","","convinced","","","","","tom-labels","","","F3","fascinated"
"html-keyboard-response","392","1719341","0.0-17.0-0.1","null","<span style=""font-size:40px;"">+</span>","null","","","","","","","","",""
"html-keyboard-response","393","1723399","0.0-17.0-1.1","","","","","","","","","","","",""
"image-keyboard-response","394","1723911","0.0-17.0-2.1","null","stimuli/noise_texture.png","null","","","","","","","","",""
"custom-labels-response","395","1732168","0.0-17.0-3.1","8255.59999999404","","sarcastic","","","","","tom-labels","","","F3","sarcastic"
"html-keyboard-response","396","1733184","0.0-17.0-0.2","null","<span style=""font-size:40px;"">+</span>","null","","","","","","","","",""
"html-keyboard-response","397","1737249","0.0-17.0-1.2","","","","","","","","","","","",""
"image-keyboard-response","398","1737765","0.0-17.0-2.2","null","stimuli/noise_texture.png","null","","","","","","","","",""
"custom-labels-response","399","1749853","0.0-17.0-3.2","12087.799999982119","","aghast","","","","","tom-labels","","","M3","aghast"
"html-keyboard-response","400","1750868","0.0-17.0-0.3","null","<span style=""font-size:40px;"">+</span>","null","","","","","","","","",""
"html-keyboard-response","401","1755290","0.0-17.0-1.3","","","","","","","","","","","",""
"image-keyboard-response","402","1755794","0.0-17.0-2.3","null","stimuli/noise_texture.png","null","","","","","","","","",""
"custom-labels-response","403","1760260","0.0-17.0-3.3","4465","","curious","","","","","tom-labels","","","M6","curious"
"html-keyboard-response","404","1761276","0.0-17.0-0.4","null","<span style=""font-size:40px;"">+</span>","null","","","","","","","","",""
"html-keyboard-response","405","1765414","0.0-17.0-1.4","","","","","","","","","","","",""
"image-keyboard-response","406","1765929","0.0-17.0-2.4","null","stimuli/noise_texture.png","null","","","","","","","","",""
"custom-labels-response","407","1770132","0.0-17.0-3.4","4202.5","","horrified","","","","","tom-labels","","","F8","horrified"
"html-keyboard-response","408","1771133","0.0-17.0-0.5","null","<span style=""font-size:40px;"">+</span>","null","","","","","","","","",""
"html-keyboard-response","409","1775192","0.0-17.0-1.5","","","","","","","","","","","",""
"image-keyboard-response","410","1775700","0.0-17.0-2.5","null","stimuli/noise_texture.png","null","","","","","","","","",""
"custom-labels-response","411","1789690","0.0-17.0-3.5","13988.09999999404","","concerned","","","","","tom-labels","","","M1","pensive"
"html-keyboard-response","412","1790699","0.0-17.0-0.6","null","<span style=""font-size:40px;"">+</span>","null","","","","","","","","",""
"html-keyboard-response","413","1794943","0.0-17.0-1.6","","","","","","","","","","","",""
"image-keyboard-response","414","1795444","0.0-17.0-2.6","null","stimuli/noise_texture.png","null","","","","","","","","",""
"custom-labels-response","415","1798369","0.0-17.0-3.6","2924.199999988079","","skeptical","","","","","tom-labels","","","M4","skeptical"
"html-keyboard-response","416","1799383","0.0-17.0-0.7","null","<span style=""font-size:40px;"">+</span>","null","","","","","","","","",""
"html-keyboard-response","417","1803672","0.0-17.0-1.7","","","","","","","","","","","",""
"image-keyboard-response","418","1804174","0.0-17.0-2.7","null","stimuli/noise_texture.png","null","","","","","","","","",""
"custom-labels-response","419","1812865","0.0-17.0-3.7","8690.59999999404","","hostile","","","","","tom-labels","","","F6","hostile"
"html-keyboard-response","420","1813873","0.0-17.0-0.8","null","<span style=""font-size:40px;"">+</span>","null","","","","","","","","",""
"html-keyboard-response","421","1818085","0.0-17.0-1.8","","","","","","","","","","","",""
"image-keyboard-response","422","1818588","0.0-17.0-2.8","null","stimuli/noise_texture.png","null","","","","","","","","",""
"custom-labels-response","423","1820082","0.0-17.0-3.8","1493.4000000059605","","upset","","","","","tom-labels","","","F7","anxious"
"html-keyboard-response","424","1821091","0.0-17.0-0.9","null","<span style=""font-size:40px;"">+</span>","null","","","","","","","","",""
"html-keyboard-response","425","1825420","0.0-17.0-1.9","","","","","","","","","","","",""
"image-keyboard-response","426","1825934","0.0-17.0-2.9","null","stimuli/noise_texture.png","null","","","","","","","","",""
"custom-labels-response","427","1830187","0.0-17.0-3.9","4252","","terrified","","","","","tom-labels","","","F6","terrified"
"html-keyboard-response","428","1831188","0.0-17.0-0.10","null","<span style=""font-size:40px;"">+</span>","null","","","","","","","","",""
"html-keyboard-response","429","1835440","0.0-17.0-1.10","","","","","","","","","","","",""
"image-keyboard-response","430","1835941","0.0-17.0-2.10","null","stimuli/noise_texture.png","null","","","","","","","","",""
"custom-labels-response","431","1839204","0.0-17.0-3.10","3262.2000000178814","","baffled","","","","","tom-labels","","","M4","baffled"
"html-keyboard-response","432","1840208","0.0-17.0-0.11","null","<span style=""font-size:40px;"">+</span>","null","","","","","","","","",""
"html-keyboard-response","433","1844447","0.0-17.0-1.11","","","","","","","","","","","",""
"image-keyboard-response","434","1844953","0.0-17.0-2.11","null","stimuli/noise_texture.png","null","","","","","","","","",""
"custom-labels-response","435","1846954","0.0-17.0-3.11","1999.800000011921","","concerned","","","","","tom-labels","","","M4","confused"
"html-keyboard-response","436","1847958","0.0-17.0-0.12","null","<span style=""font-size:40px;"">+</span>","null","","","","","","","","",""
"html-keyboard-response","437","1852015","0.0-17.0-1.12","","","","","","","","","","","",""
"image-keyboard-response","438","1852515","0.0-17.0-2.12","null","stimuli/noise_texture.png","null","","","","","","","","",""
"custom-labels-response","439","1853956","0.0-17.0-3.12","1439.9000000059605","","arrogant","","","","","tom-labels","","","M1","arrogant"
"html-keyboard-response","440","1854972","0.0-17.0-0.13","null","<span style=""font-size:40px;"">+</span>","null","","","","","","","","",""
"html-keyboard-response","441","1859306","0.0-17.0-1.13","","","","","","","","","","","",""
"image-keyboard-response","442","1859812","0.0-17.0-2.13","null","stimuli/noise_texture.png","null","","","","","","","","",""
"custom-labels-response","443","1865141","0.0-17.0-3.13","5327.4000000059605","","tentative","","","","","tom-labels","","","M4","tentative"
"html-keyboard-response","444","1866152","0.0-17.0-0.14","null","<span style=""font-size:40px;"">+</span>","null","","","","","","","","",""
"html-keyboard-response","445","1870485","0.0-17.0-1.14","","","","","","","","","","","",""
"image-keyboard-response","446","1870997","0.0-17.0-2.14","null","stimuli/noise_texture.png","null","","","","","","","","",""
"custom-labels-response","447","1874587","0.0-17.0-3.14","3588.199999988079","","deciding","","","","","tom-labels","","","F6","deciding"
"html-keyboard-response","448","1875601","0.0-17.0-0.15","null","<span style=""font-size:40px;"">+</span>","null","","","","","","","","",""
"html-keyboard-response","449","1879831","0.0-17.0-1.15","","","","","","","","","","","",""
"image-keyboard-response","450","1880343","0.0-17.0-2.15","null","stimuli/noise_texture.png","null","","","","","","","","",""
"custom-labels-response","451","1881881","0.0-17.0-3.15","1537.2000000178814","","reflective","","","","","tom-labels","","","F2","reflective"
"html-keyboard-response","452","1882897","0.0-17.0-0.16","null","<span style=""font-size:40px;"">+</span>","null","","","","","","","","",""
"html-keyboard-response","453","1887018","0.0-17.0-1.16","","","","","","","","","","","",""
"image-keyboard-response","454","1887529","0.0-17.0-2.16","null","stimuli/noise_texture.png","null","","","","","","","","",""
"custom-labels-response","455","1907555","0.0-17.0-3.16","20024.20000001788","","doubtful","","","","","tom-labels","","","M3","sympathetic"
"html-keyboard-response","456","1908571","0.0-17.0-0.17","null","<span style=""font-size:40px;"">+</span>","null","","","","","","","","",""
"html-keyboard-response","457","1912790","0.0-17.0-1.17","","","","","","","","","","","",""
"image-keyboard-response","458","1913291","0.0-17.0-2.17","null","stimuli/noise_texture.png","null","","","","","","","","",""
"custom-labels-response","459","1915581","0.0-17.0-3.17","2289.5999999940395","","convinced","","","","","tom-labels","","","M3","decisive"
"html-keyboard-response","460","1916584","0.0-17.0-0.18","null","<span style=""font-size:40px;"">+</span>","null","","","","","","","","",""
"html-keyboard-response","461","1920874","0.0-17.0-1.18","","","","","","","","","","","",""
"image-keyboard-response","462","1921384","0.0-17.0-2.18","null","stimuli/noise_texture.png","null","","","","","","","","",""
"custom-labels-response","463","1925837","0.0-17.0-3.18","4453.200000017881","","stern","","","","","tom-labels","","","F5","resentful"
"html-keyboard-response","464","1926850","0.0-17.0-0.19","null","<span style=""font-size:40px;"">+</span>","null","","","","","","","","",""
"html-keyboard-response","465","1931400","0.0-17.0-1.19","","","","","","","","","","","",""
"image-keyboard-response","466","1931909","0.0-17.0-2.19","null","stimuli/noise_texture.png","null","","","","","","","","",""
"custom-labels-response","467","1934574","0.0-17.0-3.19","2664.2000000178814","","distrustful","","","","","tom-labels","","","M6","puzzled"
"html-keyboard-response","468","1935580","0.0-17.0-0.20","null","<span style=""font-size:40px;"">+</span>","null","","","","","","","","",""
"html-keyboard-response","469","1939724","0.0-17.0-1.20","","","","","","","","","","","",""
"image-keyboard-response","470","1940228","0.0-17.0-2.20","null","stimuli/noise_texture.png","null","","","","","","","","",""
"custom-labels-response","471","1953675","0.0-17.0-3.20","13445.800000011921","","annoyed","","","","","tom-labels","","","F8","jealous"
"html-keyboard-response","472","1954689","0.0-17.0-0.21","null","<span style=""font-size:40px;"">+</span>","null","","","","","","","","",""
"html-keyboard-response","473","1959052","0.0-17.0-1.21","","","","","","","","","","","",""
"image-keyboard-response","474","1959565","0.0-17.0-2.21","null","stimuli/noise_texture.png","null","","","","","","","","",""
"custom-labels-response","475","1961870","0.0-17.0-3.21","2304.7999999821186","","regretful","","","","","tom-labels","","","M2","regretful"
"html-keyboard-response","476","1962883","0.0-17.0-0.22","null","<span style=""font-size:40px;"">+</span>","null","","","","","","","","",""
"html-keyboard-response","477","1967319","0.0-17.0-1.22","","","","","","","","","","","",""
"image-keyboard-response","478","1967830","0.0-17.0-2.22","null","stimuli/noise_texture.png","null","","","","","","","","",""
"custom-labels-response","479","1970821","0.0-17.0-3.22","2989.5","","desire","","","","","tom-labels","","","M2","desire"
"html-keyboard-response","480","1971824","0.0-17.0-0.23","null","<span style=""font-size:40px;"">+</span>","null","","","","","","","","",""
"html-keyboard-response","481","1975772","0.0-17.0-1.23","","","","","","","","","","","",""
"image-keyboard-response","482","1976274","0.0-17.0-2.23","null","stimuli/noise_texture.png","null","","","","","","","","",""
"custom-labels-response","483","1982583","0.0-17.0-3.23","6307.800000011921","","alarmed","","","","","tom-labels","","","M2","alarmed"
"html-keyboard-response","484","1983584","0.0-17.0-0.24","null","<span style=""font-size:40px;"">+</span>","null","","","","","","","","",""
"html-keyboard-response","485","1987614","0.0-17.0-1.24","","","","","","","","","","","",""
"image-keyboard-response","486","1988124","0.0-17.0-2.24","null","stimuli/noise_texture.png","null","","","","","","","","",""
"custom-labels-response","487","1989831","0.0-17.0-3.24","1706.5","","dispirited","","","","","tom-labels","","","M1","dispirited"
"html-keyboard-response","488","1990847","0.0-17.0-0.25","null","<span style=""font-size:40px;"">+</span>","null","","","","","","","","",""
"html-keyboard-response","489","1994925","0.0-17.0-1.25","","","","","","","","","","","",""
"image-keyboard-response","490","1995429","0.0-17.0-2.25","null","stimuli/noise_texture.png","null","","","","","","","","",""
"custom-labels-response","491","1999414","0.0-17.0-3.25","3984.5","","suspicious","","","","","tom-labels","","","M3","offended"
"html-keyboard-response","492","2000423","0.0-17.0-0.26","null","<span style=""font-size:40px;"">+</span>","null","","","","","","","","",""
"html-keyboard-response","493","2005136","0.0-17.0-1.26","","","","","","","","","","","",""
"image-keyboard-response","494","2005640","0.0-17.0-2.26","null","stimuli/noise_texture.png","null","","","","","","","","",""
"custom-labels-response","495","2018060","0.0-17.0-3.26","12419.699999988079","","despondent","","","","","tom-labels","","","M6","despondent"
"html-keyboard-response","496","2019061","0.0-17.0-0.27","null","<span style=""font-size:40px;"">+</span>","null","","","","","","","","",""
"html-keyboard-response","497","2023181","0.0-17.0-1.27","","","","","","","","","","","",""
"image-keyboard-response","498","2023690","0.0-17.0-2.27","null","stimuli/noise_texture.png","null","","","","","","","","",""
"custom-labels-response","499","2026549","0.0-17.0-3.27","2857.9000000059605","","interested","","","","","tom-labels","","","F2","interested"
"html-keyboard-response","500","2027563","0.0-17.0-0.28","null","<span style=""font-size:40px;"">+</span>","null","","","","","","","","",""
"html-keyboard-response","501","2031062","0.0-17.0-1.28","","","","","","","","","","","",""
"image-keyboard-response","502","2031567","0.0-17.0-2.28","null","stimuli/noise_texture.png","null","","","","","","","","",""
"custom-labels-response","503","2045637","0.0-17.0-3.28","14068.59999999404","","incredulous","","","","","tom-labels","","","M2","joking"
"html-keyboard-response","504","2046652","0.0-17.0-0.29","null","<span style=""font-size:40px;"">+</span>","null","","","","","","","","",""
"html-keyboard-response","505","2050795","0.0-17.0-1.29","","","","","","","","","","","",""
"image-keyboard-response","506","2051304","0.0-17.0-2.29","null","stimuli/noise_texture.png","null","","","","","","","","",""
"custom-labels-response","507","2053527","0.0-17.0-3.29","2221.300000011921","","serious","","","","","tom-labels","","","F5","serious"
"html-keyboard-response","508","2054534","0.0-17.0-0.30","null","<span style=""font-size:40px;"">+</span>","null","","","","","","","","",""
"html-keyboard-response","509","2058680","0.0-17.0-1.30","","","","","","","","","","","",""
"image-keyboard-response","510","2059189","0.0-17.0-2.30","null","stimuli/noise_texture.png","null","","","","","","","","",""
"custom-labels-response","511","2061105","0.0-17.0-3.30","1914.0999999940395","","perplexed","","","","","tom-labels","","","F5","perplexed"
"html-keyboard-response","512","2062106","0.0-17.0-0.31","null","<span style=""font-size:40px;"">+</span>","null","","","","","","","","",""
"html-keyboard-response","513","2066092","0.0-17.0-1.31","","","","","","","","","","","",""
"image-keyboard-response","514","2066595","0.0-17.0-2.31","null","stimuli/noise_texture.png","null","","","","","","","","",""
"custom-labels-response","515","2069818","0.0-17.0-3.31","3221.300000011921","","dominant","","","","","tom-labels","","","M1","dominant"
"html-button-response","516","2198753","0.0-18.0","128933.69999998808","You have completed the second part of the experiment.<br> Please take a five-minute break before moving on to the next trial.<p> Feel free to walk around the room and stretch. However, please make sure to return to the task<br> within 5 minutes, as extended delays may result in automatic withdrawal from the study.<br>Press <b>Continue</b> to proceed with the experiment.<p><span id=""clock"">5:00</span>","0","","","","","","","","",""
"instructions","517","2205531","0.0-19.0","6776.299999982119","","","","","","","","","[{""page_index"":0,""viewing_time"":44.19999998807907},{""page_index"":1,""viewing_time"":5234.699999988079},{""page_index"":2,""viewing_time"":1497.1000000238419}]","",""
"html-keyboard-response","518","2206531","0.0-20.0-0.0","null","<span style=""font-size:40px;"">+</span>","null","","","","","","","","",""
"html-keyboard-response","519","2210836","0.0-20.0-1.0","","","","","","","","","","","",""
"image-keyboard-response","520","2211336","0.0-20.0-2.0","null","stimuli/noise_texture.png","null","","","","","","","","",""
"custom-labels-response","521","2215144","0.0-20.0-3.0","3807.300000011921","","pensive","","","","","tom-labels","","","F3","pensive"
"html-keyboard-response","522","2216145","0.0-20.0-0.1","null","<span style=""font-size:40px;"">+</span>","null","","","","","","","","",""
"html-keyboard-response","523","2220384","0.0-20.0-1.1","","","","","","","","","","","",""
"image-keyboard-response","524","2220895","0.0-20.0-2.1","null","stimuli/noise_texture.png","null","","","","","","","","",""
"custom-labels-response","525","2224459","0.0-20.0-3.1","3562.5999999940395","","eager","","","","","tom-labels","","","F5","eager"
"html-keyboard-response","526","2225465","0.0-20.0-0.2","null","<span style=""font-size:40px;"">+</span>","null","","","","","","","","",""
"html-keyboard-response","527","2229778","0.0-20.0-1.2","","","","","","","","","","","",""
"image-keyboard-response","528","2230290","0.0-20.0-2.2","null","stimuli/noise_texture.png","null","","","","","","","","",""
"custom-labels-response","529","2232098","0.0-20.0-3.2","1806.7000000178814","","thoughtful","","","","","tom-labels","","","M2","thoughtful"
"html-keyboard-response","530","2233108","0.0-20.0-0.3","null","<span style=""font-size:40px;"">+</span>","null","","","","","","","","",""
"html-keyboard-response","531","2237338","0.0-20.0-1.3","","","","","","","","","","","",""
"image-keyboard-response","532","2237841","0.0-20.0-2.3","null","stimuli/noise_texture.png","null","","","","","","","","",""
"custom-labels-response","533","2242950","0.0-20.0-3.3","5107.5999999940395","","defiant","","","","","tom-labels","","","M3","accusing"
"html-keyboard-response","534","2243952","0.0-20.0-0.4","null","<span style=""font-size:40px;"">+</span>","null","","","","","","","","",""
"html-keyboard-response","535","2248404","0.0-20.0-1.4","","","","","","","","","","","",""
"image-keyboard-response","536","2248918","0.0-20.0-2.4","null","stimuli/noise_texture.png","null","","","","","","","","",""
"custom-labels-response","537","2251675","0.0-20.0-3.4","2756","","satisfied","","","","","tom-labels","","","M6","satisfied"
"html-keyboard-response","538","2252688","0.0-20.0-0.5","null","<span style=""font-size:40px;"">+</span>","null","","","","","","","","",""
"html-keyboard-response","539","2256878","0.0-20.0-1.5","","","","","","","","","","","",""
"image-keyboard-response","540","2257381","0.0-20.0-2.5","null","stimuli/noise_texture.png","null","","","","","","","","",""
"custom-labels-response","541","2260103","0.0-20.0-3.5","2720.0999999940395","","dispirited","","","","","tom-labels","","","F7","dispirited"
"html-keyboard-response","542","2261110","0.0-20.0-0.6","null","<span style=""font-size:40px;"">+</span>","null","","","","","","","","",""
"html-keyboard-response","543","2265385","0.0-20.0-1.6","","","","","","","","","","","",""
"image-keyboard-response","544","2265901","0.0-20.0-2.6","null","stimuli/noise_texture.png","null","","","","","","","","",""
"custom-labels-response","545","2270917","0.0-20.0-3.6","5014.0999999940395","","serious","","","","","tom-labels","","","F8","cautious"
"html-keyboard-response","546","2271918","0.0-20.0-0.7","null","<span style=""font-size:40px;"">+</span>","null","","","","","","","","",""
"html-keyboard-response","547","2276290","0.0-20.0-1.7","","","","","","","","","","","",""
"image-keyboard-response","548","2276793","0.0-20.0-2.7","null","stimuli/noise_texture.png","null","","","","","","","","",""
"custom-labels-response","549","2278967","0.0-20.0-3.7","2172.300000011921","","pensive","","","","","tom-labels","","","F4","assertive"
"html-keyboard-response","550","2279981","0.0-20.0-0.8","null","<span style=""font-size:40px;"">+</span>","null","","","","","","","","",""
"html-keyboard-response","551","2284560","0.0-20.0-1.8","","","","","","","","","","","",""
"image-keyboard-response","552","2285068","0.0-20.0-2.8","null","stimuli/noise_texture.png","null","","","","","","","","",""
"custom-labels-response","553","2289415","0.0-20.0-3.8","4346.5","","contented","","","","","tom-labels","","","M5","contented"
"html-keyboard-response","554","2290423","0.0-20.0-0.9","null","<span style=""font-size:40px;"">+</span>","null","","","","","","","","",""
"html-keyboard-response","555","2294901","0.0-20.0-1.9","","","","","","","","","","","",""
"image-keyboard-response","556","2295408","0.0-20.0-2.9","null","stimuli/noise_texture.png","null","","","","","","","","",""
"custom-labels-response","557","2297713","0.0-20.0-3.9","2304.399999976158","","insulting","","","","","tom-labels","","","M2","insulting"
"html-keyboard-response","558","2298717","0.0-20.0-0.10","null","<span style=""font-size:40px;"">+</span>","null","","","","","","","","",""
"html-keyboard-response","559","2303668","0.0-20.0-1.10","","","","","","","","","","","",""
"image-keyboard-response","560","2304169","0.0-20.0-2.10","null","stimuli/noise_texture.png","null","","","","","","","","",""
"custom-labels-response","561","2308147","0.0-20.0-3.10","3976.0999999940395","","defiant","","","","","tom-labels","","","M1","sarcastic"
"html-keyboard-response","562","2309156","0.0-20.0-0.11","null","<span style=""font-size:40px;"">+</span>","null","","","","","","","","",""
"html-keyboard-response","563","2313434","0.0-20.0-1.11","","","","","","","","","","","",""
"image-keyboard-response","564","2313936","0.0-20.0-2.11","null","stimuli/noise_texture.png","null","","","","","","","","",""
"custom-labels-response","565","2317497","0.0-20.0-3.11","3560","","insulting","","","","","tom-labels","","","F7","insulting"
"html-keyboard-response","566","2318499","0.0-20.0-0.12","null","<span style=""font-size:40px;"">+</span>","null","","","","","","","","",""
"html-keyboard-response","567","2322721","0.0-20.0-1.12","","","","","","","","","","","",""
"image-keyboard-response","568","2323234","0.0-20.0-2.12","null","stimuli/noise_texture.png","null","","","","","","","","",""
"custom-labels-response","569","2377477","0.0-20.0-3.12","54242.29999998212","","doubtful","","","","","tom-labels","","","M2","doubtful"
"html-keyboard-response","570","2378484","0.0-20.0-0.13","null","<span style=""font-size:40px;"">+</span>","null","","","","","","","","",""
"html-keyboard-response","571","2383386","0.0-20.0-1.13","","","","","","","","","","","",""
"image-keyboard-response","572","2383888","0.0-20.0-2.13","null","stimuli/noise_texture.png","null","","","","","","","","",""
"custom-labels-response","573","2482173","0.0-20.0-3.13","98284.19999998808","","comforting","","","","","tom-labels","","","F6","comforting"
"html-keyboard-response","574","2483180","0.0-20.0-0.14","null","<span style=""font-size:40px;"">+</span>","null","","","","","","","","",""
"html-keyboard-response","575","2487476","0.0-20.0-1.14","","","","","","","","","","","",""
"image-keyboard-response","576","2487978","0.0-20.0-2.14","null","stimuli/noise_texture.png","null","","","","","","","","",""
"custom-labels-response","577","2491947","0.0-20.0-3.14","3968.600000023842","","indecisive","","","","","tom-labels","","","F3","indecisive"
"html-keyboard-response","578","2492955","0.0-20.0-0.15","null","<span style=""font-size:40px;"">+</span>","null","","","","","","","","",""
"html-keyboard-response","579","2497085","0.0-20.0-1.15","","","","","","","","","","","",""
"image-keyboard-response","580","2497599","0.0-20.0-2.15","null","stimuli/noise_texture.png","null","","","","","","","","",""
"custom-labels-response","581","2500063","0.0-20.0-3.15","2463.4000000059605","","earnest","","","","","tom-labels","","","F3","earnest"
"html-keyboard-response","582","2501075","0.0-20.0-0.16","null","<span style=""font-size:40px;"">+</span>","null","","","","","","","","",""
"html-keyboard-response","583","2505502","0.0-20.0-1.16","","","","","","","","","","","",""
"image-keyboard-response","584","2506004","0.0-20.0-2.16","null","stimuli/noise_texture.png","null","","","","","","","","",""
"custom-labels-response","585","2507370","0.0-20.0-3.16","1365.5","","guilty","","","","","tom-labels","","","M5","guilty"
"html-keyboard-response","586","2508375","0.0-20.0-0.17","null","<span style=""font-size:40px;"">+</span>","null","","","","","","","","",""
"html-keyboard-response","587","2512855","0.0-20.0-1.17","","","","","","","","","","","",""
"image-keyboard-response","588","2513368","0.0-20.0-2.17","null","stimuli/noise_texture.png","null","","","","","","","","",""
"custom-labels-response","589","2515485","0.0-20.0-3.17","2115.9000000059605","","joking","","","","","tom-labels","","","F5","joking"
"html-keyboard-response","590","2516491","0.0-20.0-0.18","null","<span style=""font-size:40px;"">+</span>","null","","","","","","","","",""
"html-keyboard-response","591","2521119","0.0-20.0-1.18","","","","","","","","","","","",""
"image-keyboard-response","592","2521620","0.0-20.0-2.18","null","stimuli/noise_texture.png","null","","","","","","","","",""
"custom-labels-response","593","2527764","0.0-20.0-3.18","6142.699999988079","","irritated","","","","","tom-labels","","","F2","hateful"
"html-keyboard-response","594","2528768","0.0-20.0-0.19","null","<span style=""font-size:40px;"">+</span>","null","","","","","","","","",""
"html-keyboard-response","595","2533268","0.0-20.0-1.19","","","","","","","","","","","",""
"image-keyboard-response","596","2533780","0.0-20.0-2.19","null","stimuli/noise_texture.png","null","","","","","","","","",""
"custom-labels-response","597","2535781","0.0-20.0-3.19","2000","","amused","","","","","tom-labels","","","F5","amused"
"html-keyboard-response","598","2536785","0.0-20.0-0.20","null","<span style=""font-size:40px;"">+</span>","null","","","","","","","","",""
"html-keyboard-response","599","2542439","0.0-20.0-1.20","","","","","","","","","","","",""
"image-keyboard-response","600","2542946","0.0-20.0-2.20","null","stimuli/noise_texture.png","null","","","","","","","","",""
"custom-labels-response","601","2545638","0.0-20.0-3.20","2691","","reassuring","","","","","tom-labels","","","F6","reassuring"
"html-keyboard-response","602","2546646","0.0-20.0-0.21","null","<span style=""font-size:40px;"">+</span>","null","","","","","","","","",""
"html-keyboard-response","603","2551333","0.0-20.0-1.21","","","","","","","","","","","",""
"image-keyboard-response","604","2551846","0.0-20.0-2.21","null","stimuli/noise_texture.png","null","","","","","","","","",""
"custom-labels-response","605","2554345","0.0-20.0-3.21","2496.9000000059605","","cautious","","","","","tom-labels","","","M2","cautious"
"html-keyboard-response","606","2555361","0.0-20.0-0.22","null","<span style=""font-size:40px;"">+</span>","null","","","","","","","","",""
"html-keyboard-response","607","2560112","0.0-20.0-1.22","","","","","","","","","","","",""
"image-keyboard-response","608","2560613","0.0-20.0-2.22","null","stimuli/noise_texture.png","null","","","","","","","","",""
"custom-labels-response","609","2562936","0.0-20.0-3.22","2322.199999988079","","flustered","","","","","tom-labels","","","F4","flustered"
"html-keyboard-response","610","2563945","0.0-20.0-0.23","null","<span style=""font-size:40px;"">+</span>","null","","","","","","","","",""
"html-keyboard-response","611","2568578","0.0-20.0-1.23","","","","","","","","","","","",""
"image-keyboard-response","612","2569093","0.0-20.0-2.23","null","stimuli/noise_texture.png","null","","","","","","","","",""
"custom-labels-response","613","2572054","0.0-20.0-3.23","2960.5","","friendly","","","","","tom-labels","","","F8","friendly"
"html-keyboard-response","614","2573060","0.0-20.0-0.24","null","<span style=""font-size:40px;"">+</span>","null","","","","","","","","",""
"html-keyboard-response","615","2577364","0.0-20.0-1.24","","","","","","","","","","","",""
"image-keyboard-response","616","2577873","0.0-20.0-2.24","null","stimuli/noise_texture.png","null","","","","","","","","",""
"custom-labels-response","617","2579160","0.0-20.0-3.24","1286","","doubtful","","","","","tom-labels","","","F3","doubtful"
"html-keyboard-response","618","2580168","0.0-20.0-0.25","null","<span style=""font-size:40px;"">+</span>","null","","","","","","","","",""
"html-keyboard-response","619","2584564","0.0-20.0-1.25","","","","","","","","","","","",""
"image-keyboard-response","620","2585077","0.0-20.0-2.25","null","stimuli/noise_texture.png","null","","","","","","","","",""
"custom-labels-response","621","2588673","0.0-20.0-3.25","3594.2999999821186","","regretful","","","","","tom-labels","","","F3","regretful"
"html-keyboard-response","622","2589674","0.0-20.0-0.26","null","<span style=""font-size:40px;"">+</span>","null","","","","","","","","",""
"html-keyboard-response","623","2594975","0.0-20.0-1.26","","","","","","","","","","","",""
"image-keyboard-response","624","2595485","0.0-20.0-2.26","null","stimuli/noise_texture.png","null","","","","","","","","",""
"custom-labels-response","625","2600145","0.0-20.0-3.26","4658.5","","worried","","","","","tom-labels","","","F6","suspicious"
"html-keyboard-response","626","2601151","0.0-20.0-0.27","null","<span style=""font-size:40px;"">+</span>","null","","","","","","","","",""
"html-keyboard-response","627","2607619","0.0-20.0-1.27","","","","","","","","","","","",""
"image-keyboard-response","628","2608120","0.0-20.0-2.27","null","stimuli/noise_texture.png","null","","","","","","","","",""
"custom-labels-response","629","2610967","0.0-20.0-3.27","2846.4000000059605","","entertained","","","","","tom-labels","","","F3","entertained"
"html-keyboard-response","630","2611983","0.0-20.0-0.28","null","<span style=""font-size:40px;"">+</span>","null","","","","","","","","",""
"html-keyboard-response","631","2616999","0.0-20.0-1.28","","","","","","","","","","","",""
"image-keyboard-response","632","2617503","0.0-20.0-2.28","null","stimuli/noise_texture.png","null","","","","","","","","",""
"custom-labels-response","633","2620108","0.0-20.0-3.28","2602.699999988079","","impatient","","","","","tom-labels","","","M3","impatient"
"html-keyboard-response","634","2621115","0.0-20.0-0.29","null","<span style=""font-size:40px;"">+</span>","null","","","","","","","","",""
"html-keyboard-response","635","2625823","0.0-20.0-1.29","","","","","","","","","","","",""
"image-keyboard-response","636","2626328","0.0-20.0-2.29","null","stimuli/noise_texture.png","null","","","","","","","","",""
"custom-labels-response","637","2629991","0.0-20.0-3.29","3660.5999999940395","","contemplative","","","","","tom-labels","","","M4","contemplative"
"html-keyboard-response","638","2630997","0.0-21.0-0.0","null","<span style=""font-size:40px;"">+</span>","null","","","","","","","","",""
"html-keyboard-response","639","2635420","0.0-21.0-1.0","","","","","","","","","","","",""
"image-keyboard-response","640","2635934","0.0-21.0-2.0","null","stimuli/noise_texture.png","null","","","","","","","","",""
"custom-labels-response","641","2637531","0.0-21.0-3.0","1594.9000000059605","","click","","","","","attention-check","","","F7","contented"
"html-keyboard-response","642","2638534","0.0-23.0-0.0","null","<span style=""font-size:40px;"">+</span>","null","","","","","","","","",""
"html-keyboard-response","643","2642824","0.0-23.0-1.0","","","","","","","","","","","",""
"image-keyboard-response","644","2643338","0.0-23.0-2.0","null","stimuli/noise_texture.png","null","","","","","","","","",""
"custom-labels-response","645","2648869","0.0-23.0-3.0","5529.5","","apologetic","","","","","tom-labels","","","F7","apologetic"
"html-keyboard-response","646","2649870","0.0-23.0-0.1","null","<span style=""font-size:40px;"">+</span>","null","","","","","","","","",""
"html-keyboard-response","647","2654429","0.0-23.0-1.1","","","","","","","","","","","",""
"image-keyboard-response","648","2654931","0.0-23.0-2.1","null","stimuli/noise_texture.png","null","","","","","","","","",""
"custom-labels-response","649","2657382","0.0-23.0-3.1","2449.300000011921","","indifferent","","","","","tom-labels","","","M6","indifferent"
"html-keyboard-response","650","2658383","0.0-23.0-0.2","null","<span style=""font-size:40px;"">+</span>","null","","","","","","","","",""
"html-keyboard-response","651","2662643","0.0-23.0-1.2","","","","","","","","","","","",""
"image-keyboard-response","652","2663153","0.0-23.0-2.2","null","stimuli/noise_texture.png","null","","","","","","","","",""
"custom-labels-response","653","2673868","0.0-23.0-3.2","10713.600000023842","","indifferent","","","","","tom-labels","","","M5","suspicious"
"html-keyboard-response","654","2674874","0.0-23.0-0.3","null","<span style=""font-size:40px;"">+</span>","null","","","","","","","","",""
"html-keyboard-response","655","2679058","0.0-23.0-1.3","","","","","","","","","","","",""
"image-keyboard-response","656","2679565","0.0-23.0-2.3","null","stimuli/noise_texture.png","null","","","","","","","","",""
"custom-labels-response","657","2682671","0.0-23.0-3.3","3105","","desire","","","","","tom-labels","","","F8","desire"
"html-keyboard-response","658","2683672","0.0-23.0-0.4","null","<span style=""font-size:40px;"">+</span>","null","","","","","","","","",""
"html-keyboard-response","659","2687725","0.0-23.0-1.4","","","","","","","","","","","",""
"image-keyboard-response","660","2688229","0.0-23.0-2.4","null","stimuli/noise_texture.png","null","","","","","","","","",""
"custom-labels-response","661","2690389","0.0-23.0-3.4","2157.9000000059605","","deciding","","","","","tom-labels","","","M1","deciding"
"html-keyboard-response","662","2691399","0.0-23.0-0.5","null","<span style=""font-size:40px;"">+</span>","null","","","","","","","","",""
"html-keyboard-response","663","2695635","0.0-23.0-1.5","","","","","","","","","","","",""
"image-keyboard-response","664","2696136","0.0-23.0-2.5","null","stimuli/noise_texture.png","null","","","","","","","","",""
"custom-labels-response","665","2698121","0.0-23.0-3.5","1983.5","","pensive","","","","","tom-labels","","","F4","irritated"
"html-keyboard-response","666","2699123","0.0-23.0-0.6","null","<span style=""font-size:40px;"">+</span>","null","","","","","","","","",""
"html-keyboard-response","667","2703489","0.0-23.0-1.6","","","","","","","","","","","",""
"image-keyboard-response","668","2704001","0.0-23.0-2.6","null","stimuli/noise_texture.png","null","","","","","","","","",""
"custom-labels-response","669","2706545","0.0-23.0-3.6","2543.199999988079","","convinced","","","","","tom-labels","","","F4","convinced"
"html-keyboard-response","670","2707547","0.0-23.0-0.7","null","<span style=""font-size:40px;"">+</span>","null","","","","","","","","",""
"html-keyboard-response","671","2711752","0.0-23.0-1.7","","","","","","","","","","","",""
"image-keyboard-response","672","2712254","0.0-23.0-2.7","null","stimuli/noise_texture.png","null","","","","","","","","",""
"custom-labels-response","673","2715557","0.0-23.0-3.7","3301.800000011921","","apologetic","","","","","tom-labels","","","M3","apologetic"
"html-keyboard-response","674","2716558","0.0-23.0-0.8","null","<span style=""font-size:40px;"">+</span>","null","","","","","","","","",""
"html-keyboard-response","675","2720699","0.0-23.0-1.8","","","","","","","","","","","",""
"image-keyboard-response","676","2721213","0.0-23.0-2.8","null","stimuli/noise_texture.png","null","","","","","","","","",""
"custom-labels-response","677","2725753","0.0-23.0-3.8","4539.5999999940395","","sympathetic","","","","","tom-labels","","","F3","preoccupied"
"html-keyboard-response","678","2726755","0.0-23.0-0.9","null","<span style=""font-size:40px;"">+</span>","null","","","","","","","","",""
"html-keyboard-response","679","2731292","0.0-23.0-1.9","","","","","","","","","","","",""
"image-keyboard-response","680","2731793","0.0-23.0-2.9","null","stimuli/noise_texture.png","null","","","","","","","","",""
"custom-labels-response","681","2735143","0.0-23.0-3.9","3349","","flirtatious","","","","","tom-labels","","","M2","flirtatious"
"html-keyboard-response","682","2736149","0.0-23.0-0.10","null","<span style=""font-size:40px;"">+</span>","null","","","","","","","","",""
"html-keyboard-response","683","2740437","0.0-23.0-1.10","","","","","","","","","","","",""
"image-keyboard-response","684","2740938","0.0-23.0-2.10","null","stimuli/noise_texture.png","null","","","","","","","","",""
"custom-labels-response","685","2744152","0.0-23.0-3.10","3213.4000000059605","","confident","","","","","tom-labels","","","F2","confident"
"html-keyboard-response","686","2745152","0.0-23.0-0.11","null","<span style=""font-size:40px;"">+</span>","null","","","","","","","","",""
"html-keyboard-response","687","2749256","0.0-23.0-1.11","","","","","","","","","","","",""
"image-keyboard-response","688","2749770","0.0-23.0-2.11","null","stimuli/noise_texture.png","null","","","","","","","","",""
"custom-labels-response","689","2752226","0.0-23.0-3.11","2454.300000011921","","offended","","","","","tom-labels","","","F3","offended"
"html-keyboard-response","690","2753230","0.0-23.0-0.12","null","<span style=""font-size:40px;"">+</span>","null","","","","","","","","",""
"html-keyboard-response","691","2757414","0.0-23.0-1.12","","","","","","","","","","","",""
"image-keyboard-response","692","2757921","0.0-23.0-2.12","null","stimuli/noise_texture.png","null","","","","","","","","",""
"custom-labels-response","693","2761676","0.0-23.0-3.12","3754.0999999940395","","upset","","","","","tom-labels","","","M1","upset"
"html-keyboard-response","694","2762680","0.0-23.0-0.13","null","<span style=""font-size:40px;"">+</span>","null","","","","","","","","",""
"html-keyboard-response","695","2767067","0.0-23.0-1.13","","","","","","","","","","","",""
"image-keyboard-response","696","2767572","0.0-23.0-2.13","null","stimuli/noise_texture.png","null","","","","","","","","",""
"custom-labels-response","697","2770388","0.0-23.0-3.13","2815","","intrigued","","","","","tom-labels","","","F5","intrigued"
"html-keyboard-response","698","2771390","0.0-23.0-0.14","null","<span style=""font-size:40px;"">+</span>","null","","","","","","","","",""
"html-keyboard-response","699","2775674","0.0-23.0-1.14","","","","","","","","","","","",""
"image-keyboard-response","700","2776188","0.0-23.0-2.14","null","stimuli/noise_texture.png","null","","","","","","","","",""
"custom-labels-response","701","2780470","0.0-23.0-3.14","4281.799999982119","","reassuring","","","","","tom-labels","","","M4","reassuring"
"html-keyboard-response","702","2781472","0.0-23.0-0.15","null","<span style=""font-size:40px;"">+</span>","null","","","","","","","","",""
"html-keyboard-response","703","2785721","0.0-23.0-1.15","","","","","","","","","","","",""
"image-keyboard-response","704","2786222","0.0-23.0-2.15","null","stimuli/noise_texture.png","null","","","","","","","","",""
"custom-labels-response","705","2788358","0.0-23.0-3.15","2135.7000000178814","","embarrassed","","","","","tom-labels","","","F7","embarrassed"
"html-keyboard-response","706","2789369","0.0-23.0-0.16","null","<span style=""font-size:40px;"">+</span>","null","","","","","","","","",""
"html-keyboard-response","707","2793603","0.0-23.0-1.16","","","","","","","","","","","",""
"image-keyboard-response","708","2794119","0.0-23.0-2.16","null","stimuli/noise_texture.png","null","","","","","","","","",""
"custom-labels-response","709","2797141","0.0-23.0-3.16","3021.0999999940395","","curious","","","","","tom-labels","","","F2","curious"
"html-keyboard-response","710","2798142","0.0-23.0-0.17","null","<span style=""font-size:40px;"">+</span>","null","","","","","","","","",""
"html-keyboard-response","711","2802559","0.0-23.0-1.17","","","","","","","","","","","",""
"image-keyboard-response","712","2803069","0.0-23.0-2.17","null","stimuli/noise_texture.png","null","","","","","","","","",""
"custom-labels-response","713","2806283","0.0-23.0-3.17","3213.199999988079","","uneasy","","","","","tom-labels","","","M2","uneasy"
"html-keyboard-response","714","2807288","0.0-23.0-0.18","null","<span style=""font-size:40px;"">+</span>","null","","","","","","","","",""
"html-keyboard-response","715","2811442","0.0-23.0-1.18","","","","","","","","","","","",""
"image-keyboard-response","716","2811948","0.0-23.0-2.18","null","stimuli/noise_texture.png","null","","","","","","","","",""
"custom-labels-response","717","2820526","0.0-23.0-3.18","8576.799999982119","","confused","","","","","tom-labels","","","F8","confused"
"html-keyboard-response","718","2821530","0.0-23.0-0.19","null","<span style=""font-size:40px;"">+</span>","null","","","","","","","","",""
"html-keyboard-response","719","2825792","0.0-23.0-1.19","","","","","","","","","","","",""
"image-keyboard-response","720","2826306","0.0-23.0-2.19","null","stimuli/noise_texture.png","null","","","","","","","","",""
"custom-labels-response","721","2828582","0.0-23.0-3.19","2272.899999976158","","uneasy","","","","","tom-labels","","","F7","uneasy"
"html-keyboard-response","722","2829584","0.0-23.0-0.20","null","<span style=""font-size:40px;"">+</span>","null","","","","","","","","",""
"html-keyboard-response","723","2833893","0.0-23.0-1.20","","","","","","","","","","","",""
"image-keyboard-response","724","2834399","0.0-23.0-2.20","null","stimuli/noise_texture.png","null","","","","","","","","",""
"custom-labels-response","725","2840700","0.0-23.0-3.20","6299.300000011921","","embarrassed","","","","","tom-labels","","","F4","upset"
"html-keyboard-response","726","2841701","0.0-23.0-0.21","null","<span style=""font-size:40px;"">+</span>","null","","","","","","","","",""
"html-keyboard-response","727","2845965","0.0-23.0-1.21","","","","","","","","","","","",""
"image-keyboard-response","728","2846468","0.0-23.0-2.21","null","stimuli/noise_texture.png","null","","","","","","","","",""
"custom-labels-response","729","2850065","0.0-23.0-3.21","3596.300000011921","","contented","","","","","tom-labels","","","M3","grateful"
"html-keyboard-response","730","2851068","0.0-23.0-0.22","null","<span style=""font-size:40px;"">+</span>","null","","","","","","","","",""
"html-keyboard-response","731","2855337","0.0-23.0-1.22","","","","","","","","","","","",""
"image-keyboard-response","732","2855847","0.0-23.0-2.22","null","stimuli/noise_texture.png","null","","","","","","","","",""
"custom-labels-response","733","2859415","0.0-23.0-3.22","3565","","grateful","","","","","tom-labels","","","F5","grateful"
"html-keyboard-response","734","2860417","0.0-23.0-0.23","null","<span style=""font-size:40px;"">+</span>","null","","","","","","","","",""
"html-keyboard-response","735","2864635","0.0-23.0-1.23","","","","","","","","","","","",""
"image-keyboard-response","736","2865144","0.0-23.0-2.23","null","stimuli/noise_texture.png","null","","","","","","","","",""
"custom-labels-response","737","2867867","0.0-23.0-3.23","2720.4000000059605","","dubious","","","","","tom-labels","","","F4","dubious"
"html-keyboard-response","738","2868869","0.0-23.0-0.24","null","<span style=""font-size:40px;"">+</span>","null","","","","","","","","",""
"html-keyboard-response","739","2872928","0.0-23.0-1.24","","","","","","","","","","","",""
"image-keyboard-response","740","2873435","0.0-23.0-2.24","null","stimuli/noise_texture.png","null","","","","","","","","",""
"custom-labels-response","741","2888638","0.0-23.0-3.24","15202","","incredulous","","","","","tom-labels","","","F3","incredulous"
"html-keyboard-response","742","2889646","0.0-23.0-0.25","null","<span style=""font-size:40px;"">+</span>","null","","","","","","","","",""
"html-keyboard-response","743","2893325","0.0-23.0-1.25","","","","","","","","","","","",""
"image-keyboard-response","744","2893826","0.0-23.0-2.25","null","stimuli/noise_texture.png","null","","","","","","","","",""
"custom-labels-response","745","2898214","0.0-23.0-3.25","4386.800000011921","","disappointed","","","","","tom-labels","","","M1","disappointed"
"html-keyboard-response","746","2899215","0.0-23.0-0.26","null","<span style=""font-size:40px;"">+</span>","null","","","","","","","","",""
"html-keyboard-response","747","2903537","0.0-23.0-1.26","","","","","","","","","","","",""
"image-keyboard-response","748","2904049","0.0-23.0-2.26","null","stimuli/noise_texture.png","null","","","","","","","","",""
"custom-labels-response","749","2906827","0.0-23.0-3.26","2777.199999988079","","concerned","","","","","tom-labels","","","F7","concerned"
"html-keyboard-response","750","2907829","0.0-23.0-0.27","null","<span style=""font-size:40px;"">+</span>","null","","","","","","","","",""
"html-keyboard-response","751","2912151","0.0-23.0-1.27","","","","","","","","","","","",""
"image-keyboard-response","752","2912658","0.0-23.0-2.27","null","stimuli/noise_texture.png","null","","","","","","","","",""
"custom-labels-response","753","2915018","0.0-23.0-3.27","2357.9000000059605","","terrified","","","","","tom-labels","","","M4","anxious"
"html-keyboard-response","754","2916033","0.0-23.0-0.28","null","<span style=""font-size:40px;"">+</span>","null","","","","","","","","",""
"html-keyboard-response","755","2920127","0.0-23.0-1.28","","","","","","","","","","","",""
"image-keyboard-response","756","2920641","0.0-23.0-2.28","null","stimuli/noise_texture.png","null","","","","","","","","",""
"custom-labels-response","757","2922592","0.0-23.0-3.28","1950.3999999761581","","threatening","","","","","tom-labels","","","M3","threatening"
"html-keyboard-response","758","2923594","0.0-23.0-0.29","null","<span style=""font-size:40px;"">+</span>","null","","","","","","","","",""
"html-keyboard-response","759","2927704","0.0-23.0-1.29","","","","","","","","","","","",""
"image-keyboard-response","760","2928217","0.0-23.0-2.29","null","stimuli/noise_texture.png","null","","","","","","","","",""
"custom-labels-response","761","2930586","0.0-23.0-3.29","2368.300000011921","","hateful","","","","","tom-labels","","","M3","hateful"
"html-button-response","762","2936874","0.0-24.0","6287","<h3>Thank you for participating!</h1><p>You are done with the experiment. You will receive the full payment for your participation. Thank you for your time and contribution.</p><p>You will be automatically redirected to Prolific upon clicking <strong>Complete Experiment</strong>.</p><p>Please DO NOT close this tab until you have been redirected to Prolific. Please take note of your Prolific Completion Code before clicking <strong>Complete Experiment</strong>: <strong>C1HPV5RI</strong>.</p>","0","6695278758244f9d6186746e","1760812812257","A","0","","","","",""
