"trial_type","trial_index","time_elapsed","internal_node_id","rt","stimulus","response","PID","START_TIME","EXP_AB","ATTENTION_FAILURES","trial","responses","view_history","actor","target_emotion"
"pavlovia","0","702","0.0-0.0","","","","","","","","","","","",""
"html-button-response","1","10753","0.0-1.0","10049.300000000745","<h1>Welcome to the Multiethnic Face Database Study!</h1>","0","5f392fae9168cc472f0468f6","1760808204308","A","0","","","","",""
"html-button-response","2","16512","0.0-2.0","5758.800000000745","<div style=""text-align: left; margin: 50px 80px -60px 80px;""><p><span style='text-decoration: underline;'><strong>CONSENT FORM </strong></span></p><p><strong>McGill University </strong></p><p><strong>Title of Research:</strong> A Dual Process Theory of Theory of Mind</p><p><strong>Researchers:</strong><br>Ian Gold, Ph.D., Professor, McGill University<br />Elizaveta Solomonova, Ph.D., Researcher, McGill University <br />Fernanda Perez-Gay Juarez, M.D., Ph.D., Psychiatry Resident, McGill University<br />Sophie Serebryany, Undergraduate Student, McGill University <br />Ani Shahbazian, Undergraduate Student, Concordia University<br>Sophie Hoyer, Undergraduate Student, McGill University</p><p><strong>Contact Information:<br />Tel:</strong> 514-398-8939 (Dr. Ian Gold) <br /><strong>Email:</strong> neurophilosophylabmcgill@gmail.com (all researchers)</p><p><strong>Purpose of the research:</strong><br> This study aims to measure people's ability to understand what others are thinking and feeling across different contexts and modalities. Please read through the description of the research project, and take the opportunity to ask any questions that you have about the project.</p><p><strong>What is involved in participating:</strong><br>You will be asked to look at a series of videos of facial expressions and answer questions about them. The online study in its entirety will take around [insert time], divided into 3 blocks with two 5-minute breaks in between. You will be asked to respond by answering multiple choice questions about the video. You will only need a mouse and a keyboard to provide responses to the various tasks.</p><p><strong>Right to withdraw:</strong><br>Please note that your participation is voluntary, and you are free to withdraw at any time without any negative consequences. Once you consent to participate, you may proceed to complete the online tasks. At the end of the experiment, you will see the message 'This is the end of the study. Please click on the button 'Complete the Experiment' to save your data and obtain your payment code.' Once you click the button, your data will be automatically collected through Pavlovia. Since participants will be anonymized (identified only by an alphanumeric code assigned by Prolific), the data will not be able to be withdrawn anonymously once you have completed the experiment. If you wish to withdraw consent without data collection, do not click the button to end the experiment and just close your browser.</p><p><strong>Confidentiality:</strong><br>The study's data will be kept for 7 years, stored in a password-protected virtual drive under the jurisdiction of McGill University (Dr. Ian Gold McGill's OneDrive). Your responses will be kept strictly confidential and will be identified only by means of your Prolific ID and never with your name or other identifying information. Only members of Dr. Ian Gold's lab will have access to identifiable study materials. You will not be identified or identifiable in any report or reports that result from the research (peer reviewed publications, presentations at national and international conferences, etc).</p><p><strong>Compensation:</strong><br>You will be compensated with &pound;9 for the completion of the study which should take approximately 60 minutes. Please use the completion code given to you at the end of the study to retrieve your payment in your Prolific account. Please note that if you decide to withdraw before finishing a session, there will be no way to compensate you for the time you spent, given that your data will not be saved.</p><p><strong>Risks &amp; Benefits:</strong> The only associated risks associated with this study are screen fatigue. If you have questions or concerns regarding your rights or welfare as a participant in this research study, please contact the Manager, Research Ethics at 514-398-6831 or lynda.mcneil@mcgill.ca.</p><p><strong>Consent:</strong><br>Please click on the button below if you have read the above information and consent to participate in this study. Otherwise, you can just close this window and return to the experiment in Prolific. Agreeing to participate in this study does not waive any of your rights or release the researchers from their responsibilities. To ensure the study is being conducted properly, authorized individuals, such as a member of the Research Ethics Board, may have access to your information.</p></div>","0","","","","","false","","","",""
"survey-demo","3","78068","0.0-3.0","61550.699999999255","","","5f392fae9168cc472f0468f6","1760808204308","","","demo","{""age"":""78"",""gender"":""Man"",""ethnicity"":[""White""],""education"":""Graduate school (PhD/MD/JD)"",""religion"":""Christian"",""birthcountry"":""Ireland"",""residencecountry"":""Ireland"",""yearsresidence"":""78"",""internetspeed"":""500""}","","",""
"instructions","4","175608","0.0-6.0-0.0","97539.5","","","","","","","","","[{""page_index"":0,""viewing_time"":5307.39999999851},{""page_index"":1,""viewing_time"":14207.800000000745},{""page_index"":2,""viewing_time"":5920},{""page_index"":3,""viewing_time"":66744.09999999776},{""page_index"":4,""viewing_time"":5360}]","",""
"html-keyboard-response","5","176624","0.0-6.0-1.0","null","<span style=""font-size:40px;"">+</span>","null","","","","","","","","",""
"html-keyboard-response","6","180842","0.0-6.0-2.0","","","","","","","","","","","",""
"image-keyboard-response","7","181347","0.0-6.0-3.0","null","stimuli/noise_texture.png","null","","","","","","","","",""
"custom-labels-response","8","183240","0.0-6.0-4.0","1892.3999999985099","","doubtful","","","","","tom-labels-practice","","","12","Doubtful"
"html-button-response","9","191616","0.0-7.0","8375.10000000149","<div style=""width: 1000px; height: 45px""><p>You will now be shown a series of short videos. Please select the label that best describes the emotion that the face was showing. Please provide one best guess for each item. Starting now, your responses will be recorded.</p><p>Click <strong>Continue</strong> to start. Good luck!</p></div>","0","","","","","false","","","",""
"html-keyboard-response","10","192617","0.0-8.0-0.0","null","<span style=""font-size:40px;"">+</span>","null","","","","","","","","",""
"html-keyboard-response","11","196853","0.0-8.0-1.0","","","","","","","","","","","",""
"image-keyboard-response","12","197365","0.0-8.0-2.0","null","stimuli/noise_texture.png","null","","","","","","","","",""
"custom-labels-response","13","200504","0.0-8.0-3.0","3138.5","","reflective","","","","","tom-labels","","","M6","reflective"
"html-keyboard-response","14","201505","0.0-8.0-0.1","null","<span style=""font-size:40px;"">+</span>","null","","","","","","","","",""
"html-keyboard-response","15","205956","0.0-8.0-1.1","","","","","","","","","","","",""
"image-keyboard-response","16","206458","0.0-8.0-2.1","null","stimuli/noise_texture.png","null","","","","","","","","",""
"custom-labels-response","17","211328","0.0-8.0-3.1","4869.5","","anticipating","","","","","tom-labels","","","M6","anticipating"
"html-keyboard-response","18","212329","0.0-8.0-0.2","null","<span style=""font-size:40px;"">+</span>","null","","","","","","","","",""
"html-keyboard-response","19","216506","0.0-8.0-1.2","","","","","","","","","","","",""
"image-keyboard-response","20","217012","0.0-8.0-2.2","null","stimuli/noise_texture.png","null","","","","","","","","",""
"custom-labels-response","21","219424","0.0-8.0-3.2","2411.2999999970198","","distrustful","","","","","tom-labels","","","M2","distrustful"
"html-keyboard-response","22","220425","0.0-8.0-0.3","null","<span style=""font-size:40px;"">+</span>","null","","","","","","","","",""
"html-keyboard-response","23","224409","0.0-8.0-1.3","","","","","","","","","","","",""
"image-keyboard-response","24","224920","0.0-8.0-2.3","null","stimuli/noise_texture.png","null","","","","","","","","",""
"custom-labels-response","25","228120","0.0-8.0-3.3","3199.800000000745","","pensive","","","","","tom-labels","","","F3","pensive"
"html-keyboard-response","26","229132","0.0-8.0-0.4","null","<span style=""font-size:40px;"">+</span>","null","","","","","","","","",""
"html-keyboard-response","27","233427","0.0-8.0-1.4","","","","","","","","","","","",""
"image-keyboard-response","28","233937","0.0-8.0-2.4","null","stimuli/noise_texture.png","null","","","","","","","","",""
"custom-labels-response","29","237952","0.0-8.0-3.4","4014.39999999851","","defiant","","","","","tom-labels","","","M6","irritated"
"html-keyboard-response","30","238953","0.0-8.0-0.5","null","<span style=""font-size:40px;"">+</span>","null","","","","","","","","",""
"html-keyboard-response","31","243204","0.0-8.0-1.5","","","","","","","","","","","",""
"image-keyboard-response","32","243716","0.0-8.0-2.5","null","stimuli/noise_texture.png","null","","","","","","","","",""
"custom-labels-response","33","246848","0.0-8.0-3.5","3131.2999999970198","","puzzled","","","","","tom-labels","","","F8","decisive"
"html-keyboard-response","34","247854","0.0-8.0-0.6","null","<span style=""font-size:40px;"">+</span>","null","","","","","","","","",""
"html-keyboard-response","35","252020","0.0-8.0-1.6","","","","","","","","","","","",""
"image-keyboard-response","36","252523","0.0-8.0-2.6","null","stimuli/noise_texture.png","null","","","","","","","","",""
"custom-labels-response","37","254986","0.0-8.0-3.6","2461.599999997765","","relaxed","","","","","tom-labels","","","F2","relaxed"
"html-keyboard-response","38","255996","0.0-8.0-0.7","null","<span style=""font-size:40px;"">+</span>","null","","","","","","","","",""
"html-keyboard-response","39","260070","0.0-8.0-1.7","","","","","","","","","","","",""
"image-keyboard-response","40","260582","0.0-8.0-2.7","null","stimuli/noise_texture.png","null","","","","","","","","",""
"custom-labels-response","41","263160","0.0-8.0-3.7","2578","","dubious","","","","","tom-labels","","","M3","dubious"
"html-keyboard-response","42","264169","0.0-8.0-0.8","null","<span style=""font-size:40px;"">+</span>","null","","","","","","","","",""
"html-keyboard-response","43","268817","0.0-8.0-1.8","","","","","","","","","","","",""
"image-keyboard-response","44","269318","0.0-8.0-2.8","null","stimuli/noise_texture.png","null","","","","","","","","",""
"custom-labels-response","45","273536","0.0-8.0-3.8","4217.599999997765","","anxious","","","","","tom-labels","","","M6","despondent"
"html-keyboard-response","46","274538","0.0-8.0-0.9","null","<span style=""font-size:40px;"">+</span>","null","","","","","","","","",""
"html-keyboard-response","47","278652","0.0-8.0-1.9","","","","","","","","","","","",""
"image-keyboard-response","48","279153","0.0-8.0-2.9","null","stimuli/noise_texture.png","null","","","","","","","","",""
"custom-labels-response","49","281504","0.0-8.0-3.9","2350.199999999255","","baffled","","","","","tom-labels","","","F2","baffled"
"html-keyboard-response","50","282518","0.0-8.0-0.10","null","<span style=""font-size:40px;"">+</span>","null","","","","","","","","",""
"html-keyboard-response","51","286495","0.0-8.0-1.10","","","","","","","","","","","",""
"image-keyboard-response","52","286996","0.0-8.0-2.10","null","stimuli/noise_texture.png","null","","","","","","","","",""
"custom-labels-response","53","292048","0.0-8.0-3.10","5051.300000000745","","alarmed","","","","","tom-labels","","","F3","alarmed"
"html-keyboard-response","54","293052","0.0-8.0-0.11","null","<span style=""font-size:40px;"">+</span>","null","","","","","","","","",""
"html-keyboard-response","55","297166","0.0-8.0-1.11","","","","","","","","","","","",""
"image-keyboard-response","56","297667","0.0-8.0-2.11","null","stimuli/noise_texture.png","null","","","","","","","","",""
"custom-labels-response","57","301480","0.0-8.0-3.11","3812.5","","encouraging","","","","","tom-labels","","","F5","encouraging"
"html-keyboard-response","58","302491","0.0-8.0-0.12","null","<span style=""font-size:40px;"">+</span>","null","","","","","","","","",""
"html-keyboard-response","59","306610","0.0-8.0-1.12","","","","","","","","","","","",""
"image-keyboard-response","60","307110","0.0-8.0-2.12","null","stimuli/noise_texture.png","null","","","","","","","","",""
"custom-labels-response","61","309328","0.0-8.0-3.12","2217.599999997765","","relaxed","","","","","tom-labels","","","M4","reassuring"
"html-keyboard-response","62","310329","0.0-8.0-0.13","null","<span style=""font-size:40px;"">+</span>","null","","","","","","","","",""
"html-keyboard-response","63","314487","0.0-8.0-1.13","","","","","","","","","","","",""
"image-keyboard-response","64","314999","0.0-8.0-2.13","null","stimuli/noise_texture.png","null","","","","","","","","",""
"custom-labels-response","65","319200","0.0-8.0-3.13","4200.39999999851","","enthused","","","","","tom-labels","","","F2","enthused"
"html-keyboard-response","66","320211","0.0-8.0-0.14","null","<span style=""font-size:40px;"">+</span>","null","","","","","","","","",""
"html-keyboard-response","67","324594","0.0-8.0-1.14","","","","","","","","","","","",""
"image-keyboard-response","68","325101","0.0-8.0-2.14","null","stimuli/noise_texture.png","null","","","","","","","","",""
"custom-labels-response","69","328448","0.0-8.0-3.14","3346.60000000149","","convinced","","","","","tom-labels","","","F4","convinced"
"html-keyboard-response","70","329450","0.0-8.0-0.15","null","<span style=""font-size:40px;"">+</span>","null","","","","","","","","",""
"html-keyboard-response","71","333559","0.0-8.0-1.15","","","","","","","","","","","",""
"image-keyboard-response","72","334074","0.0-8.0-2.15","null","stimuli/noise_texture.png","null","","","","","","","","",""
"custom-labels-response","73","336616","0.0-8.0-3.15","2541.10000000149","","distrustful","","","","","tom-labels","","","M4","flustered"
"html-keyboard-response","74","337620","0.0-8.0-0.16","null","<span style=""font-size:40px;"">+</span>","null","","","","","","","","",""
"html-keyboard-response","75","341718","0.0-8.0-1.16","","","","","","","","","","","",""
"image-keyboard-response","76","342234","0.0-8.0-2.16","null","stimuli/noise_texture.png","null","","","","","","","","",""
"custom-labels-response","77","345336","0.0-8.0-3.16","3101.7999999970198","","accusing","","","","","tom-labels","","","M3","accusing"
"html-keyboard-response","78","346347","0.0-8.0-0.17","null","<span style=""font-size:40px;"">+</span>","null","","","","","","","","",""
"html-keyboard-response","79","350458","0.0-8.0-1.17","","","","","","","","","","","",""
"image-keyboard-response","80","350963","0.0-8.0-2.17","null","stimuli/noise_texture.png","null","","","","","","","","",""
"custom-labels-response","81","354224","0.0-8.0-3.17","3260.5","","contented","","","","","tom-labels","","","F7","contented"
"html-keyboard-response","82","355225","0.0-8.0-0.18","null","<span style=""font-size:40px;"">+</span>","null","","","","","","","","",""
"html-keyboard-response","83","359558","0.0-8.0-1.18","","","","","","","","","","","",""
"image-keyboard-response","84","360073","0.0-8.0-2.18","null","stimuli/noise_texture.png","null","","","","","","","","",""
"custom-labels-response","85","362288","0.0-8.0-3.18","2215.099999997765","","uneasy","","","","","tom-labels","","","M2","insulting"
"html-keyboard-response","86","363301","0.0-8.0-0.19","null","<span style=""font-size:40px;"">+</span>","null","","","","","","","","",""
"html-keyboard-response","87","367237","0.0-8.0-1.19","","","","","","","","","","","",""
"image-keyboard-response","88","367753","0.0-8.0-2.19","null","stimuli/noise_texture.png","null","","","","","","","","",""
"custom-labels-response","89","370312","0.0-8.0-3.19","2558.900000002235","","insisting","","","","","tom-labels","","","F3","insisting"
"html-keyboard-response","90","371318","0.0-8.0-0.20","null","<span style=""font-size:40px;"">+</span>","null","","","","","","","","",""
"html-keyboard-response","91","375692","0.0-8.0-1.20","","","","","","","","","","","",""
"image-keyboard-response","92","376198","0.0-8.0-2.20","null","stimuli/noise_texture.png","null","","","","","","","","",""
"custom-labels-response","93","378040","0.0-8.0-3.20","1841.4000000022352","","curious","","","","","tom-labels","","","M6","curious"
"html-keyboard-response","94","379049","0.0-8.0-0.21","null","<span style=""font-size:40px;"">+</span>","null","","","","","","","","",""
"html-keyboard-response","95","383241","0.0-8.0-1.21","","","","","","","","","","","",""
"image-keyboard-response","96","383753","0.0-8.0-2.21","null","stimuli/noise_texture.png","null","","","","","","","","",""
"custom-labels-response","97","387288","0.0-8.0-3.21","3535","","anticipating","","","","","tom-labels","","","M5","hostile"
"html-keyboard-response","98","388289","0.0-8.0-0.22","null","<span style=""font-size:40px;"">+</span>","null","","","","","","","","",""
"html-keyboard-response","99","392449","0.0-8.0-1.22","","","","","","","","","","","",""
"image-keyboard-response","100","392953","0.0-8.0-2.22","null","stimuli/noise_texture.png","null","","","","","","","","",""
"custom-labels-response","101","395568","0.0-8.0-3.22","2615.099999997765","","doubtful","","","","","tom-labels","","","F5","perplexed"
"html-keyboard-response","102","396582","0.0-8.0-0.23","null","<span style=""font-size:40px;"">+</span>","null","","","","","","","","",""
"html-keyboard-response","103","400716","0.0-8.0-1.23","","","","","","","","","","","",""
"image-keyboard-response","104","401224","0.0-8.0-2.23","null","stimuli/noise_texture.png","null","","","","","","","","",""
"custom-labels-response","105","404608","0.0-8.0-3.23","3383.7999999970198","","interested","","","","","tom-labels","","","F2","interested"
"html-keyboard-response","106","405610","0.0-8.0-0.24","null","<span style=""font-size:40px;"">+</span>","null","","","","","","","","",""
"html-keyboard-response","107","409723","0.0-8.0-1.24","","","","","","","","","","","",""
"image-keyboard-response","108","410224","0.0-8.0-2.24","null","stimuli/noise_texture.png","null","","","","","","","","",""
"custom-labels-response","109","412696","0.0-8.0-3.24","2471.39999999851","","thoughtful","","","","","tom-labels","","","M2","thoughtful"
"html-keyboard-response","110","413707","0.0-8.0-0.25","null","<span style=""font-size:40px;"">+</span>","null","","","","","","","","",""
"html-keyboard-response","111","417204","0.0-8.0-1.25","","","","","","","","","","","",""
"image-keyboard-response","112","417714","0.0-8.0-2.25","null","stimuli/noise_texture.png","null","","","","","","","","",""
"custom-labels-response","113","420656","0.0-8.0-3.25","2941","","anticipating","","","","","tom-labels","","","M1","disappointed"
"html-keyboard-response","114","421658","0.0-8.0-0.26","null","<span style=""font-size:40px;"">+</span>","null","","","","","","","","",""
"html-keyboard-response","115","425655","0.0-8.0-1.26","","","","","","","","","","","",""
"image-keyboard-response","116","426163","0.0-8.0-2.26","null","stimuli/noise_texture.png","null","","","","","","","","",""
"custom-labels-response","117","430136","0.0-8.0-3.26","3972.599999997765","","confused","","","","","tom-labels","","","M3","threatening"
"html-keyboard-response","118","431150","0.0-8.0-0.27","null","<span style=""font-size:40px;"">+</span>","null","","","","","","","","",""
"html-keyboard-response","119","435108","0.0-8.0-1.27","","","","","","","","","","","",""
"image-keyboard-response","120","435619","0.0-8.0-2.27","null","stimuli/noise_texture.png","null","","","","","","","","",""
"custom-labels-response","121","438064","0.0-8.0-3.27","2444.39999999851","","impatient","","","","","tom-labels","","","M3","impatient"
"html-keyboard-response","122","439065","0.0-8.0-0.28","null","<span style=""font-size:40px;"">+</span>","null","","","","","","","","",""
"html-keyboard-response","123","443236","0.0-8.0-1.28","","","","","","","","","","","",""
"image-keyboard-response","124","443745","0.0-8.0-2.28","null","stimuli/noise_texture.png","null","","","","","","","","",""
"custom-labels-response","125","445552","0.0-8.0-3.28","1806.6000000014901","","baffled","","","","","tom-labels","","","M4","baffled"
"html-keyboard-response","126","446553","0.0-8.0-0.29","null","<span style=""font-size:40px;"">+</span>","null","","","","","","","","",""
"html-keyboard-response","127","450706","0.0-8.0-1.29","","","","","","","","","","","",""
"image-keyboard-response","128","451216","0.0-8.0-2.29","null","stimuli/noise_texture.png","null","","","","","","","","",""
"custom-labels-response","129","455896","0.0-8.0-3.29","4679.599999997765","","annoyed","","","","","tom-labels","","","F7","aghast"
"html-keyboard-response","130","456897","0.0-8.0-0.30","null","<span style=""font-size:40px;"">+</span>","null","","","","","","","","",""
"html-keyboard-response","131","461036","0.0-8.0-1.30","","","","","","","","","","","",""
"image-keyboard-response","132","461552","0.0-8.0-2.30","null","stimuli/noise_texture.png","null","","","","","","","","",""
"custom-labels-response","133","464024","0.0-8.0-3.30","2471.89999999851","","sympathetic","","","","","tom-labels","","","F8","desire"
"html-keyboard-response","134","465025","0.0-8.0-0.31","null","<span style=""font-size:40px;"">+</span>","null","","","","","","","","",""
"html-keyboard-response","135","469194","0.0-8.0-1.31","","","","","","","","","","","",""
"image-keyboard-response","136","469694","0.0-8.0-2.31","null","stimuli/noise_texture.png","null","","","","","","","","",""
"custom-labels-response","137","472392","0.0-8.0-3.31","2697.5","","fascinated","","","","","tom-labels","","","F4","stern"
"html-keyboard-response","138","473408","0.0-8.0-0.32","null","<span style=""font-size:40px;"">+</span>","null","","","","","","","","",""
"html-keyboard-response","139","477560","0.0-8.0-1.32","","","","","","","","","","","",""
"image-keyboard-response","140","478061","0.0-8.0-2.32","null","stimuli/noise_texture.png","null","","","","","","","","",""
"custom-labels-response","141","482240","0.0-8.0-3.32","4178.400000002235","","fearful","","","","","tom-labels","","","M5","fearful"
"html-keyboard-response","142","483241","0.0-8.0-0.33","null","<span style=""font-size:40px;"">+</span>","null","","","","","","","","",""
"html-keyboard-response","143","487416","0.0-8.0-1.33","","","","","","","","","","","",""
"image-keyboard-response","144","487932","0.0-8.0-2.33","null","stimuli/noise_texture.png","null","","","","","","","","",""
"custom-labels-response","145","490496","0.0-8.0-3.33","2564","","serious","","","","","tom-labels","","","F4","upset"
"html-keyboard-response","146","491500","0.0-8.0-0.34","null","<span style=""font-size:40px;"">+</span>","null","","","","","","","","",""
"html-keyboard-response","147","495617","0.0-8.0-1.34","","","","","","","","","","","",""
"image-keyboard-response","148","496131","0.0-8.0-2.34","null","stimuli/noise_texture.png","null","","","","","","","","",""
"custom-labels-response","149","498056","0.0-8.0-3.34","1924.800000000745","","embarrassed","","","","","tom-labels","","","F7","embarrassed"
"html-keyboard-response","150","499063","0.0-8.0-0.35","null","<span style=""font-size:40px;"">+</span>","null","","","","","","","","",""
"html-keyboard-response","151","503029","0.0-8.0-1.35","","","","","","","","","","","",""
"image-keyboard-response","152","503544","0.0-8.0-2.35","null","stimuli/noise_texture.png","null","","","","","","","","",""
"custom-labels-response","153","506712","0.0-8.0-3.35","3167.599999997765","","uneasy","","","","","tom-labels","","","M3","offended"
"html-keyboard-response","154","507713","0.0-8.0-0.36","null","<span style=""font-size:40px;"">+</span>","null","","","","","","","","",""
"html-keyboard-response","155","511579","0.0-8.0-1.36","","","","","","","","","","","",""
"image-keyboard-response","156","512089","0.0-8.0-2.36","null","stimuli/noise_texture.png","null","","","","","","","","",""
"custom-labels-response","157","514736","0.0-8.0-3.36","2646.2999999970198","","alarmed","","","","","tom-labels","","","M2","alarmed"
"html-keyboard-response","158","515744","0.0-8.0-0.37","null","<span style=""font-size:40px;"">+</span>","null","","","","","","","","",""
"html-keyboard-response","159","519940","0.0-8.0-1.37","","","","","","","","","","","",""
"image-keyboard-response","160","520446","0.0-8.0-2.37","null","stimuli/noise_texture.png","null","","","","","","","","",""
"custom-labels-response","161","523264","0.0-8.0-3.37","2817.2999999970198","","distrustful","","","","","tom-labels","","","F5","worried"
"html-keyboard-response","162","524279","0.0-8.0-0.38","null","<span style=""font-size:40px;"">+</span>","null","","","","","","","","",""
"html-keyboard-response","163","528505","0.0-8.0-1.38","","","","","","","","","","","",""
"image-keyboard-response","164","529007","0.0-8.0-2.38","null","stimuli/noise_texture.png","null","","","","","","","","",""
"custom-labels-response","165","531624","0.0-8.0-3.38","2616.5","","entertained","","","","","tom-labels","","","F2","confident"
"html-keyboard-response","166","532637","0.0-8.0-0.39","null","<span style=""font-size:40px;"">+</span>","null","","","","","","","","",""
"html-keyboard-response","167","536607","0.0-8.0-1.39","","","","","","","","","","","",""
"image-keyboard-response","168","537118","0.0-8.0-2.39","null","stimuli/noise_texture.png","null","","","","","","","","",""
"custom-labels-response","169","539952","0.0-8.0-3.39","2834","","doubtful","","","","","tom-labels","","","M3","hateful"
"html-keyboard-response","170","540957","0.0-9.0-0.0","null","<span style=""font-size:40px;"">+</span>","null","","","","","","","","",""
"html-keyboard-response","171","545082","0.0-9.0-1.0","","","","","","","","","","","",""
"image-keyboard-response","172","545583","0.0-9.0-2.0","null","stimuli/noise_texture.png","null","","","","","","","","",""
"custom-labels-response","173","550728","0.0-9.0-3.0","5144.89999999851","","click","","","","","attention-check","","","F8","decisive"
"html-keyboard-response","174","551729","0.0-11.0-0.0","null","<span style=""font-size:40px;"">+</span>","null","","","","","","","","",""
"html-keyboard-response","175","555913","0.0-11.0-1.0","","","","","","","","","","","",""
"image-keyboard-response","176","556425","0.0-11.0-2.0","null","stimuli/noise_texture.png","null","","","","","","","","",""
"custom-labels-response","177","558800","0.0-11.0-3.0","2374.199999999255","","playful","","","","","tom-labels","","","F2","playful"
"html-keyboard-response","178","559801","0.0-11.0-0.1","null","<span style=""font-size:40px;"">+</span>","null","","","","","","","","",""
"html-keyboard-response","179","563990","0.0-11.0-1.1","","","","","","","","","","","",""
"image-keyboard-response","180","564492","0.0-11.0-2.1","null","stimuli/noise_texture.png","null","","","","","","","","",""
"custom-labels-response","181","567032","0.0-11.0-3.1","2540","","nervous","","","","","tom-labels","","","F2","nervous"
"html-keyboard-response","182","568033","0.0-11.0-0.2","null","<span style=""font-size:40px;"">+</span>","null","","","","","","","","",""
"html-keyboard-response","183","572271","0.0-11.0-1.2","","","","","","","","","","","",""
"image-keyboard-response","184","572786","0.0-11.0-2.2","null","stimuli/noise_texture.png","null","","","","","","","","",""
"custom-labels-response","185","578352","0.0-11.0-3.2","5565.5","","anxious","","","","","tom-labels","","","F7","anxious"
"html-keyboard-response","186","579353","0.0-11.0-0.3","null","<span style=""font-size:40px;"">+</span>","null","","","","","","","","",""
"html-keyboard-response","187","583450","0.0-11.0-1.3","","","","","","","","","","","",""
"image-keyboard-response","188","583963","0.0-11.0-2.3","null","stimuli/noise_texture.png","null","","","","","","","","",""
"custom-labels-response","189","585760","0.0-11.0-3.3","1796.199999999255","","friendly","","","","","tom-labels","","","M5","friendly"
"html-keyboard-response","190","586763","0.0-11.0-0.4","null","<span style=""font-size:40px;"">+</span>","null","","","","","","","","",""
"html-keyboard-response","191","591143","0.0-11.0-1.4","","","","","","","","","","","",""
"image-keyboard-response","192","591649","0.0-11.0-2.4","null","stimuli/noise_texture.png","null","","","","","","","","",""
"custom-labels-response","193","593592","0.0-11.0-3.4","1943.1000000014901","","terrified","","","","","tom-labels","","","F6","terrified"
"html-keyboard-response","194","594597","0.0-11.0-0.5","null","<span style=""font-size:40px;"">+</span>","null","","","","","","","","",""
"html-keyboard-response","195","598907","0.0-11.0-1.5","","","","","","","","","","","",""
"image-keyboard-response","196","599421","0.0-11.0-2.5","null","stimuli/noise_texture.png","null","","","","","","","","",""
"custom-labels-response","197","602296","0.0-11.0-3.5","2874.39999999851","","eager","","","","","tom-labels","","","M5","eager"
"html-keyboard-response","198","603297","0.0-11.0-0.6","null","<span style=""font-size:40px;"">+</span>","null","","","","","","","","",""
"html-keyboard-response","199","607468","0.0-11.0-1.6","","","","","","","","","","","",""
"image-keyboard-response","200","607968","0.0-11.0-2.6","null","stimuli/noise_texture.png","null","","","","","","","","",""
"custom-labels-response","201","610864","0.0-11.0-3.6","2895.10000000149","","defiant","","","","","tom-labels","","","M3","apologetic"
"html-keyboard-response","202","611875","0.0-11.0-0.7","null","<span style=""font-size:40px;"">+</span>","null","","","","","","","","",""
"html-keyboard-response","203","615986","0.0-11.0-1.7","","","","","","","","","","","",""
"image-keyboard-response","204","616488","0.0-11.0-2.7","null","stimuli/noise_texture.png","null","","","","","","","","",""
"custom-labels-response","205","618648","0.0-11.0-3.7","2159.2999999970198","","serious","","","","","tom-labels","","","F4","arrogant"
"html-keyboard-response","206","619652","0.0-11.0-0.8","null","<span style=""font-size:40px;"">+</span>","null","","","","","","","","",""
"html-keyboard-response","207","623800","0.0-11.0-1.8","","","","","","","","","","","",""
"image-keyboard-response","208","624307","0.0-11.0-2.8","null","stimuli/noise_texture.png","null","","","","","","","","",""
"custom-labels-response","209","628904","0.0-11.0-3.8","4596.39999999851","","thoughtful","","","","","tom-labels","","","F7","apologetic"
"html-keyboard-response","210","629905","0.0-11.0-0.9","null","<span style=""font-size:40px;"">+</span>","null","","","","","","","","",""
"html-keyboard-response","211","634143","0.0-11.0-1.9","","","","","","","","","","","",""
"image-keyboard-response","212","634649","0.0-11.0-2.9","null","stimuli/noise_texture.png","null","","","","","","","","",""
"custom-labels-response","213","636257","0.0-11.0-3.9","1607.3999999985099","","contemplative","","","","","tom-labels","","","F6","contemplative"
"html-keyboard-response","214","637261","0.0-11.0-0.10","null","<span style=""font-size:40px;"">+</span>","null","","","","","","","","",""
"html-keyboard-response","215","641419","0.0-11.0-1.10","","","","","","","","","","","",""
"image-keyboard-response","216","641920","0.0-11.0-2.10","null","stimuli/noise_texture.png","null","","","","","","","","",""
"custom-labels-response","217","644176","0.0-11.0-3.10","2255.39999999851","","skeptical","","","","","tom-labels","","","M4","skeptical"
"html-keyboard-response","218","645177","0.0-11.0-0.11","null","<span style=""font-size:40px;"">+</span>","null","","","","","","","","",""
"html-keyboard-response","219","649226","0.0-11.0-1.11","","","","","","","","","","","",""
"image-keyboard-response","220","649734","0.0-11.0-2.11","null","stimuli/noise_texture.png","null","","","","","","","","",""
"custom-labels-response","221","651952","0.0-11.0-3.11","2217.7999999970198","","doubtful","","","","","tom-labels","","","F3","doubtful"
"html-keyboard-response","222","652960","0.0-11.0-0.12","null","<span style=""font-size:40px;"">+</span>","null","","","","","","","","",""
"html-keyboard-response","223","656878","0.0-11.0-1.12","","","","","","","","","","","",""
"image-keyboard-response","224","657394","0.0-11.0-2.12","null","stimuli/noise_texture.png","null","","","","","","","","",""
"custom-labels-response","225","660304","0.0-11.0-3.12","2909.199999999255","","fearful","","","","","tom-labels","","","F3","fearful"
"html-keyboard-response","226","661305","0.0-11.0-0.13","null","<span style=""font-size:40px;"">+</span>","null","","","","","","","","",""
"html-keyboard-response","227","665517","0.0-11.0-1.13","","","","","","","","","","","",""
"image-keyboard-response","228","666018","0.0-11.0-2.13","null","stimuli/noise_texture.png","null","","","","","","","","",""
"custom-labels-response","229","669536","0.0-11.0-3.13","3517.599999997765","","puzzled","","","","","tom-labels","","","F5","disappointed"
"html-keyboard-response","230","670549","0.0-11.0-0.14","null","<span style=""font-size:40px;"">+</span>","null","","","","","","","","",""
"html-keyboard-response","231","674483","0.0-11.0-1.14","","","","","","","","","","","",""
"image-keyboard-response","232","674998","0.0-11.0-2.14","null","stimuli/noise_texture.png","null","","","","","","","","",""
"custom-labels-response","233","677752","0.0-11.0-3.14","2753.800000000745","","incredulous","","","","","tom-labels","","","F3","incredulous"
"html-keyboard-response","234","678755","0.0-11.0-0.15","null","<span style=""font-size:40px;"">+</span>","null","","","","","","","","",""
"html-keyboard-response","235","682897","0.0-11.0-1.15","","","","","","","","","","","",""
"image-keyboard-response","236","683405","0.0-11.0-2.15","null","stimuli/noise_texture.png","null","","","","","","","","",""
"custom-labels-response","237","689112","0.0-11.0-3.15","5706.29999999702","","concerned","","","","","tom-labels","","","M4","panicked"
"html-keyboard-response","238","690128","0.0-11.0-0.16","null","<span style=""font-size:40px;"">+</span>","null","","","","","","","","",""
"html-keyboard-response","239","694371","0.0-11.0-1.16","","","","","","","","","","","",""
"image-keyboard-response","240","694877","0.0-11.0-2.16","null","stimuli/noise_texture.png","null","","","","","","","","",""
"custom-labels-response","241","696344","0.0-11.0-3.16","1466.3999999985099","","flirtatious","","","","","tom-labels","","","F6","flirtatious"
"html-keyboard-response","242","697345","0.0-11.0-0.17","null","<span style=""font-size:40px;"">+</span>","null","","","","","","","","",""
"html-keyboard-response","243","701572","0.0-11.0-1.17","","","","","","","","","","","",""
"image-keyboard-response","244","702084","0.0-11.0-2.17","null","stimuli/noise_texture.png","null","","","","","","","","",""
"custom-labels-response","245","705152","0.0-11.0-3.17","3067.099999997765","","indifferent","","","","","tom-labels","","","M6","convinced"
"html-keyboard-response","246","706153","0.0-11.0-0.18","null","<span style=""font-size:40px;"">+</span>","null","","","","","","","","",""
"html-keyboard-response","247","710270","0.0-11.0-1.18","","","","","","","","","","","",""
"image-keyboard-response","248","710779","0.0-11.0-2.18","null","stimuli/noise_texture.png","null","","","","","","","","",""
"custom-labels-response","249","713672","0.0-11.0-3.18","2893","","friendly","","","","","tom-labels","","","F8","friendly"
"html-keyboard-response","250","714682","0.0-11.0-0.19","null","<span style=""font-size:40px;"">+</span>","null","","","","","","","","",""
"html-keyboard-response","251","718697","0.0-11.0-1.19","","","","","","","","","","","",""
"image-keyboard-response","252","719208","0.0-11.0-2.19","null","stimuli/noise_texture.png","null","","","","","","","","",""
"custom-labels-response","253","721760","0.0-11.0-3.19","2551.60000000149","","deciding","","","","","tom-labels","","","M1","deciding"
"html-keyboard-response","254","722764","0.0-11.0-0.20","null","<span style=""font-size:40px;"">+</span>","null","","","","","","","","",""
"html-keyboard-response","255","726961","0.0-11.0-1.20","","","","","","","","","","","",""
"image-keyboard-response","256","727462","0.0-11.0-2.20","null","stimuli/noise_texture.png","null","","","","","","","","",""
"custom-labels-response","257","730353","0.0-11.0-3.20","2889.699999999255","","defiant","","","","","tom-labels","","","M2","defiant"
"html-keyboard-response","258","731353","0.0-11.0-0.21","null","<span style=""font-size:40px;"">+</span>","null","","","","","","","","",""
"html-keyboard-response","259","735707","0.0-11.0-1.21","","","","","","","","","","","",""
"image-keyboard-response","260","736213","0.0-11.0-2.21","null","stimuli/noise_texture.png","null","","","","","","","","",""
"custom-labels-response","261","739952","0.0-11.0-3.21","3738.60000000149","","satisfied","","","","","tom-labels","","","M6","satisfied"
"html-button-response","262","827216","0.0-12.0","87263.09999999776","You have completed the first part of the experiment.<br> Please take a five-minute break before moving on to the next trial.<p> Feel free to walk around the room and stretch. However, please make sure to return to the task<br> within 5 minutes, as extended delays may result in automatic withdrawal from the study.<br>Press <b>Continue</b> to proceed with the experiment.<p><span id=""clock"">5:00</span>","0","","","","","","","","",""
"instructions","263","841928","0.0-13.0","14711.699999999255","","","","","","","","","[{""page_index"":0,""viewing_time"":4855.60000000149},{""page_index"":1,""viewing_time"":7591.79999999702},{""page_index"":2,""viewing_time"":2264}]","",""
"html-keyboard-response","264","842939","0.0-14.0-0.0","null","<span style=""font-size:40px;"">+</span>","null","","","","","","","","",""
"html-keyboard-response","265","847156","0.0-14.0-1.0","","","","","","","","","","","",""
"image-keyboard-response","266","847658","0.0-14.0-2.0","null","stimuli/noise_texture.png","null","","","","","","","","",""
"custom-labels-response","267","850305","0.0-14.0-3.0","2646","","fantasizing","","","","","tom-labels","","","F2","fantasizing"
"html-keyboard-response","268","851306","0.0-14.0-0.1","null","<span style=""font-size:40px;"">+</span>","null","","","","","","","","",""
"html-keyboard-response","269","855570","0.0-14.0-1.1","","","","","","","","","","","",""
"image-keyboard-response","270","856071","0.0-14.0-2.1","null","stimuli/noise_texture.png","null","","","","","","","","",""
"custom-labels-response","271","858624","0.0-14.0-3.1","2552.2999999970198","","indecisive","","","","","tom-labels","","","M4","hopeful"
"html-keyboard-response","272","859625","0.0-14.0-0.2","null","<span style=""font-size:40px;"">+</span>","null","","","","","","","","",""
"html-keyboard-response","273","863745","0.0-14.0-1.2","","","","","","","","","","","",""
"image-keyboard-response","274","864249","0.0-14.0-2.2","null","stimuli/noise_texture.png","null","","","","","","","","",""
"custom-labels-response","275","866672","0.0-14.0-3.2","2423.099999997765","","affectionate","","","","","tom-labels","","","F4","affectionate"
"html-keyboard-response","276","867680","0.0-14.0-0.3","null","<span style=""font-size:40px;"">+</span>","null","","","","","","","","",""
"html-keyboard-response","277","871791","0.0-14.0-1.3","","","","","","","","","","","",""
"image-keyboard-response","278","872292","0.0-14.0-2.3","null","stimuli/noise_texture.png","null","","","","","","","","",""
"custom-labels-response","279","874792","0.0-14.0-3.3","2499.2999999970198","","curious","","","","","tom-labels","","","F2","curious"
"html-keyboard-response","280","875793","0.0-14.0-0.4","null","<span style=""font-size:40px;"">+</span>","null","","","","","","","","",""
"html-keyboard-response","281","879815","0.0-14.0-1.4","","","","","","","","","","","",""
"image-keyboard-response","282","880323","0.0-14.0-2.4","null","stimuli/noise_texture.png","null","","","","","","","","",""
"custom-labels-response","283","883144","0.0-14.0-3.4","2821.099999997765","","offended","","","","","tom-labels","","","M3","aghast"
"html-keyboard-response","284","884145","0.0-14.0-0.5","null","<span style=""font-size:40px;"">+</span>","null","","","","","","","","",""
"html-keyboard-response","285","888302","0.0-14.0-1.5","","","","","","","","","","","",""
"image-keyboard-response","286","888804","0.0-14.0-2.5","null","stimuli/noise_texture.png","null","","","","","","","","",""
"custom-labels-response","287","890688","0.0-14.0-3.5","1884","","playful","","","","","tom-labels","","","M5","playful"
"html-keyboard-response","288","891690","0.0-14.0-0.6","null","<span style=""font-size:40px;"">+</span>","null","","","","","","","","",""
"html-keyboard-response","289","895652","0.0-14.0-1.6","","","","","","","","","","","",""
"image-keyboard-response","290","896153","0.0-14.0-2.6","null","stimuli/noise_texture.png","null","","","","","","","","",""
"custom-labels-response","291","897904","0.0-14.0-3.6","1750.699999999255","","distrustful","","","","","tom-labels","","","F3","distrustful"
"html-keyboard-response","292","898914","0.0-14.0-0.7","null","<span style=""font-size:40px;"">+</span>","null","","","","","","","","",""
"html-keyboard-response","293","902988","0.0-14.0-1.7","","","","","","","","","","","",""
"image-keyboard-response","294","903489","0.0-14.0-2.7","null","stimuli/noise_texture.png","null","","","","","","","","",""
"custom-labels-response","295","906232","0.0-14.0-3.7","2742.599999997765","","earnest","","","","","tom-labels","","","F3","earnest"
"html-keyboard-response","296","907241","0.0-14.0-0.8","null","<span style=""font-size:40px;"">+</span>","null","","","","","","","","",""
"html-keyboard-response","297","911207","0.0-14.0-1.8","","","","","","","","","","","",""
"image-keyboard-response","298","911715","0.0-14.0-2.8","null","stimuli/noise_texture.png","null","","","","","","","","",""
"custom-labels-response","299","914480","0.0-14.0-3.8","2764.89999999851","","preoccupied","","","","","tom-labels","","","F3","preoccupied"
"html-keyboard-response","300","915481","0.0-14.0-0.9","null","<span style=""font-size:40px;"">+</span>","null","","","","","","","","",""
"html-keyboard-response","301","919950","0.0-14.0-1.9","","","","","","","","","","","",""
"image-keyboard-response","302","920460","0.0-14.0-2.9","null","stimuli/noise_texture.png","null","","","","","","","","",""
"custom-labels-response","303","922984","0.0-14.0-3.9","2523.7999999970198","","hostile","","","","","tom-labels","","","M6","depressed"
"html-keyboard-response","304","923985","0.0-14.0-0.10","null","<span style=""font-size:40px;"">+</span>","null","","","","","","","","",""
"html-keyboard-response","305","927946","0.0-14.0-1.10","","","","","","","","","","","",""
"image-keyboard-response","306","928449","0.0-14.0-2.10","null","stimuli/noise_texture.png","null","","","","","","","","",""
"custom-labels-response","307","931400","0.0-14.0-3.10","2950.300000000745","","fascinated","","","","","tom-labels","","","M1","fascinated"
"html-keyboard-response","308","932407","0.0-14.0-0.11","null","<span style=""font-size:40px;"">+</span>","null","","","","","","","","",""
"html-keyboard-response","309","936638","0.0-14.0-1.11","","","","","","","","","","","",""
"image-keyboard-response","310","937152","0.0-14.0-2.11","null","stimuli/noise_texture.png","null","","","","","","","","",""
"custom-labels-response","311","939728","0.0-14.0-3.11","2575.699999999255","","resentful","","","","","tom-labels","","","F5","resentful"
"html-keyboard-response","312","940736","0.0-14.0-0.12","null","<span style=""font-size:40px;"">+</span>","null","","","","","","","","",""
"html-keyboard-response","313","944912","0.0-14.0-1.12","","","","","","","","","","","",""
"image-keyboard-response","314","945414","0.0-14.0-2.12","null","stimuli/noise_texture.png","null","","","","","","","","",""
"custom-labels-response","315","949848","0.0-14.0-3.12","4434.099999997765","","offended","","","","","tom-labels","","","F2","tentative"
"html-keyboard-response","316","950849","0.0-14.0-0.13","null","<span style=""font-size:40px;"">+</span>","null","","","","","","","","",""
"html-keyboard-response","317","955139","0.0-14.0-1.13","","","","","","","","","","","",""
"image-keyboard-response","318","955643","0.0-14.0-2.13","null","stimuli/noise_texture.png","null","","","","","","","","",""
"custom-labels-response","319","957784","0.0-14.0-3.13","2140.5","","cautious","","","","","tom-labels","","","F7","concerned"
"html-keyboard-response","320","958797","0.0-14.0-0.14","null","<span style=""font-size:40px;"">+</span>","null","","","","","","","","",""
"html-keyboard-response","321","962690","0.0-14.0-1.14","","","","","","","","","","","",""
"image-keyboard-response","322","963202","0.0-14.0-2.14","null","stimuli/noise_texture.png","null","","","","","","","","",""
"custom-labels-response","323","965840","0.0-14.0-3.14","2637.199999999255","","deciding","","","","","tom-labels","","","F2","despondent"
"html-keyboard-response","324","966851","0.0-14.0-0.15","null","<span style=""font-size:40px;"">+</span>","null","","","","","","","","",""
"html-keyboard-response","325","970979","0.0-14.0-1.15","","","","","","","","","","","",""
"image-keyboard-response","326","971494","0.0-14.0-2.15","null","stimuli/noise_texture.png","null","","","","","","","","",""
"custom-labels-response","327","974033","0.0-14.0-3.15","2538.199999999255","","panicked","","","","","tom-labels","","","F5","panicked"
"html-keyboard-response","328","975048","0.0-14.0-0.16","null","<span style=""font-size:40px;"">+</span>","null","","","","","","","","",""
"html-keyboard-response","329","979170","0.0-14.0-1.16","","","","","","","","","","","",""
"image-keyboard-response","330","979677","0.0-14.0-2.16","null","stimuli/noise_texture.png","null","","","","","","","","",""
"custom-labels-response","331","982936","0.0-14.0-3.16","3258.5","","thoughtful","","","","","tom-labels","","","M4","intrigued"
"html-keyboard-response","332","983950","0.0-14.0-0.17","null","<span style=""font-size:40px;"">+</span>","null","","","","","","","","",""
"html-keyboard-response","333","987963","0.0-14.0-1.17","","","","","","","","","","","",""
"image-keyboard-response","334","988468","0.0-14.0-2.17","null","stimuli/noise_texture.png","null","","","","","","","","",""
"custom-labels-response","335","990729","0.0-14.0-3.17","2260.2000000029802","","interested","","","","","tom-labels","","","M5","interested"
"html-keyboard-response","336","991745","0.0-14.0-0.18","null","<span style=""font-size:40px;"">+</span>","null","","","","","","","","",""
"html-keyboard-response","337","995966","0.0-14.0-1.18","","","","","","","","","","","",""
"image-keyboard-response","338","996476","0.0-14.0-2.18","null","stimuli/noise_texture.png","null","","","","","","","","",""
"custom-labels-response","339","998920","0.0-14.0-3.18","2444","","dubious","","","","","tom-labels","","","F4","dubious"
"html-keyboard-response","340","999921","0.0-14.0-0.19","null","<span style=""font-size:40px;"">+</span>","null","","","","","","","","",""
"html-keyboard-response","341","1004073","0.0-14.0-1.19","","","","","","","","","","","",""
"image-keyboard-response","342","1004580","0.0-14.0-2.19","null","stimuli/noise_texture.png","null","","","","","","","","",""
"custom-labels-response","343","1006704","0.0-14.0-3.19","2123.89999999851","","grateful","","","","","tom-labels","","","F5","grateful"
"html-keyboard-response","344","1007712","0.0-14.0-0.20","null","<span style=""font-size:40px;"">+</span>","null","","","","","","","","",""
"html-keyboard-response","345","1011871","0.0-14.0-1.20","","","","","","","","","","","",""
"image-keyboard-response","346","1012378","0.0-14.0-2.20","null","stimuli/noise_texture.png","null","","","","","","","","",""
"custom-labels-response","347","1014296","0.0-14.0-3.20","1917.199999999255","","indifferent","","","","","tom-labels","","","F4","indifferent"
"html-keyboard-response","348","1015305","0.0-14.0-0.21","null","<span style=""font-size:40px;"">+</span>","null","","","","","","","","",""
"html-keyboard-response","349","1019462","0.0-14.0-1.21","","","","","","","","","","","",""
"image-keyboard-response","350","1019977","0.0-14.0-2.21","null","stimuli/noise_texture.png","null","","","","","","","","",""
"custom-labels-response","351","1022704","0.0-14.0-3.21","2726.7999999970198","","impatient","","","","","tom-labels","","","M2","cautious"
"html-keyboard-response","352","1023714","0.0-14.0-0.22","null","<span style=""font-size:40px;"">+</span>","null","","","","","","","","",""
"html-keyboard-response","353","1027661","0.0-14.0-1.22","","","","","","","","","","","",""
"image-keyboard-response","354","1028175","0.0-14.0-2.22","null","stimuli/noise_texture.png","null","","","","","","","","",""
"custom-labels-response","355","1033664","0.0-14.0-3.22","5488.5","","arrogant","","","","","tom-labels","","","M1","arrogant"
"html-keyboard-response","356","1034673","0.0-14.0-0.23","null","<span style=""font-size:40px;"">+</span>","null","","","","","","","","",""
"html-keyboard-response","357","1038747","0.0-14.0-1.23","","","","","","","","","","","",""
"image-keyboard-response","358","1039256","0.0-14.0-2.23","null","stimuli/noise_texture.png","null","","","","","","","","",""
"custom-labels-response","359","1042080","0.0-14.0-3.23","2824.10000000149","","accusing","","","","","tom-labels","","","M3","imploring"
"html-keyboard-response","360","1043081","0.0-14.0-0.24","null","<span style=""font-size:40px;"">+</span>","null","","","","","","","","",""
"html-keyboard-response","361","1047033","0.0-14.0-1.24","","","","","","","","","","","",""
"image-keyboard-response","362","1047546","0.0-14.0-2.24","null","stimuli/noise_texture.png","null","","","","","","","","",""
"custom-labels-response","363","1050704","0.0-14.0-3.24","3157.199999999255","","confused","","","","","tom-labels","","","F3","ashamed"
"html-keyboard-response","364","1051710","0.0-14.0-0.25","null","<span style=""font-size:40px;"">+</span>","null","","","","","","","","",""
"html-keyboard-response","365","1059412","0.0-14.0-1.25","","","","","","","","","","","",""
"image-keyboard-response","366","1059926","0.0-14.0-2.25","null","stimuli/noise_texture.png","null","","","","","","","","",""
"custom-labels-response","367","1062520","0.0-14.0-3.25","2593.89999999851","","accusing","","","","","tom-labels","","","F6","accusing"
"html-keyboard-response","368","1063521","0.0-14.0-0.26","null","<span style=""font-size:40px;"">+</span>","null","","","","","","","","",""
"html-keyboard-response","369","1067675","0.0-14.0-1.26","","","","","","","","","","","",""
"image-keyboard-response","370","1068184","0.0-14.0-2.26","null","stimuli/noise_texture.png","null","","","","","","","","",""
"custom-labels-response","371","1070481","0.0-14.0-3.26","2296","","impatient","","","","","tom-labels","","","F4","impatient"
"html-keyboard-response","372","1071490","0.0-14.0-0.27","null","<span style=""font-size:40px;"">+</span>","null","","","","","","","","",""
"html-keyboard-response","373","1075681","0.0-14.0-1.27","","","","","","","","","","","",""
"image-keyboard-response","374","1076197","0.0-14.0-2.27","null","stimuli/noise_texture.png","null","","","","","","","","",""
"custom-labels-response","375","1079240","0.0-14.0-3.27","3042.89999999851","","hostile","","","","","tom-labels","","","F4","defiant"
"html-keyboard-response","376","1080247","0.0-14.0-0.28","null","<span style=""font-size:40px;"">+</span>","null","","","","","","","","",""
"html-keyboard-response","377","1083516","0.0-14.0-1.28","","","","","","","","","","","",""
"image-keyboard-response","378","1084016","0.0-14.0-2.28","null","stimuli/noise_texture.png","null","","","","","","","","",""
"custom-labels-response","379","1086440","0.0-14.0-3.28","2423.2999999970198","","joking","","","","","tom-labels","","","M2","joking"
"html-keyboard-response","380","1087442","0.0-14.0-0.29","null","<span style=""font-size:40px;"">+</span>","null","","","","","","","","",""
"html-keyboard-response","381","1091397","0.0-14.0-1.29","","","","","","","","","","","",""
"image-keyboard-response","382","1091908","0.0-14.0-2.29","null","stimuli/noise_texture.png","null","","","","","","","","",""
"custom-labels-response","383","1094160","0.0-14.0-3.29","2252","","friendly","","","","","tom-labels","","","F3","fascinated"
"html-keyboard-response","384","1095162","0.0-15.0-0.0","null","<span style=""font-size:40px;"">+</span>","null","","","","","","","","",""
"html-keyboard-response","385","1099231","0.0-15.0-1.0","","","","","","","","","","","",""
"image-keyboard-response","386","1099745","0.0-15.0-2.0","null","stimuli/noise_texture.png","null","","","","","","","","",""
"custom-labels-response","387","1102672","0.0-15.0-3.0","2926.5","","click","","","","","attention-check","","","F8","desire"
"html-keyboard-response","388","1103673","0.0-17.0-0.0","null","<span style=""font-size:40px;"">+</span>","null","","","","","","","","",""
"html-keyboard-response","389","1107801","0.0-17.0-1.0","","","","","","","","","","","",""
"image-keyboard-response","390","1108308","0.0-17.0-2.0","null","stimuli/noise_texture.png","null","","","","","","","","",""
"custom-labels-response","391","1112064","0.0-17.0-3.0","3756.099999997765","","fantasizing","","","","","tom-labels","","","M4","fantasizing"
"html-keyboard-response","392","1113069","0.0-17.0-0.1","null","<span style=""font-size:40px;"">+</span>","null","","","","","","","","",""
"html-keyboard-response","393","1117260","0.0-17.0-1.1","","","","","","","","","","","",""
"image-keyboard-response","394","1117765","0.0-17.0-2.1","null","stimuli/noise_texture.png","null","","","","","","","","",""
"custom-labels-response","395","1121128","0.0-17.0-3.1","3362.300000000745","","confused","","","","","tom-labels","","","M4","confused"
"html-keyboard-response","396","1122138","0.0-17.0-0.2","null","<span style=""font-size:40px;"">+</span>","null","","","","","","","","",""
"html-keyboard-response","397","1126258","0.0-17.0-1.2","","","","","","","","","","","",""
"image-keyboard-response","398","1126762","0.0-17.0-2.2","null","stimuli/noise_texture.png","null","","","","","","","","",""
"custom-labels-response","399","1129136","0.0-17.0-3.2","2373.5","","sarcastic","","","","","tom-labels","","","F3","sarcastic"
"html-keyboard-response","400","1130137","0.0-17.0-0.3","null","<span style=""font-size:40px;"">+</span>","null","","","","","","","","",""
"html-keyboard-response","401","1134313","0.0-17.0-1.3","","","","","","","","","","","",""
"image-keyboard-response","402","1134818","0.0-17.0-2.3","null","stimuli/noise_texture.png","null","","","","","","","","",""
"custom-labels-response","403","1137368","0.0-17.0-3.3","2549.699999999255","","resentful","","","","","tom-labels","","","F2","annoyed"
"html-keyboard-response","404","1138369","0.0-17.0-0.4","null","<span style=""font-size:40px;"">+</span>","null","","","","","","","","",""
"html-keyboard-response","405","1142524","0.0-17.0-1.4","","","","","","","","","","","",""
"image-keyboard-response","406","1143035","0.0-17.0-2.4","null","stimuli/noise_texture.png","null","","","","","","","","",""
"custom-labels-response","407","1145176","0.0-17.0-3.4","2140.599999997765","","uneasy","","","","","tom-labels","","","F7","uneasy"
"html-keyboard-response","408","1146182","0.0-17.0-0.5","null","<span style=""font-size:40px;"">+</span>","null","","","","","","","","",""
"html-keyboard-response","409","1150132","0.0-17.0-1.5","","","","","","","","","","","",""
"image-keyboard-response","410","1150638","0.0-17.0-2.5","null","stimuli/noise_texture.png","null","","","","","","","","",""
"custom-labels-response","411","1153265","0.0-17.0-3.5","2625.900000002235","","stern","","","","","tom-labels","","","M1","dominant"
"html-keyboard-response","412","1154275","0.0-17.0-0.6","null","<span style=""font-size:40px;"">+</span>","null","","","","","","","","",""
"html-keyboard-response","413","1158656","0.0-17.0-1.6","","","","","","","","","","","",""
"image-keyboard-response","414","1159167","0.0-17.0-2.6","null","stimuli/noise_texture.png","null","","","","","","","","",""
"custom-labels-response","415","1160904","0.0-17.0-3.6","1736.5","","uneasy","","","","","tom-labels","","","M2","uneasy"
"html-keyboard-response","416","1161910","0.0-17.0-0.7","null","<span style=""font-size:40px;"">+</span>","null","","","","","","","","",""
"html-keyboard-response","417","1165887","0.0-17.0-1.7","","","","","","","","","","","",""
"image-keyboard-response","418","1166388","0.0-17.0-2.7","null","stimuli/noise_texture.png","null","","","","","","","","",""
"custom-labels-response","419","1169584","0.0-17.0-3.7","3195.39999999851","","ashamed","","","","","tom-labels","","","M1","ashamed"
"html-keyboard-response","420","1170585","0.0-17.0-0.8","null","<span style=""font-size:40px;"">+</span>","null","","","","","","","","",""
"html-keyboard-response","421","1174698","0.0-17.0-1.8","","","","","","","","","","","",""
"image-keyboard-response","422","1175202","0.0-17.0-2.8","null","stimuli/noise_texture.png","null","","","","","","","","",""
"custom-labels-response","423","1177640","0.0-17.0-3.8","2437.699999999255","","confused","","","","","tom-labels","","","F8","confused"
"html-keyboard-response","424","1178641","0.0-17.0-0.9","null","<span style=""font-size:40px;"">+</span>","null","","","","","","","","",""
"html-keyboard-response","425","1182767","0.0-17.0-1.9","","","","","","","","","","","",""
"image-keyboard-response","426","1183269","0.0-17.0-2.9","null","stimuli/noise_texture.png","null","","","","","","","","",""
"custom-labels-response","427","1187280","0.0-17.0-3.9","4010.7999999970198","","hostile","","","","","tom-labels","","","M3","decisive"
"html-keyboard-response","428","1188282","0.0-17.0-0.10","null","<span style=""font-size:40px;"">+</span>","null","","","","","","","","",""
"html-keyboard-response","429","1192509","0.0-17.0-1.10","","","","","","","","","","","",""
"image-keyboard-response","430","1193010","0.0-17.0-2.10","null","stimuli/noise_texture.png","null","","","","","","","","",""
"custom-labels-response","431","1196568","0.0-17.0-3.10","3557.2999999970198","","confused","","","","","tom-labels","","","F6","guilty"
"html-keyboard-response","432","1197580","0.0-17.0-0.11","null","<span style=""font-size:40px;"">+</span>","null","","","","","","","","",""
"html-keyboard-response","433","1201897","0.0-17.0-1.11","","","","","","","","","","","",""
"image-keyboard-response","434","1202404","0.0-17.0-2.11","null","stimuli/noise_texture.png","null","","","","","","","","",""
"custom-labels-response","435","1204784","0.0-17.0-3.11","2380.199999999255","","reflective","","","","","tom-labels","","","F2","reflective"
"html-keyboard-response","436","1205785","0.0-17.0-0.12","null","<span style=""font-size:40px;"">+</span>","null","","","","","","","","",""
"html-keyboard-response","437","1210172","0.0-17.0-1.12","","","","","","","","","","","",""
"image-keyboard-response","438","1210686","0.0-17.0-2.12","null","stimuli/noise_texture.png","null","","","","","","","","",""
"custom-labels-response","439","1215680","0.0-17.0-3.12","4993.89999999851","","desire","","","","","tom-labels","","","M2","desire"
"html-keyboard-response","440","1216681","0.0-17.0-0.13","null","<span style=""font-size:40px;"">+</span>","null","","","","","","","","",""
"html-keyboard-response","441","1220671","0.0-17.0-1.13","","","","","","","","","","","",""
"image-keyboard-response","442","1221172","0.0-17.0-2.13","null","stimuli/noise_texture.png","null","","","","","","","","",""
"custom-labels-response","443","1224184","0.0-17.0-3.13","3011.39999999851","","dispirited","","","","","tom-labels","","","M1","dispirited"
"html-keyboard-response","444","1225196","0.0-17.0-0.14","null","<span style=""font-size:40px;"">+</span>","null","","","","","","","","",""
"html-keyboard-response","445","1229344","0.0-17.0-1.14","","","","","","","","","","","",""
"image-keyboard-response","446","1229852","0.0-17.0-2.14","null","stimuli/noise_texture.png","null","","","","","","","","",""
"custom-labels-response","447","1233000","0.0-17.0-3.14","3147.199999999255","","incredulous","","","","","tom-labels","","","M5","embarrassed"
"html-keyboard-response","448","1234012","0.0-17.0-0.15","null","<span style=""font-size:40px;"">+</span>","null","","","","","","","","",""
"html-keyboard-response","449","1238199","0.0-17.0-1.15","","","","","","","","","","","",""
"image-keyboard-response","450","1238709","0.0-17.0-2.15","null","stimuli/noise_texture.png","null","","","","","","","","",""
"custom-labels-response","451","1240552","0.0-17.0-3.15","1842.199999999255","","joking","","","","","tom-labels","","","F5","joking"
"html-keyboard-response","452","1241558","0.0-17.0-0.16","null","<span style=""font-size:40px;"">+</span>","null","","","","","","","","",""
"html-keyboard-response","453","1245736","0.0-17.0-1.16","","","","","","","","","","","",""
"image-keyboard-response","454","1246251","0.0-17.0-2.16","null","stimuli/noise_texture.png","null","","","","","","","","",""
"custom-labels-response","455","1249936","0.0-17.0-3.16","3685.199999999255","","dubious","","","","","tom-labels","","","F8","cautious"
"html-keyboard-response","456","1250949","0.0-17.0-0.17","null","<span style=""font-size:40px;"">+</span>","null","","","","","","","","",""
"html-keyboard-response","457","1255084","0.0-17.0-1.17","","","","","","","","","","","",""
"image-keyboard-response","458","1255593","0.0-17.0-2.17","null","stimuli/noise_texture.png","null","","","","","","","","",""
"custom-labels-response","459","1258808","0.0-17.0-3.17","3215.099999997765","","entertained","","","","","tom-labels","","","F5","eager"
"html-keyboard-response","460","1259811","0.0-17.0-0.18","null","<span style=""font-size:40px;"">+</span>","null","","","","","","","","",""
"html-keyboard-response","461","1263884","0.0-17.0-1.18","","","","","","","","","","","",""
"image-keyboard-response","462","1264385","0.0-17.0-2.18","null","stimuli/noise_texture.png","null","","","","","","","","",""
"custom-labels-response","463","1267728","0.0-17.0-3.18","3342.5","","resentful","","","","","tom-labels","","","M3","resentful"
"html-keyboard-response","464","1268734","0.0-17.0-0.19","null","<span style=""font-size:40px;"">+</span>","null","","","","","","","","",""
"html-keyboard-response","465","1272983","0.0-17.0-1.19","","","","","","","","","","","",""
"image-keyboard-response","466","1273490","0.0-17.0-2.19","null","stimuli/noise_texture.png","null","","","","","","","","",""
"custom-labels-response","467","1276488","0.0-17.0-3.19","2997.2999999970198","","preoccupied","","","","","tom-labels","","","M6","indecisive"
"html-keyboard-response","468","1277499","0.0-17.0-0.20","null","<span style=""font-size:40px;"">+</span>","null","","","","","","","","",""
"html-keyboard-response","469","1281042","0.0-17.0-1.20","","","","","","","","","","","",""
"image-keyboard-response","470","1281558","0.0-17.0-2.20","null","stimuli/noise_texture.png","null","","","","","","","","",""
"custom-labels-response","471","1283617","0.0-17.0-3.20","2058.60000000149","","relaxed","","","","","tom-labels","","","M1","relaxed"
"html-keyboard-response","472","1284623","0.0-17.0-0.21","null","<span style=""font-size:40px;"">+</span>","null","","","","","","","","",""
"html-keyboard-response","473","1289052","0.0-17.0-1.21","","","","","","","","","","","",""
"image-keyboard-response","474","1289559","0.0-17.0-2.21","null","stimuli/noise_texture.png","null","","","","","","","","",""
"custom-labels-response","475","1292288","0.0-17.0-3.21","2728.699999999255","","flirtatious","","","","","tom-labels","","","M2","insisting"
"html-keyboard-response","476","1293294","0.0-17.0-0.22","null","<span style=""font-size:40px;"">+</span>","null","","","","","","","","",""
"html-keyboard-response","477","1297751","0.0-17.0-1.22","","","","","","","","","","","",""
"image-keyboard-response","478","1298258","0.0-17.0-2.22","null","stimuli/noise_texture.png","null","","","","","","","","",""
"custom-labels-response","479","1300656","0.0-17.0-3.22","2397.199999999255","","nervous","","","","","tom-labels","","","M2","nervous"
"html-keyboard-response","480","1301669","0.0-17.0-0.23","null","<span style=""font-size:40px;"">+</span>","null","","","","","","","","",""
"html-keyboard-response","481","1305811","0.0-17.0-1.23","","","","","","","","","","","",""
"image-keyboard-response","482","1306321","0.0-17.0-2.23","null","stimuli/noise_texture.png","null","","","","","","","","",""
"custom-labels-response","483","1308592","0.0-17.0-3.23","2270.39999999851","","affectionate","","","","","tom-labels","","","F4","imploring"
"html-keyboard-response","484","1309605","0.0-17.0-0.24","null","<span style=""font-size:40px;"">+</span>","null","","","","","","","","",""
"html-keyboard-response","485","1313633","0.0-17.0-1.24","","","","","","","","","","","",""
"image-keyboard-response","486","1314141","0.0-17.0-2.24","null","stimuli/noise_texture.png","null","","","","","","","","",""
"custom-labels-response","487","1316848","0.0-17.0-3.24","2706.099999997765","","horrified","","","","","tom-labels","","","M1","horrified"
"html-keyboard-response","488","1317864","0.0-17.0-0.25","null","<span style=""font-size:40px;"">+</span>","null","","","","","","","","",""
"html-keyboard-response","489","1322575","0.0-17.0-1.25","","","","","","","","","","","",""
"image-keyboard-response","490","1323091","0.0-17.0-2.25","null","stimuli/noise_texture.png","null","","","","","","","","",""
"custom-labels-response","491","1326208","0.0-17.0-3.25","3116.5","","indifferent","","","","","tom-labels","","","M6","indifferent"
"html-keyboard-response","492","1327209","0.0-17.0-0.26","null","<span style=""font-size:40px;"">+</span>","null","","","","","","","","",""
"html-keyboard-response","493","1331441","0.0-17.0-1.26","","","","","","","","","","","",""
"image-keyboard-response","494","1331950","0.0-17.0-2.26","null","stimuli/noise_texture.png","null","","","","","","","","",""
"custom-labels-response","495","1334601","0.0-17.0-3.26","2650.199999999255","","suspicious","","","","","tom-labels","","","M6","annoyed"
"html-keyboard-response","496","1335608","0.0-17.0-0.27","null","<span style=""font-size:40px;"">+</span>","null","","","","","","","","",""
"html-keyboard-response","497","1339725","0.0-17.0-1.27","","","","","","","","","","","",""
"image-keyboard-response","498","1340236","0.0-17.0-2.27","null","stimuli/noise_texture.png","null","","","","","","","","",""
"custom-labels-response","499","1342880","0.0-17.0-3.27","2643.800000000745","","entertained","","","","","tom-labels","","","F3","entertained"
"html-keyboard-response","500","1343892","0.0-17.0-0.28","null","<span style=""font-size:40px;"">+</span>","null","","","","","","","","",""
"html-keyboard-response","501","1348039","0.0-17.0-1.28","","","","","","","","","","","",""
"image-keyboard-response","502","1348549","0.0-17.0-2.28","null","stimuli/noise_texture.png","null","","","","","","","","",""
"custom-labels-response","503","1350768","0.0-17.0-3.28","2218.5","","affectionate","","","","","tom-labels","","","M4","affectionate"
"html-keyboard-response","504","1351778","0.0-17.0-0.29","null","<span style=""font-size:40px;"">+</span>","null","","","","","","","","",""
"html-keyboard-response","505","1355747","0.0-17.0-1.29","","","","","","","","","","","",""
"image-keyboard-response","506","1356247","0.0-17.0-2.29","null","stimuli/noise_texture.png","null","","","","","","","","",""
"custom-labels-response","507","1358592","0.0-17.0-3.29","2344.099999997765","","incredulous","","","","","tom-labels","","","M1","incredulous"
"html-keyboard-response","508","1359601","0.0-17.0-0.30","null","<span style=""font-size:40px;"">+</span>","null","","","","","","","","",""
"html-keyboard-response","509","1364040","0.0-17.0-1.30","","","","","","","","","","","",""
"image-keyboard-response","510","1364555","0.0-17.0-2.30","null","stimuli/noise_texture.png","null","","","","","","","","",""
"custom-labels-response","511","1368632","0.0-17.0-3.30","4076.39999999851","","dubious","","","","","tom-labels","","","M5","comforting"
"html-keyboard-response","512","1369634","0.0-17.0-0.31","null","<span style=""font-size:40px;"">+</span>","null","","","","","","","","",""
"html-keyboard-response","513","1373635","0.0-17.0-1.31","","","","","","","","","","","",""
"image-keyboard-response","514","1374151","0.0-17.0-2.31","null","stimuli/noise_texture.png","null","","","","","","","","",""
"custom-labels-response","515","1377240","0.0-17.0-3.31","3089.10000000149","","anxious","","","","","tom-labels","","","F3","regretful"
"html-button-response","516","1382993","0.0-18.0","5752.199999999255","You have completed the second part of the experiment.<br> Please take a five-minute break before moving on to the next trial.<p> Feel free to walk around the room and stretch. However, please make sure to return to the task<br> within 5 minutes, as extended delays may result in automatic withdrawal from the study.<br>Press <b>Continue</b> to proceed with the experiment.<p><span id=""clock"">5:00</span>","0","","","","","","","","",""
"instructions","517","1393864","0.0-19.0","10870.800000000745","","","","","","","","","[{""page_index"":0,""viewing_time"":2302.7000000029802},{""page_index"":1,""viewing_time"":6215.89999999851},{""page_index"":2,""viewing_time"":2352}]","",""
"html-keyboard-response","518","1394865","0.0-20.0-0.0","null","<span style=""font-size:40px;"">+</span>","null","","","","","","","","",""
"html-keyboard-response","519","1399127","0.0-20.0-1.0","","","","","","","","","","","",""
"image-keyboard-response","520","1399627","0.0-20.0-2.0","null","stimuli/noise_texture.png","null","","","","","","","","",""
"custom-labels-response","521","1402488","0.0-20.0-3.0","2860.39999999851","","hostile","","","","","tom-labels","","","F6","hostile"
"html-keyboard-response","522","1403489","0.0-20.0-0.1","null","<span style=""font-size:40px;"">+</span>","null","","","","","","","","",""
"html-keyboard-response","523","1407696","0.0-20.0-1.1","","","","","","","","","","","",""
"image-keyboard-response","524","1408205","0.0-20.0-2.1","null","stimuli/noise_texture.png","null","","","","","","","","",""
"custom-labels-response","525","1412144","0.0-20.0-3.1","3938.39999999851","","indecisive","","","","","tom-labels","","","F3","indecisive"
"html-keyboard-response","526","1413146","0.0-20.0-0.2","null","<span style=""font-size:40px;"">+</span>","null","","","","","","","","",""
"html-keyboard-response","527","1417393","0.0-20.0-1.2","","","","","","","","","","","",""
"image-keyboard-response","528","1417894","0.0-20.0-2.2","null","stimuli/noise_texture.png","null","","","","","","","","",""
"custom-labels-response","529","1419920","0.0-20.0-3.2","2025.3999999985099","","puzzled","","","","","tom-labels","","","F6","puzzled"
"html-keyboard-response","530","1420936","0.0-20.0-0.3","null","<span style=""font-size:40px;"">+</span>","null","","","","","","","","",""
"html-keyboard-response","531","1425197","0.0-20.0-1.3","","","","","","","","","","","",""
"image-keyboard-response","532","1425698","0.0-20.0-2.3","null","stimuli/noise_texture.png","null","","","","","","","","",""
"custom-labels-response","533","1427976","0.0-20.0-3.3","2278.10000000149","","sympathetic","","","","","tom-labels","","","F6","sympathetic"
"html-keyboard-response","534","1428980","0.0-20.0-0.4","null","<span style=""font-size:40px;"">+</span>","null","","","","","","","","",""
"html-keyboard-response","535","1433176","0.0-20.0-1.4","","","","","","","","","","","",""
"image-keyboard-response","536","1433677","0.0-20.0-2.4","null","stimuli/noise_texture.png","null","","","","","","","","",""
"custom-labels-response","537","1436880","0.0-20.0-3.4","3202.39999999851","","comforting","","","","","tom-labels","","","F6","comforting"
"html-keyboard-response","538","1437891","0.0-20.0-0.5","null","<span style=""font-size:40px;"">+</span>","null","","","","","","","","",""
"html-keyboard-response","539","1442035","0.0-20.0-1.5","","","","","","","","","","","",""
"image-keyboard-response","540","1442547","0.0-20.0-2.5","null","stimuli/noise_texture.png","null","","","","","","","","",""
"custom-labels-response","541","1444128","0.0-20.0-3.5","1580.3999999985099","","anticipating","","","","","tom-labels","","","F5","anticipating"
"html-keyboard-response","542","1445136","0.0-20.0-0.6","null","<span style=""font-size:40px;"">+</span>","null","","","","","","","","",""
"html-keyboard-response","543","1449177","0.0-20.0-1.6","","","","","","","","","","","",""
"image-keyboard-response","544","1449682","0.0-20.0-2.6","null","stimuli/noise_texture.png","null","","","","","","","","",""
"custom-labels-response","545","1452224","0.0-20.0-3.6","2541.7999999970198","","interested","","","","","tom-labels","","","M3","sympathetic"
"html-keyboard-response","546","1453239","0.0-20.0-0.7","null","<span style=""font-size:40px;"">+</span>","null","","","","","","","","",""
"html-keyboard-response","547","1462755","0.0-20.0-1.7","","","","","","","","","","","",""
"image-keyboard-response","548","1463258","0.0-20.0-2.7","null","stimuli/noise_texture.png","null","","","","","","","","",""
"custom-labels-response","549","1467296","0.0-20.0-3.7","4037.5","","anticipating","","","","","tom-labels","","","F4","satisfied"
"html-keyboard-response","550","1468301","0.0-20.0-0.8","null","<span style=""font-size:40px;"">+</span>","null","","","","","","","","",""
"html-keyboard-response","551","1472866","0.0-20.0-1.8","","","","","","","","","","","",""
"image-keyboard-response","552","1473368","0.0-20.0-2.8","null","stimuli/noise_texture.png","null","","","","","","","","",""
"custom-labels-response","553","1479161","0.0-20.0-3.8","5792.60000000149","","deciding","","","","","tom-labels","","","M6","relieved"
"html-keyboard-response","554","1480163","0.0-20.0-0.9","null","<span style=""font-size:40px;"">+</span>","null","","","","","","","","",""
"html-keyboard-response","555","1484304","0.0-20.0-1.9","","","","","","","","","","","",""
"image-keyboard-response","556","1484808","0.0-20.0-2.9","null","stimuli/noise_texture.png","null","","","","","","","","",""
"custom-labels-response","557","1487600","0.0-20.0-3.9","2791.5","","impatient","","","","","tom-labels","","","M3","jealous"
"html-keyboard-response","558","1488601","0.0-20.0-0.10","null","<span style=""font-size:40px;"">+</span>","null","","","","","","","","",""
"html-keyboard-response","559","1492556","0.0-20.0-1.10","","","","","","","","","","","",""
"image-keyboard-response","560","1493059","0.0-20.0-2.10","null","stimuli/noise_texture.png","null","","","","","","","","",""
"custom-labels-response","561","1495945","0.0-20.0-3.10","2884.89999999851","","depressed","","","","","tom-labels","","","F3","depressed"
"html-keyboard-response","562","1496956","0.0-20.0-0.11","null","<span style=""font-size:40px;"">+</span>","null","","","","","","","","",""
"html-keyboard-response","563","1501132","0.0-20.0-1.11","","","","","","","","","","","",""
"image-keyboard-response","564","1501646","0.0-20.0-2.11","null","stimuli/noise_texture.png","null","","","","","","","","",""
"custom-labels-response","565","1504048","0.0-20.0-3.11","2401.800000000745","","serious","","","","","tom-labels","","","F5","serious"
"html-keyboard-response","566","1505057","0.0-20.0-0.12","null","<span style=""font-size:40px;"">+</span>","null","","","","","","","","",""
"html-keyboard-response","567","1509345","0.0-20.0-1.12","","","","","","","","","","","",""
"image-keyboard-response","568","1509845","0.0-20.0-2.12","null","stimuli/noise_texture.png","null","","","","","","","","",""
"custom-labels-response","569","1513472","0.0-20.0-3.12","3626","","offended","","","","","tom-labels","","","F3","offended"
"html-keyboard-response","570","1514486","0.0-20.0-0.13","null","<span style=""font-size:40px;"">+</span>","null","","","","","","","","",""
"html-keyboard-response","571","1518723","0.0-20.0-1.13","","","","","","","","","","","",""
"image-keyboard-response","572","1519232","0.0-20.0-2.13","null","stimuli/noise_texture.png","null","","","","","","","","",""
"custom-labels-response","573","1522640","0.0-20.0-3.13","3407.60000000149","","suspicious","","","","","tom-labels","","","M5","suspicious"
"html-keyboard-response","574","1523646","0.0-20.0-0.14","null","<span style=""font-size:40px;"">+</span>","null","","","","","","","","",""
"html-keyboard-response","575","1528014","0.0-20.0-1.14","","","","","","","","","","","",""
"image-keyboard-response","576","1528515","0.0-20.0-2.14","null","stimuli/noise_texture.png","null","","","","","","","","",""
"custom-labels-response","577","1530752","0.0-20.0-3.14","2236.5","","enthused","","","","","tom-labels","","","M2","encouraging"
"html-keyboard-response","578","1531753","0.0-20.0-0.15","null","<span style=""font-size:40px;"">+</span>","null","","","","","","","","",""
"html-keyboard-response","579","1535922","0.0-20.0-1.15","","","","","","","","","","","",""
"image-keyboard-response","580","1536425","0.0-20.0-2.15","null","stimuli/noise_texture.png","null","","","","","","","","",""
"custom-labels-response","581","1540800","0.0-20.0-3.15","4375.199999999255","","anxious","","","","","tom-labels","","","M4","anxious"
"html-keyboard-response","582","1541803","0.0-20.0-0.16","null","<span style=""font-size:40px;"">+</span>","null","","","","","","","","",""
"html-keyboard-response","583","1546021","0.0-20.0-1.16","","","","","","","","","","","",""
"image-keyboard-response","584","1546529","0.0-20.0-2.16","null","stimuli/noise_texture.png","null","","","","","","","","",""
"custom-labels-response","585","1548952","0.0-20.0-3.16","2422.89999999851","","terrified","","","","","tom-labels","","","M5","terrified"
"html-keyboard-response","586","1549963","0.0-20.0-0.17","null","<span style=""font-size:40px;"">+</span>","null","","","","","","","","",""
"html-keyboard-response","587","1554423","0.0-20.0-1.17","","","","","","","","","","","",""
"image-keyboard-response","588","1554931","0.0-20.0-2.17","null","stimuli/noise_texture.png","null","","","","","","","","",""
"custom-labels-response","589","1556936","0.0-20.0-3.17","2004.2999999970198","","puzzled","","","","","tom-labels","","","M6","puzzled"
"html-keyboard-response","590","1557943","0.0-20.0-0.18","null","<span style=""font-size:40px;"">+</span>","null","","","","","","","","",""
"html-keyboard-response","591","1562068","0.0-20.0-1.18","","","","","","","","","","","",""
"image-keyboard-response","592","1562569","0.0-20.0-2.18","null","stimuli/noise_texture.png","null","","","","","","","","",""
"custom-labels-response","593","1565392","0.0-20.0-3.18","2822.300000000745","","threatening","","","","","tom-labels","","","F2","hateful"
"html-keyboard-response","594","1566393","0.0-20.0-0.19","null","<span style=""font-size:40px;"">+</span>","null","","","","","","","","",""
"html-keyboard-response","595","1570482","0.0-20.0-1.19","","","","","","","","","","","",""
"image-keyboard-response","596","1570984","0.0-20.0-2.19","null","stimuli/noise_texture.png","null","","","","","","","","",""
"custom-labels-response","597","1573008","0.0-20.0-3.19","2023.800000000745","","tentative","","","","","tom-labels","","","M4","worried"
"html-keyboard-response","598","1574009","0.0-20.0-0.20","null","<span style=""font-size:40px;"">+</span>","null","","","","","","","","",""
"html-keyboard-response","599","1578152","0.0-20.0-1.20","","","","","","","","","","","",""
"image-keyboard-response","600","1578655","0.0-20.0-2.20","null","stimuli/noise_texture.png","null","","","","","","","","",""
"custom-labels-response","601","1581360","0.0-20.0-3.20","2704.300000000745","","threatening","","","","","tom-labels","","","F7","threatening"
"html-keyboard-response","602","1582367","0.0-20.0-0.21","null","<span style=""font-size:40px;"">+</span>","null","","","","","","","","",""
"html-keyboard-response","603","1586521","0.0-20.0-1.21","","","","","","","","","","","",""
"image-keyboard-response","604","1587029","0.0-20.0-2.21","null","stimuli/noise_texture.png","null","","","","","","","","",""
"custom-labels-response","605","1590168","0.0-20.0-3.21","3138.60000000149","","earnest","","","","","tom-labels","","","M5","earnest"
"html-keyboard-response","606","1591169","0.0-20.0-0.22","null","<span style=""font-size:40px;"">+</span>","null","","","","","","","","",""
"html-keyboard-response","607","1595394","0.0-20.0-1.22","","","","","","","","","","","",""
"image-keyboard-response","608","1595910","0.0-20.0-2.22","null","stimuli/noise_texture.png","null","","","","","","","","",""
"custom-labels-response","609","1598568","0.0-20.0-3.22","2657.5","","contemplative","","","","","tom-labels","","","F2","hopeful"
"html-keyboard-response","610","1599584","0.0-20.0-0.23","null","<span style=""font-size:40px;"">+</span>","null","","","","","","","","",""
"html-keyboard-response","611","1603768","0.0-20.0-1.23","","","","","","","","","","","",""
"image-keyboard-response","612","1604269","0.0-20.0-2.23","null","stimuli/noise_texture.png","null","","","","","","","","",""
"custom-labels-response","613","1606977","0.0-20.0-3.23","2706.39999999851","","cautious","","","","","tom-labels","","","F7","insulting"
"html-keyboard-response","614","1607979","0.0-20.0-0.24","null","<span style=""font-size:40px;"">+</span>","null","","","","","","","","",""
"html-keyboard-response","615","1612230","0.0-20.0-1.24","","","","","","","","","","","",""
"image-keyboard-response","616","1612731","0.0-20.0-2.24","null","stimuli/noise_texture.png","null","","","","","","","","",""
"custom-labels-response","617","1615232","0.0-20.0-3.24","2500.699999999255","","regretful","","","","","tom-labels","","","M2","regretful"
"html-keyboard-response","618","1616246","0.0-20.0-0.25","null","<span style=""font-size:40px;"">+</span>","null","","","","","","","","",""
"html-keyboard-response","619","1620531","0.0-20.0-1.25","","","","","","","","","","","",""
"image-keyboard-response","620","1621033","0.0-20.0-2.25","null","stimuli/noise_texture.png","null","","","","","","","","",""
"custom-labels-response","621","1623433","0.0-20.0-3.25","2399.800000000745","","disappointed","","","","","tom-labels","","","M2","flirtatious"
"html-keyboard-response","622","1624433","0.0-20.0-0.26","null","<span style=""font-size:40px;"">+</span>","null","","","","","","","","",""
"html-keyboard-response","623","1628676","0.0-20.0-1.26","","","","","","","","","","","",""
"image-keyboard-response","624","1629186","0.0-20.0-2.26","null","stimuli/noise_texture.png","null","","","","","","","","",""
"custom-labels-response","625","1632128","0.0-20.0-3.26","2941.89999999851","","uneasy","","","","","tom-labels","","","M4","tentative"
"html-keyboard-response","626","1633138","0.0-20.0-0.27","null","<span style=""font-size:40px;"">+</span>","null","","","","","","","","",""
"html-keyboard-response","627","1637364","0.0-20.0-1.27","","","","","","","","","","","",""
"image-keyboard-response","628","1637876","0.0-20.0-2.27","null","stimuli/noise_texture.png","null","","","","","","","","",""
"custom-labels-response","629","1640424","0.0-20.0-3.27","2547.60000000149","","preoccupied","","","","","tom-labels","","","M5","preoccupied"
"html-keyboard-response","630","1641427","0.0-20.0-0.28","null","<span style=""font-size:40px;"">+</span>","null","","","","","","","","",""
"html-keyboard-response","631","1645740","0.0-20.0-1.28","","","","","","","","","","","",""
"image-keyboard-response","632","1646251","0.0-20.0-2.28","null","stimuli/noise_texture.png","null","","","","","","","","",""
"custom-labels-response","633","1648832","0.0-20.0-3.28","2580.60000000149","","entertained","","","","","tom-labels","","","M2","entertained"
"html-keyboard-response","634","1649844","0.0-20.0-0.29","null","<span style=""font-size:40px;"">+</span>","null","","","","","","","","",""
"html-keyboard-response","635","1653939","0.0-20.0-1.29","","","","","","","","","","","",""
"image-keyboard-response","636","1654445","0.0-20.0-2.29","null","stimuli/noise_texture.png","null","","","","","","","","",""
"custom-labels-response","637","1657656","0.0-20.0-3.29","3210.89999999851","","grateful","","","","","tom-labels","","","M3","grateful"
"html-keyboard-response","638","1658671","0.0-21.0-0.0","null","<span style=""font-size:40px;"">+</span>","null","","","","","","","","",""
"html-keyboard-response","639","1662659","0.0-21.0-1.0","","","","","","","","","","","",""
"image-keyboard-response","640","1663171","0.0-21.0-2.0","null","stimuli/noise_texture.png","null","","","","","","","","",""
"custom-labels-response","641","1665552","0.0-21.0-3.0","2380.39999999851","","click","","","","","attention-check","","","F3","preoccupied"
"html-keyboard-response","642","1666568","0.0-23.0-0.0","null","<span style=""font-size:40px;"">+</span>","null","","","","","","","","",""
"html-keyboard-response","643","1670660","0.0-23.0-1.0","","","","","","","","","","","",""
"image-keyboard-response","644","1671169","0.0-23.0-2.0","null","stimuli/noise_texture.png","null","","","","","","","","",""
"custom-labels-response","645","1673584","0.0-23.0-3.0","2415.10000000149","","doubtful","","","","","tom-labels","","","M2","doubtful"
"html-keyboard-response","646","1674592","0.0-23.0-0.1","null","<span style=""font-size:40px;"">+</span>","null","","","","","","","","",""
"html-keyboard-response","647","1678776","0.0-23.0-1.1","","","","","","","","","","","",""
"image-keyboard-response","648","1679277","0.0-23.0-2.1","null","stimuli/noise_texture.png","null","","","","","","","","",""
"custom-labels-response","649","1683400","0.0-23.0-3.1","4122.5","","thoughtful","","","","","tom-labels","","","F8","jealous"
"html-keyboard-response","650","1684410","0.0-23.0-0.2","null","<span style=""font-size:40px;"">+</span>","null","","","","","","","","",""
"html-keyboard-response","651","1688584","0.0-23.0-1.2","","","","","","","","","","","",""
"image-keyboard-response","652","1689092","0.0-23.0-2.2","null","stimuli/noise_texture.png","null","","","","","","","","",""
"custom-labels-response","653","1692352","0.0-23.0-3.2","3259.699999999255","","hopeful","","","","","tom-labels","","","F4","irritated"
"html-keyboard-response","654","1693360","0.0-23.0-0.3","null","<span style=""font-size:40px;"">+</span>","null","","","","","","","","",""
"html-keyboard-response","655","1697543","0.0-23.0-1.3","","","","","","","","","","","",""
"image-keyboard-response","656","1698057","0.0-23.0-2.3","null","stimuli/noise_texture.png","null","","","","","","","","",""
"custom-labels-response","657","1700848","0.0-23.0-3.3","2790.10000000149","","horrified","","","","","tom-labels","","","F8","horrified"
"html-keyboard-response","658","1701857","0.0-23.0-0.4","null","<span style=""font-size:40px;"">+</span>","null","","","","","","","","",""
"html-keyboard-response","659","1706080","0.0-23.0-1.4","","","","","","","","","","","",""
"image-keyboard-response","660","1706593","0.0-23.0-2.4","null","stimuli/noise_texture.png","null","","","","","","","","",""
"custom-labels-response","661","1709224","0.0-23.0-3.4","2630.199999999255","","skeptical","","","","","tom-labels","","","F5","skeptical"
"html-keyboard-response","662","1710231","0.0-23.0-0.5","null","<span style=""font-size:40px;"">+</span>","null","","","","","","","","",""
"html-keyboard-response","663","1714578","0.0-23.0-1.5","","","","","","","","","","","",""
"image-keyboard-response","664","1715086","0.0-23.0-2.5","null","stimuli/noise_texture.png","null","","","","","","","","",""
"custom-labels-response","665","1717744","0.0-23.0-3.5","2657.800000000745","","stern","","","","","tom-labels","","","M2","stern"
"html-keyboard-response","666","1718746","0.0-23.0-0.6","null","<span style=""font-size:40px;"">+</span>","null","","","","","","","","",""
"html-keyboard-response","667","1722787","0.0-23.0-1.6","","","","","","","","","","","",""
"image-keyboard-response","668","1723288","0.0-23.0-2.6","null","stimuli/noise_texture.png","null","","","","","","","","",""
"custom-labels-response","669","1726761","0.0-23.0-3.6","3471.89999999851","","assertive","","","","","tom-labels","","","M3","assertive"
"html-keyboard-response","670","1727762","0.0-23.0-0.7","null","<span style=""font-size:40px;"">+</span>","null","","","","","","","","",""
"html-keyboard-response","671","1731979","0.0-23.0-1.7","","","","","","","","","","","",""
"image-keyboard-response","672","1732481","0.0-23.0-2.7","null","stimuli/noise_texture.png","null","","","","","","","","",""
"custom-labels-response","673","1734456","0.0-23.0-3.7","1974.8999999985099","","suspicious","","","","","tom-labels","","","F6","suspicious"
"html-keyboard-response","674","1735471","0.0-23.0-0.8","null","<span style=""font-size:40px;"">+</span>","null","","","","","","","","",""
"html-keyboard-response","675","1739587","0.0-23.0-1.8","","","","","","","","","","","",""
"image-keyboard-response","676","1740090","0.0-23.0-2.8","null","stimuli/noise_texture.png","null","","","","","","","","",""
"custom-labels-response","677","1742080","0.0-23.0-3.8","1989.5","","dispirited","","","","","tom-labels","","","F7","dispirited"
"html-keyboard-response","678","1743081","0.0-23.0-0.9","null","<span style=""font-size:40px;"">+</span>","null","","","","","","","","",""
"html-keyboard-response","679","1747357","0.0-23.0-1.9","","","","","","","","","","","",""
"image-keyboard-response","680","1747870","0.0-23.0-2.9","null","stimuli/noise_texture.png","null","","","","","","","","",""
"custom-labels-response","681","1751200","0.0-23.0-3.9","3330","","dubious","","","","","tom-labels","","","M6","perplexed"
"html-keyboard-response","682","1752202","0.0-23.0-0.10","null","<span style=""font-size:40px;"">+</span>","null","","","","","","","","",""
"html-keyboard-response","683","1756318","0.0-23.0-1.10","","","","","","","","","","","",""
"image-keyboard-response","684","1756828","0.0-23.0-2.10","null","stimuli/noise_texture.png","null","","","","","","","","",""
"custom-labels-response","685","1759352","0.0-23.0-3.10","2523.5","","incredulous","","","","","tom-labels","","","M4","concerned"
"html-keyboard-response","686","1760366","0.0-23.0-0.11","null","<span style=""font-size:40px;"">+</span>","null","","","","","","","","",""
"html-keyboard-response","687","1764341","0.0-23.0-1.11","","","","","","","","","","","",""
"image-keyboard-response","688","1764855","0.0-23.0-2.11","null","stimuli/noise_texture.png","null","","","","","","","","",""
"custom-labels-response","689","1769072","0.0-23.0-3.11","4217","","sarcastic","","","","","tom-labels","","","M1","sarcastic"
"html-keyboard-response","690","1770074","0.0-23.0-0.12","null","<span style=""font-size:40px;"">+</span>","null","","","","","","","","",""
"html-keyboard-response","691","1774402","0.0-23.0-1.12","","","","","","","","","","","",""
"image-keyboard-response","692","1774917","0.0-23.0-2.12","null","stimuli/noise_texture.png","null","","","","","","","","",""
"custom-labels-response","693","1778481","0.0-23.0-3.12","3563.599999997765","","deciding","","","","","tom-labels","","","F6","deciding"
"html-keyboard-response","694","1779482","0.0-23.0-0.13","null","<span style=""font-size:40px;"">+</span>","null","","","","","","","","",""
"html-keyboard-response","695","1783660","0.0-23.0-1.13","","","","","","","","","","","",""
"image-keyboard-response","696","1784169","0.0-23.0-2.13","null","stimuli/noise_texture.png","null","","","","","","","","",""
"custom-labels-response","697","1786352","0.0-23.0-3.13","2183","","thoughtful","","","","","tom-labels","","","F5","thoughtful"
"html-keyboard-response","698","1787353","0.0-23.0-0.14","null","<span style=""font-size:40px;"">+</span>","null","","","","","","","","",""
"html-keyboard-response","699","1791769","0.0-23.0-1.14","","","","","","","","","","","",""
"image-keyboard-response","700","1792270","0.0-23.0-2.14","null","stimuli/noise_texture.png","null","","","","","","","","",""
"custom-labels-response","701","1794656","0.0-23.0-3.14","2385.2999999970198","","enthused","","","","","tom-labels","","","M5","enthused"
"html-keyboard-response","702","1795664","0.0-23.0-0.15","null","<span style=""font-size:40px;"">+</span>","null","","","","","","","","",""
"html-keyboard-response","703","1799796","0.0-23.0-1.15","","","","","","","","","","","",""
"image-keyboard-response","704","1800304","0.0-23.0-2.15","null","stimuli/noise_texture.png","null","","","","","","","","",""
"custom-labels-response","705","1805608","0.0-23.0-3.15","5303.300000000745","","assertive","","","","","tom-labels","","","F4","assertive"
"html-keyboard-response","706","1806609","0.0-23.0-0.16","null","<span style=""font-size:40px;"">+</span>","null","","","","","","","","",""
"html-keyboard-response","707","1810622","0.0-23.0-1.16","","","","","","","","","","","",""
"image-keyboard-response","708","1811129","0.0-23.0-2.16","null","stimuli/noise_texture.png","null","","","","","","","","",""
"custom-labels-response","709","1813328","0.0-23.0-3.16","2198.89999999851","","amused","","","","","tom-labels","","","M1","amused"
"html-keyboard-response","710","1814329","0.0-23.0-0.17","null","<span style=""font-size:40px;"">+</span>","null","","","","","","","","",""
"html-keyboard-response","711","1818540","0.0-23.0-1.17","","","","","","","","","","","",""
"image-keyboard-response","712","1819042","0.0-23.0-2.17","null","stimuli/noise_texture.png","null","","","","","","","","",""
"custom-labels-response","713","1824737","0.0-23.0-3.17","5694.10000000149","","hopeful","","","","","tom-labels","","","F5","intrigued"
"html-keyboard-response","714","1825742","0.0-23.0-0.18","null","<span style=""font-size:40px;"">+</span>","null","","","","","","","","",""
"html-keyboard-response","715","1830094","0.0-23.0-1.18","","","","","","","","","","","",""
"image-keyboard-response","716","1830599","0.0-23.0-2.18","null","stimuli/noise_texture.png","null","","","","","","","","",""
"custom-labels-response","717","1832984","0.0-23.0-3.18","2384.800000000745","","contemplative","","","","","tom-labels","","","M4","contemplative"
"html-keyboard-response","718","1833985","0.0-23.0-0.19","null","<span style=""font-size:40px;"">+</span>","null","","","","","","","","",""
"html-keyboard-response","719","1838197","0.0-23.0-1.19","","","","","","","","","","","",""
"image-keyboard-response","720","1838710","0.0-23.0-2.19","null","stimuli/noise_texture.png","null","","","","","","","","",""
"custom-labels-response","721","1841288","0.0-23.0-3.19","2577.199999999255","","relieved","","","","","tom-labels","","","F6","relieved"
"html-keyboard-response","722","1842290","0.0-23.0-0.20","null","<span style=""font-size:40px;"">+</span>","null","","","","","","","","",""
"html-keyboard-response","723","1846503","0.0-23.0-1.20","","","","","","","","","","","",""
"image-keyboard-response","724","1847004","0.0-23.0-2.20","null","stimuli/noise_texture.png","null","","","","","","","","",""
"custom-labels-response","725","1849696","0.0-23.0-3.20","2691.60000000149","","pensive","","","","","tom-labels","","","F4","flustered"
"html-keyboard-response","726","1850705","0.0-23.0-0.21","null","<span style=""font-size:40px;"">+</span>","null","","","","","","","","",""
"html-keyboard-response","727","1854669","0.0-23.0-1.21","","","","","","","","","","","",""
"image-keyboard-response","728","1855173","0.0-23.0-2.21","null","stimuli/noise_texture.png","null","","","","","","","","",""
"custom-labels-response","729","1856920","0.0-23.0-3.21","1746.6000000014901","","pensive","","","","","tom-labels","","","M1","pensive"
"html-keyboard-response","730","1857921","0.0-23.0-0.22","null","<span style=""font-size:40px;"">+</span>","null","","","","","","","","",""
"html-keyboard-response","731","1861722","0.0-23.0-1.22","","","","","","","","","","","",""
"image-keyboard-response","732","1862235","0.0-23.0-2.22","null","stimuli/noise_texture.png","null","","","","","","","","",""
"custom-labels-response","733","1864233","0.0-23.0-3.22","1996.8999999985099","","joking","","","","","tom-labels","","","M1","confident"
"html-keyboard-response","734","1865239","0.0-23.0-0.23","null","<span style=""font-size:40px;"">+</span>","null","","","","","","","","",""
"html-keyboard-response","735","1869311","0.0-23.0-1.23","","","","","","","","","","","",""
"image-keyboard-response","736","1869814","0.0-23.0-2.23","null","stimuli/noise_texture.png","null","","","","","","","","",""
"custom-labels-response","737","1873864","0.0-23.0-3.23","4049.60000000149","","contented","","","","","tom-labels","","","F4","dominant"
"html-keyboard-response","738","1874865","0.0-23.0-0.24","null","<span style=""font-size:40px;"">+</span>","null","","","","","","","","",""
"html-keyboard-response","739","1879120","0.0-23.0-1.24","","","","","","","","","","","",""
"image-keyboard-response","740","1879620","0.0-23.0-2.24","null","stimuli/noise_texture.png","null","","","","","","","","",""
"custom-labels-response","741","1880832","0.0-23.0-3.24","1211.3999999985099","","guilty","","","","","tom-labels","","","M5","guilty"
"html-keyboard-response","742","1881843","0.0-23.0-0.25","null","<span style=""font-size:40px;"">+</span>","null","","","","","","","","",""
"html-keyboard-response","743","1886073","0.0-23.0-1.25","","","","","","","","","","","",""
"image-keyboard-response","744","1886575","0.0-23.0-2.25","null","stimuli/noise_texture.png","null","","","","","","","","",""
"custom-labels-response","745","1889968","0.0-23.0-3.25","3393","","reassuring","","","","","tom-labels","","","F6","reassuring"
"html-keyboard-response","746","1890981","0.0-23.0-0.26","null","<span style=""font-size:40px;"">+</span>","null","","","","","","","","",""
"html-keyboard-response","747","1895185","0.0-23.0-1.26","","","","","","","","","","","",""
"image-keyboard-response","748","1895699","0.0-23.0-2.26","null","stimuli/noise_texture.png","null","","","","","","","","",""
"custom-labels-response","749","1898112","0.0-23.0-3.26","2412.699999999255","","amused","","","","","tom-labels","","","F5","amused"
"html-keyboard-response","750","1899120","0.0-23.0-0.27","null","<span style=""font-size:40px;"">+</span>","null","","","","","","","","",""
"html-keyboard-response","751","1903584","0.0-23.0-1.27","","","","","","","","","","","",""
"image-keyboard-response","752","1904098","0.0-23.0-2.27","null","stimuli/noise_texture.png","null","","","","","","","","",""
"custom-labels-response","753","1907880","0.0-23.0-3.27","3781.7999999970198","","serious","","","","","tom-labels","","","M6","serious"
"html-keyboard-response","754","1908893","0.0-23.0-0.28","null","<span style=""font-size:40px;"">+</span>","null","","","","","","","","",""
"html-keyboard-response","755","1913280","0.0-23.0-1.28","","","","","","","","","","","",""
"image-keyboard-response","756","1913784","0.0-23.0-2.28","null","stimuli/noise_texture.png","null","","","","","","","","",""
"custom-labels-response","757","1915848","0.0-23.0-3.28","2063.89999999851","","contented","","","","","tom-labels","","","M5","contented"
"html-keyboard-response","758","1916859","0.0-23.0-0.29","null","<span style=""font-size:40px;"">+</span>","null","","","","","","","","",""
"html-keyboard-response","759","1920873","0.0-23.0-1.29","","","","","","","","","","","",""
"image-keyboard-response","760","1921376","0.0-23.0-2.29","null","stimuli/noise_texture.png","null","","","","","","","","",""
"custom-labels-response","761","1923840","0.0-23.0-3.29","2463.5","","upset","","","","","tom-labels","","","M1","upset"
"html-button-response","762","1938145","0.0-24.0","14303.20000000298","<h3>Thank you for participating!</h1><p>You are done with the experiment. You will receive the full payment for your participation. Thank you for your time and contribution.</p><p>You will be automatically redirected to Prolific upon clicking <strong>Complete Experiment</strong>.</p><p>Please DO NOT close this tab until you have been redirected to Prolific. Please take note of your Prolific Completion Code before clicking <strong>Complete Experiment</strong>: <strong>C1HPV5RI</strong>.</p>","0","5f392fae9168cc472f0468f6","1760808204308","A","0","","","","",""
