"trial_type","trial_index","time_elapsed","internal_node_id","rt","stimulus","response","PID","START_TIME","EXP_AB","ATTENTION_FAILURES","trial","responses","view_history","actor","target_emotion"
"pavlovia","0","1278","0.0-0.0","","","","","","","","","","","",""
"html-button-response","1","3879","0.0-1.0","2600.699999988079","<h1>Welcome to the Multiethnic Face Database Study!</h1>","0","663bc31529719b8501c52820","1760804387445","A","0","","","","",""
"html-button-response","2","46231","0.0-2.0","42351.29999998212","<div style=""text-align: left; margin: 50px 80px -60px 80px;""><p><span style='text-decoration: underline;'><strong>CONSENT FORM </strong></span></p><p><strong>McGill University </strong></p><p><strong>Title of Research:</strong> A Dual Process Theory of Theory of Mind</p><p><strong>Researchers:</strong><br>Ian Gold, Ph.D., Professor, McGill University<br />Elizaveta Solomonova, Ph.D., Researcher, McGill University <br />Fernanda Perez-Gay Juarez, M.D., Ph.D., Psychiatry Resident, McGill University<br />Sophie Serebryany, Undergraduate Student, McGill University <br />Ani Shahbazian, Undergraduate Student, Concordia University<br>Sophie Hoyer, Undergraduate Student, McGill University</p><p><strong>Contact Information:<br />Tel:</strong> 514-398-8939 (Dr. Ian Gold) <br /><strong>Email:</strong> neurophilosophylabmcgill@gmail.com (all researchers)</p><p><strong>Purpose of the research:</strong><br> This study aims to measure people's ability to understand what others are thinking and feeling across different contexts and modalities. Please read through the description of the research project, and take the opportunity to ask any questions that you have about the project.</p><p><strong>What is involved in participating:</strong><br>You will be asked to look at a series of videos of facial expressions and answer questions about them. The online study in its entirety will take around [insert time], divided into 3 blocks with two 5-minute breaks in between. You will be asked to respond by answering multiple choice questions about the video. You will only need a mouse and a keyboard to provide responses to the various tasks.</p><p><strong>Right to withdraw:</strong><br>Please note that your participation is voluntary, and you are free to withdraw at any time without any negative consequences. Once you consent to participate, you may proceed to complete the online tasks. At the end of the experiment, you will see the message 'This is the end of the study. Please click on the button 'Complete the Experiment' to save your data and obtain your payment code.' Once you click the button, your data will be automatically collected through Pavlovia. Since participants will be anonymized (identified only by an alphanumeric code assigned by Prolific), the data will not be able to be withdrawn anonymously once you have completed the experiment. If you wish to withdraw consent without data collection, do not click the button to end the experiment and just close your browser.</p><p><strong>Confidentiality:</strong><br>The study's data will be kept for 7 years, stored in a password-protected virtual drive under the jurisdiction of McGill University (Dr. Ian Gold McGill's OneDrive). Your responses will be kept strictly confidential and will be identified only by means of your Prolific ID and never with your name or other identifying information. Only members of Dr. Ian Gold's lab will have access to identifiable study materials. You will not be identified or identifiable in any report or reports that result from the research (peer reviewed publications, presentations at national and international conferences, etc).</p><p><strong>Compensation:</strong><br>You will be compensated with &pound;9 for the completion of the study which should take approximately 60 minutes. Please use the completion code given to you at the end of the study to retrieve your payment in your Prolific account. Please note that if you decide to withdraw before finishing a session, there will be no way to compensate you for the time you spent, given that your data will not be saved.</p><p><strong>Risks &amp; Benefits:</strong> The only associated risks associated with this study are screen fatigue. If you have questions or concerns regarding your rights or welfare as a participant in this research study, please contact the Manager, Research Ethics at 514-398-6831 or lynda.mcneil@mcgill.ca.</p><p><strong>Consent:</strong><br>Please click on the button below if you have read the above information and consent to participate in this study. Otherwise, you can just close this window and return to the experiment in Prolific. Agreeing to participate in this study does not waive any of your rights or release the researchers from their responsibilities. To ensure the study is being conducted properly, authorized individuals, such as a member of the Research Ethics Board, may have access to your information.</p></div>","0","","","","","false","","","",""
"survey-demo","3","128272","0.0-3.0","82036.5","","","663bc31529719b8501c52820","1760804387445","","","demo","{""age"":""32"",""gender"":""Man"",""ethnicity"":[""White""],""education"":""Graduate school (Masters)"",""religion"":""No Religion"",""birthcountry"":""United States of America"",""residencecountry"":""United States of America"",""yearsresidence"":""32"",""internetspeed"":""290""}","","",""
"instructions","4","318739","0.0-6.0-0.0","190465.59999999404","","","","","","","","","[{""page_index"":0,""viewing_time"":22297.79999998212},{""page_index"":1,""viewing_time"":12446.700000017881},{""page_index"":2,""viewing_time"":8918.5},{""page_index"":3,""viewing_time"":143173.79999998212},{""page_index"":4,""viewing_time"":3628.5}]","",""
"html-keyboard-response","5","319746","0.0-6.0-1.0","null","<span style=""font-size:40px;"">+</span>","null","","","","","","","","",""
"html-keyboard-response","6","324663","0.0-6.0-2.0","","","","","","","","","","","",""
"image-keyboard-response","7","325169","0.0-6.0-3.0","null","stimuli/noise_texture.png","null","","","","","","","","",""
"custom-labels-response","8","328662","0.0-6.0-4.0","3492.300000011921","","doubtful","","","","","tom-labels-practice","","","12","Doubtful"
"html-button-response","9","337728","0.0-7.0","9065.09999999404","<div style=""width: 1000px; height: 45px""><p>You will now be shown a series of short videos. Please select the label that best describes the emotion that the face was showing. Please provide one best guess for each item. Starting now, your responses will be recorded.</p><p>Click <strong>Continue</strong> to start. Good luck!</p></div>","0","","","","","false","","","",""
"html-keyboard-response","10","338741","0.0-8.0-0.0","null","<span style=""font-size:40px;"">+</span>","null","","","","","","","","",""
"html-keyboard-response","11","343228","0.0-8.0-1.0","","","","","","","","","","","",""
"image-keyboard-response","12","343745","0.0-8.0-2.0","null","stimuli/noise_texture.png","null","","","","","","","","",""
"custom-labels-response","13","350288","0.0-8.0-3.0","6541.800000011921","","suspicious","","","","","tom-labels","","","M3","assertive"
"html-keyboard-response","14","351290","0.0-8.0-0.1","null","<span style=""font-size:40px;"">+</span>","null","","","","","","","","",""
"html-keyboard-response","15","355827","0.0-8.0-1.1","","","","","","","","","","","",""
"image-keyboard-response","16","356342","0.0-8.0-2.1","null","stimuli/noise_texture.png","null","","","","","","","","",""
"custom-labels-response","17","381566","0.0-8.0-3.1","25223","","nervous","","","","","tom-labels","","","F2","nervous"
"html-keyboard-response","18","382577","0.0-8.0-0.2","null","<span style=""font-size:40px;"">+</span>","null","","","","","","","","",""
"html-keyboard-response","19","387031","0.0-8.0-1.2","","","","","","","","","","","",""
"image-keyboard-response","20","387535","0.0-8.0-2.2","null","stimuli/noise_texture.png","null","","","","","","","","",""
"custom-labels-response","21","391526","0.0-8.0-3.2","3989.5999999940395","","panicked","","","","","tom-labels","","","F5","panicked"
"html-keyboard-response","22","392532","0.0-8.0-0.3","null","<span style=""font-size:40px;"">+</span>","null","","","","","","","","",""
"html-keyboard-response","23","397154","0.0-8.0-1.3","","","","","","","","","","","",""
"image-keyboard-response","24","397670","0.0-8.0-2.3","null","stimuli/noise_texture.png","null","","","","","","","","",""
"custom-labels-response","25","411737","0.0-8.0-3.3","14066.100000023842","","curious","","","","","tom-labels","","","M6","curious"
"html-keyboard-response","26","412751","0.0-8.0-0.4","null","<span style=""font-size:40px;"">+</span>","null","","","","","","","","",""
"html-keyboard-response","27","417186","0.0-8.0-1.4","","","","","","","","","","","",""
"image-keyboard-response","28","417697","0.0-8.0-2.4","null","stimuli/noise_texture.png","null","","","","","","","","",""
"custom-labels-response","29","422548","0.0-8.0-3.4","4850","","eager","","","","","tom-labels","","","F5","eager"
"html-keyboard-response","30","423560","0.0-8.0-0.5","null","<span style=""font-size:40px;"">+</span>","null","","","","","","","","",""
"html-keyboard-response","31","427578","0.0-8.0-1.5","","","","","","","","","","","",""
"image-keyboard-response","32","428082","0.0-8.0-2.5","null","stimuli/noise_texture.png","null","","","","","","","","",""
"custom-labels-response","33","433487","0.0-8.0-3.5","5403.800000011921","","threatening","","","","","tom-labels","","","M3","threatening"
"html-keyboard-response","34","434488","0.0-8.0-0.6","null","<span style=""font-size:40px;"">+</span>","null","","","","","","","","",""
"html-keyboard-response","35","438579","0.0-8.0-1.6","","","","","","","","","","","",""
"image-keyboard-response","36","439095","0.0-8.0-2.6","null","stimuli/noise_texture.png","null","","","","","","","","",""
"custom-labels-response","37","444029","0.0-8.0-3.6","4933.300000011921","","irritated","","","","","tom-labels","","","M3","hateful"
"html-keyboard-response","38","445040","0.0-8.0-0.7","null","<span style=""font-size:40px;"">+</span>","null","","","","","","","","",""
"html-keyboard-response","39","449494","0.0-8.0-1.7","","","","","","","","","","","",""
"image-keyboard-response","40","450003","0.0-8.0-2.7","null","stimuli/noise_texture.png","null","","","","","","","","",""
"custom-labels-response","41","454084","0.0-8.0-3.7","4080.2000000178814","","serious","","","","","tom-labels","","","F5","serious"
"html-keyboard-response","42","455090","0.0-8.0-0.8","null","<span style=""font-size:40px;"">+</span>","null","","","","","","","","",""
"html-keyboard-response","43","463296","0.0-8.0-1.8","","","","","","","","","","","",""
"image-keyboard-response","44","463810","0.0-8.0-2.8","null","stimuli/noise_texture.png","null","","","","","","","","",""
"custom-labels-response","45","473033","0.0-8.0-3.8","9222.800000011921","","accusing","","","","","tom-labels","","","F6","accusing"
"html-keyboard-response","46","474043","0.0-8.0-0.9","null","<span style=""font-size:40px;"">+</span>","null","","","","","","","","",""
"html-keyboard-response","47","478832","0.0-8.0-1.9","","","","","","","","","","","",""
"image-keyboard-response","48","479339","0.0-8.0-2.9","null","stimuli/noise_texture.png","null","","","","","","","","",""
"custom-labels-response","49","484741","0.0-8.0-3.9","5400.699999988079","","depressed","","","","","tom-labels","","","M6","depressed"
"html-keyboard-response","50","485743","0.0-8.0-0.10","null","<span style=""font-size:40px;"">+</span>","null","","","","","","","","",""
"html-keyboard-response","51","490292","0.0-8.0-1.10","","","","","","","","","","","",""
"image-keyboard-response","52","490807","0.0-8.0-2.10","null","stimuli/noise_texture.png","null","","","","","","","","",""
"custom-labels-response","53","495478","0.0-8.0-3.10","4670","","desire","","","","","tom-labels","","","F8","desire"
"html-keyboard-response","54","496485","0.0-8.0-0.11","null","<span style=""font-size:40px;"">+</span>","null","","","","","","","","",""
"html-keyboard-response","55","501218","0.0-8.0-1.11","","","","","","","","","","","",""
"image-keyboard-response","56","501720","0.0-8.0-2.11","null","stimuli/noise_texture.png","null","","","","","","","","",""
"custom-labels-response","57","511309","0.0-8.0-3.11","9587.600000023842","","desire","","","","","tom-labels","","","M2","desire"
"html-keyboard-response","58","512310","0.0-8.0-0.12","null","<span style=""font-size:40px;"">+</span>","null","","","","","","","","",""
"html-keyboard-response","59","516402","0.0-8.0-1.12","","","","","","","","","","","",""
"image-keyboard-response","60","516913","0.0-8.0-2.12","null","stimuli/noise_texture.png","null","","","","","","","","",""
"custom-labels-response","61","525683","0.0-8.0-3.12","8769","","irritated","","","","","tom-labels","","","M3","offended"
"html-keyboard-response","62","526696","0.0-8.0-0.13","null","<span style=""font-size:40px;"">+</span>","null","","","","","","","","",""
"html-keyboard-response","63","531184","0.0-8.0-1.13","","","","","","","","","","","",""
"image-keyboard-response","64","531696","0.0-8.0-2.13","null","stimuli/noise_texture.png","null","","","","","","","","",""
"custom-labels-response","65","535929","0.0-8.0-3.13","4232.699999988079","","grateful","","","","","tom-labels","","","F5","grateful"
"html-keyboard-response","66","536944","0.0-8.0-0.14","null","<span style=""font-size:40px;"">+</span>","null","","","","","","","","",""
"html-keyboard-response","67","541453","0.0-8.0-1.14","","","","","","","","","","","",""
"image-keyboard-response","68","541960","0.0-8.0-2.14","null","stimuli/noise_texture.png","null","","","","","","","","",""
"custom-labels-response","69","552568","0.0-8.0-3.14","10607.40000000596","","entertained","","","","","tom-labels","","","M5","playful"
"html-keyboard-response","70","553574","0.0-8.0-0.15","null","<span style=""font-size:40px;"">+</span>","null","","","","","","","","",""
"html-keyboard-response","71","558116","0.0-8.0-1.15","","","","","","","","","","","",""
"image-keyboard-response","72","558631","0.0-8.0-2.15","null","stimuli/noise_texture.png","null","","","","","","","","",""
"custom-labels-response","73","562821","0.0-8.0-3.15","4188.800000011921","","suspicious","","","","","tom-labels","","","M5","suspicious"
"html-keyboard-response","74","563822","0.0-8.0-0.16","null","<span style=""font-size:40px;"">+</span>","null","","","","","","","","",""
"html-keyboard-response","75","568295","0.0-8.0-1.16","","","","","","","","","","","",""
"image-keyboard-response","76","568805","0.0-8.0-2.16","null","stimuli/noise_texture.png","null","","","","","","","","",""
"custom-labels-response","77","573233","0.0-8.0-3.16","4427.5","","worried","","","","","tom-labels","","","F5","worried"
"html-keyboard-response","78","574236","0.0-8.0-0.17","null","<span style=""font-size:40px;"">+</span>","null","","","","","","","","",""
"html-keyboard-response","79","578819","0.0-8.0-1.17","","","","","","","","","","","",""
"image-keyboard-response","80","579336","0.0-8.0-2.17","null","stimuli/noise_texture.png","null","","","","","","","","",""
"custom-labels-response","81","582097","0.0-8.0-3.17","2760.5","","nervous","","","","","tom-labels","","","M2","nervous"
"html-keyboard-response","82","583102","0.0-8.0-0.18","null","<span style=""font-size:40px;"">+</span>","null","","","","","","","","",""
"html-keyboard-response","83","587658","0.0-8.0-1.18","","","","","","","","","","","",""
"image-keyboard-response","84","588171","0.0-8.0-2.18","null","stimuli/noise_texture.png","null","","","","","","","","",""
"custom-labels-response","85","594495","0.0-8.0-3.18","6323.799999982119","","stern","","","","","tom-labels","","","M2","stern"
"html-keyboard-response","86","595509","0.0-8.0-0.19","null","<span style=""font-size:40px;"">+</span>","null","","","","","","","","",""
"html-keyboard-response","87","600049","0.0-8.0-1.19","","","","","","","","","","","",""
"image-keyboard-response","88","600551","0.0-8.0-2.19","null","stimuli/noise_texture.png","null","","","","","","","","",""
"custom-labels-response","89","605114","0.0-8.0-3.19","4561.9000000059605","","incredulous","","","","","tom-labels","","","F4","upset"
"html-keyboard-response","90","606125","0.0-8.0-0.20","null","<span style=""font-size:40px;"">+</span>","null","","","","","","","","",""
"html-keyboard-response","91","610583","0.0-8.0-1.20","","","","","","","","","","","",""
"image-keyboard-response","92","611087","0.0-8.0-2.20","null","stimuli/noise_texture.png","null","","","","","","","","",""
"custom-labels-response","93","615910","0.0-8.0-3.20","4822","","apologetic","","","","","tom-labels","","","F7","apologetic"
"html-keyboard-response","94","616926","0.0-8.0-0.21","null","<span style=""font-size:40px;"">+</span>","null","","","","","","","","",""
"html-keyboard-response","95","621391","0.0-8.0-1.21","","","","","","","","","","","",""
"image-keyboard-response","96","621906","0.0-8.0-2.21","null","stimuli/noise_texture.png","null","","","","","","","","",""
"custom-labels-response","97","627624","0.0-8.0-3.21","5718.100000023842","","embarrassed","","","","","tom-labels","","","F7","embarrassed"
"html-keyboard-response","98","628625","0.0-8.0-0.22","null","<span style=""font-size:40px;"">+</span>","null","","","","","","","","",""
"html-keyboard-response","99","633200","0.0-8.0-1.22","","","","","","","","","","","",""
"image-keyboard-response","100","633702","0.0-8.0-2.22","null","stimuli/noise_texture.png","null","","","","","","","","",""
"custom-labels-response","101","638584","0.0-8.0-3.22","4880.800000011921","","concerned","","","","","tom-labels","","","M4","concerned"
"html-keyboard-response","102","639586","0.0-8.0-0.23","null","<span style=""font-size:40px;"">+</span>","null","","","","","","","","",""
"html-keyboard-response","103","644121","0.0-8.0-1.23","","","","","","","","","","","",""
"image-keyboard-response","104","644629","0.0-8.0-2.23","null","stimuli/noise_texture.png","null","","","","","","","","",""
"custom-labels-response","105","648674","0.0-8.0-3.23","4043.5","","relieved","","","","","tom-labels","","","F6","relieved"
"html-keyboard-response","106","649675","0.0-8.0-0.24","null","<span style=""font-size:40px;"">+</span>","null","","","","","","","","",""
"html-keyboard-response","107","654268","0.0-8.0-1.24","","","","","","","","","","","",""
"image-keyboard-response","108","654775","0.0-8.0-2.24","null","stimuli/noise_texture.png","null","","","","","","","","",""
"custom-labels-response","109","659774","0.0-8.0-3.24","4999","","confused","","","","","tom-labels","","","M4","confused"
"html-keyboard-response","110","660777","0.0-8.0-0.25","null","<span style=""font-size:40px;"">+</span>","null","","","","","","","","",""
"html-keyboard-response","111","665545","0.0-8.0-1.25","","","","","","","","","","","",""
"image-keyboard-response","112","666053","0.0-8.0-2.25","null","stimuli/noise_texture.png","null","","","","","","","","",""
"custom-labels-response","113","673002","0.0-8.0-3.25","6947.9000000059605","","bewildered","","","","","tom-labels","","","M6","convinced"
"html-keyboard-response","114","674007","0.0-8.0-0.26","null","<span style=""font-size:40px;"">+</span>","null","","","","","","","","",""
"html-keyboard-response","115","678655","0.0-8.0-1.26","","","","","","","","","","","",""
"image-keyboard-response","116","679162","0.0-8.0-2.26","null","stimuli/noise_texture.png","null","","","","","","","","",""
"custom-labels-response","117","683869","0.0-8.0-3.26","4706.100000023842","","relieved","","","","","tom-labels","","","M5","eager"
"html-keyboard-response","118","684883","0.0-8.0-0.27","null","<span style=""font-size:40px;"">+</span>","null","","","","","","","","",""
"html-keyboard-response","119","689332","0.0-8.0-1.27","","","","","","","","","","","",""
"image-keyboard-response","120","689841","0.0-8.0-2.27","null","stimuli/noise_texture.png","null","","","","","","","","",""
"custom-labels-response","121","694546","0.0-8.0-3.27","4704","","friendly","","","","","tom-labels","","","M5","friendly"
"html-keyboard-response","122","695547","0.0-8.0-0.28","null","<span style=""font-size:40px;"">+</span>","null","","","","","","","","",""
"html-keyboard-response","123","699383","0.0-8.0-1.28","","","","","","","","","","","",""
"image-keyboard-response","124","699898","0.0-8.0-2.28","null","stimuli/noise_texture.png","null","","","","","","","","",""
"custom-labels-response","125","703442","0.0-8.0-3.28","3542.7000000178814","","confident","","","","","tom-labels","","","M1","confident"
"html-keyboard-response","126","704444","0.0-8.0-0.29","null","<span style=""font-size:40px;"">+</span>","null","","","","","","","","",""
"html-keyboard-response","127","708955","0.0-8.0-1.29","","","","","","","","","","","",""
"image-keyboard-response","128","709461","0.0-8.0-2.29","null","stimuli/noise_texture.png","null","","","","","","","","",""
"custom-labels-response","129","715963","0.0-8.0-3.29","6500.800000011921","","flustered","","","","","tom-labels","","","F4","flustered"
"html-keyboard-response","130","716963","0.0-8.0-0.30","null","<span style=""font-size:40px;"">+</span>","null","","","","","","","","",""
"html-keyboard-response","131","720505","0.0-8.0-1.30","","","","","","","","","","","",""
"image-keyboard-response","132","721017","0.0-8.0-2.30","null","stimuli/noise_texture.png","null","","","","","","","","",""
"custom-labels-response","133","728316","0.0-8.0-3.30","7299","","disappointed","","","","","tom-labels","","","M1","disappointed"
"html-keyboard-response","134","729317","0.0-8.0-0.31","null","<span style=""font-size:40px;"">+</span>","null","","","","","","","","",""
"html-keyboard-response","135","733404","0.0-8.0-1.31","","","","","","","","","","","",""
"image-keyboard-response","136","733908","0.0-8.0-2.31","null","stimuli/noise_texture.png","null","","","","","","","","",""
"custom-labels-response","137","740315","0.0-8.0-3.31","6405.9000000059605","","ashamed","","","","","tom-labels","","","F3","ashamed"
"html-keyboard-response","138","741325","0.0-8.0-0.32","null","<span style=""font-size:40px;"">+</span>","null","","","","","","","","",""
"html-keyboard-response","139","745924","0.0-8.0-1.32","","","","","","","","","","","",""
"image-keyboard-response","140","746433","0.0-8.0-2.32","null","stimuli/noise_texture.png","null","","","","","","","","",""
"custom-labels-response","141","749745","0.0-8.0-3.32","3310.800000011921","","thoughtful","","","","","tom-labels","","","F5","thoughtful"
"html-keyboard-response","142","750749","0.0-8.0-0.33","null","<span style=""font-size:40px;"">+</span>","null","","","","","","","","",""
"html-keyboard-response","143","755445","0.0-8.0-1.33","","","","","","","","","","","",""
"image-keyboard-response","144","755950","0.0-8.0-2.33","null","stimuli/noise_texture.png","null","","","","","","","","",""
"custom-labels-response","145","762693","0.0-8.0-3.33","6742.399999976158","","enthused","","","","","tom-labels","","","M5","enthused"
"html-keyboard-response","146","763697","0.0-8.0-0.34","null","<span style=""font-size:40px;"">+</span>","null","","","","","","","","",""
"html-keyboard-response","147","767856","0.0-8.0-1.34","","","","","","","","","","","",""
"image-keyboard-response","148","768367","0.0-8.0-2.34","null","stimuli/noise_texture.png","null","","","","","","","","",""
"custom-labels-response","149","771398","0.0-8.0-3.34","3029.5","","hateful","","","","","tom-labels","","","M3","jealous"
"html-keyboard-response","150","772399","0.0-8.0-0.35","null","<span style=""font-size:40px;"">+</span>","null","","","","","","","","",""
"html-keyboard-response","151","777088","0.0-8.0-1.35","","","","","","","","","","","",""
"image-keyboard-response","152","777601","0.0-8.0-2.35","null","stimuli/noise_texture.png","null","","","","","","","","",""
"custom-labels-response","153","781742","0.0-8.0-3.35","4140.199999988079","","pensive","","","","","tom-labels","","","M6","indecisive"
"html-keyboard-response","154","782743","0.0-8.0-0.36","null","<span style=""font-size:40px;"">+</span>","null","","","","","","","","",""
"html-keyboard-response","155","787618","0.0-8.0-1.36","","","","","","","","","","","",""
"image-keyboard-response","156","788132","0.0-8.0-2.36","null","stimuli/noise_texture.png","null","","","","","","","","",""
"custom-labels-response","157","794368","0.0-8.0-3.36","6234.799999982119","","anticipating","","","","","tom-labels","","","M6","anticipating"
"html-keyboard-response","158","795371","0.0-8.0-0.37","null","<span style=""font-size:40px;"">+</span>","null","","","","","","","","",""
"html-keyboard-response","159","800182","0.0-8.0-1.37","","","","","","","","","","","",""
"image-keyboard-response","160","800694","0.0-8.0-2.37","null","stimuli/noise_texture.png","null","","","","","","","","",""
"custom-labels-response","161","810201","0.0-8.0-3.37","9507","","insulting","","","","","tom-labels","","","M2","insulting"
"html-keyboard-response","162","811205","0.0-8.0-0.38","null","<span style=""font-size:40px;"">+</span>","null","","","","","","","","",""
"html-keyboard-response","163","815676","0.0-8.0-1.38","","","","","","","","","","","",""
"image-keyboard-response","164","816179","0.0-8.0-2.38","null","stimuli/noise_texture.png","null","","","","","","","","",""
"custom-labels-response","165","821838","0.0-8.0-3.38","5658.0999999940395","","accusing","","","","","tom-labels","","","M3","accusing"
"html-keyboard-response","166","822852","0.0-8.0-0.39","null","<span style=""font-size:40px;"">+</span>","null","","","","","","","","",""
"html-keyboard-response","167","826896","0.0-8.0-1.39","","","","","","","","","","","",""
"image-keyboard-response","168","827399","0.0-8.0-2.39","null","stimuli/noise_texture.png","null","","","","","","","","",""
"custom-labels-response","169","837819","0.0-8.0-3.39","10418.5","","anticipating","","","","","tom-labels","","","F3","fascinated"
"html-keyboard-response","170","838834","0.0-9.0-0.0","null","<span style=""font-size:40px;"">+</span>","null","","","","","","","","",""
"html-keyboard-response","171","842981","0.0-9.0-1.0","","","","","","","","","","","",""
"image-keyboard-response","172","843482","0.0-9.0-2.0","null","stimuli/noise_texture.png","null","","","","","","","","",""
"custom-labels-response","173","850570","0.0-9.0-3.0","7086.4000000059605","","click","","","","","attention-check","","","M3","threatening"
"html-keyboard-response","174","851571","0.0-11.0-0.0","null","<span style=""font-size:40px;"">+</span>","null","","","","","","","","",""
"html-keyboard-response","175","855976","0.0-11.0-1.0","","","","","","","","","","","",""
"image-keyboard-response","176","856489","0.0-11.0-2.0","null","stimuli/noise_texture.png","null","","","","","","","","",""
"custom-labels-response","177","864824","0.0-11.0-3.0","8334.09999999404","","curious","","","","","tom-labels","","","F2","curious"
"html-keyboard-response","178","865840","0.0-11.0-0.1","null","<span style=""font-size:40px;"">+</span>","null","","","","","","","","",""
"html-keyboard-response","179","870430","0.0-11.0-1.1","","","","","","","","","","","",""
"image-keyboard-response","180","870946","0.0-11.0-2.1","null","stimuli/noise_texture.png","null","","","","","","","","",""
"custom-labels-response","181","873842","0.0-11.0-3.1","2895","","contemplative","","","","","tom-labels","","","F6","contemplative"
"html-keyboard-response","182","874853","0.0-11.0-0.2","null","<span style=""font-size:40px;"">+</span>","null","","","","","","","","",""
"html-keyboard-response","183","879495","0.0-11.0-1.2","","","","","","","","","","","",""
"image-keyboard-response","184","880001","0.0-11.0-2.2","null","stimuli/noise_texture.png","null","","","","","","","","",""
"custom-labels-response","185","884580","0.0-11.0-3.2","4577.699999988079","","reflective","","","","","tom-labels","","","M6","reflective"
"html-keyboard-response","186","885583","0.0-11.0-0.3","null","<span style=""font-size:40px;"">+</span>","null","","","","","","","","",""
"html-keyboard-response","187","889682","0.0-11.0-1.3","","","","","","","","","","","",""
"image-keyboard-response","188","890197","0.0-11.0-2.3","null","stimuli/noise_texture.png","null","","","","","","","","",""
"custom-labels-response","189","894977","0.0-11.0-3.3","4779.200000017881","","incredulous","","","","","tom-labels","","","F3","incredulous"
"html-keyboard-response","190","895985","0.0-11.0-0.4","null","<span style=""font-size:40px;"">+</span>","null","","","","","","","","",""
"html-keyboard-response","191","900201","0.0-11.0-1.4","","","","","","","","","","","",""
"image-keyboard-response","192","900706","0.0-11.0-2.4","null","stimuli/noise_texture.png","null","","","","","","","","",""
"custom-labels-response","193","904089","0.0-11.0-3.4","3381.5999999940395","","earnest","","","","","tom-labels","","","F3","earnest"
"html-keyboard-response","194","905090","0.0-11.0-0.5","null","<span style=""font-size:40px;"">+</span>","null","","","","","","","","",""
"html-keyboard-response","195","909760","0.0-11.0-1.5","","","","","","","","","","","",""
"image-keyboard-response","196","910270","0.0-11.0-2.5","null","stimuli/noise_texture.png","null","","","","","","","","",""
"custom-labels-response","197","916507","0.0-11.0-3.5","6234.9000000059605","","comforting","","","","","tom-labels","","","M5","comforting"
"html-keyboard-response","198","917508","0.0-11.0-0.6","null","<span style=""font-size:40px;"">+</span>","null","","","","","","","","",""
"html-keyboard-response","199","921998","0.0-11.0-1.6","","","","","","","","","","","",""
"image-keyboard-response","200","922511","0.0-11.0-2.6","null","stimuli/noise_texture.png","null","","","","","","","","",""
"custom-labels-response","201","928050","0.0-11.0-3.6","5538","","affectionate","","","","","tom-labels","","","F4","affectionate"
"html-keyboard-response","202","929051","0.0-11.0-0.7","null","<span style=""font-size:40px;"">+</span>","null","","","","","","","","",""
"html-keyboard-response","203","933718","0.0-11.0-1.7","","","","","","","","","","","",""
"image-keyboard-response","204","934232","0.0-11.0-2.7","null","stimuli/noise_texture.png","null","","","","","","","","",""
"custom-labels-response","205","941842","0.0-11.0-3.7","7609.0999999940395","","entertained","","","","","tom-labels","","","M2","entertained"
"html-keyboard-response","206","942857","0.0-11.0-0.8","null","<span style=""font-size:40px;"">+</span>","null","","","","","","","","",""
"html-keyboard-response","207","947384","0.0-11.0-1.8","","","","","","","","","","","",""
"image-keyboard-response","208","947885","0.0-11.0-2.8","null","stimuli/noise_texture.png","null","","","","","","","","",""
"custom-labels-response","209","958528","0.0-11.0-3.8","10641.700000017881","","distrustful","","","","","tom-labels","","","F2","relaxed"
"html-keyboard-response","210","959533","0.0-11.0-0.9","null","<span style=""font-size:40px;"">+</span>","null","","","","","","","","",""
"html-keyboard-response","211","963590","0.0-11.0-1.9","","","","","","","","","","","",""
"image-keyboard-response","212","964103","0.0-11.0-2.9","null","stimuli/noise_texture.png","null","","","","","","","","",""
"custom-labels-response","213","967977","0.0-11.0-3.9","3873.5","","entertained","","","","","tom-labels","","","F3","entertained"
"html-keyboard-response","214","968980","0.0-11.0-0.10","null","<span style=""font-size:40px;"">+</span>","null","","","","","","","","",""
"html-keyboard-response","215","973516","0.0-11.0-1.10","","","","","","","","","","","",""
"image-keyboard-response","216","974029","0.0-11.0-2.10","null","stimuli/noise_texture.png","null","","","","","","","","",""
"custom-labels-response","217","980124","0.0-11.0-3.10","6094.5999999940395","","insulting","","","","","tom-labels","","","F7","insulting"
"html-keyboard-response","218","981125","0.0-11.0-0.11","null","<span style=""font-size:40px;"">+</span>","null","","","","","","","","",""
"html-keyboard-response","219","985224","0.0-11.0-1.11","","","","","","","","","","","",""
"image-keyboard-response","220","985737","0.0-11.0-2.11","null","stimuli/noise_texture.png","null","","","","","","","","",""
"custom-labels-response","221","990831","0.0-11.0-3.11","5092","","deciding","","","","","tom-labels","","","M1","deciding"
"html-keyboard-response","222","991832","0.0-11.0-0.12","null","<span style=""font-size:40px;"">+</span>","null","","","","","","","","",""
"html-keyboard-response","223","996237","0.0-11.0-1.12","","","","","","","","","","","",""
"image-keyboard-response","224","996748","0.0-11.0-2.12","null","stimuli/noise_texture.png","null","","","","","","","","",""
"custom-labels-response","225","1004951","0.0-11.0-3.12","8201.700000017881","","preoccupied","","","","","tom-labels","","","M5","preoccupied"
"html-keyboard-response","226","1005962","0.0-11.0-0.13","null","<span style=""font-size:40px;"">+</span>","null","","","","","","","","",""
"html-keyboard-response","227","1010143","0.0-11.0-1.13","","","","","","","","","","","",""
"image-keyboard-response","228","1010657","0.0-11.0-2.13","null","stimuli/noise_texture.png","null","","","","","","","","",""
"custom-labels-response","229","1015377","0.0-11.0-3.13","4718.5999999940395","","ashamed","","","","","tom-labels","","","M1","ashamed"
"html-keyboard-response","230","1016378","0.0-11.0-0.14","null","<span style=""font-size:40px;"">+</span>","null","","","","","","","","",""
"html-keyboard-response","231","1021002","0.0-11.0-1.14","","","","","","","","","","","",""
"image-keyboard-response","232","1021515","0.0-11.0-2.14","null","stimuli/noise_texture.png","null","","","","","","","","",""
"custom-labels-response","233","1025756","0.0-11.0-3.14","4240","","nervous","","","","","tom-labels","","","F2","enthused"
"html-keyboard-response","234","1026757","0.0-11.0-0.15","null","<span style=""font-size:40px;"">+</span>","null","","","","","","","","",""
"html-keyboard-response","235","1031308","0.0-11.0-1.15","","","","","","","","","","","",""
"image-keyboard-response","236","1031822","0.0-11.0-2.15","null","stimuli/noise_texture.png","null","","","","","","","","",""
"custom-labels-response","237","1039978","0.0-11.0-3.15","8154.700000017881","","reflective","","","","","tom-labels","","","F2","reflective"
"html-keyboard-response","238","1040979","0.0-11.0-0.16","null","<span style=""font-size:40px;"">+</span>","null","","","","","","","","",""
"html-keyboard-response","239","1045419","0.0-11.0-1.16","","","","","","","","","","","",""
"image-keyboard-response","240","1045928","0.0-11.0-2.16","null","stimuli/noise_texture.png","null","","","","","","","","",""
"custom-labels-response","241","1049678","0.0-11.0-3.16","3749.5","","joking","","","","","tom-labels","","","F5","joking"
"html-keyboard-response","242","1050688","0.0-11.0-0.17","null","<span style=""font-size:40px;"">+</span>","null","","","","","","","","",""
"html-keyboard-response","243","1055147","0.0-11.0-1.17","","","","","","","","","","","",""
"image-keyboard-response","244","1055652","0.0-11.0-2.17","null","stimuli/noise_texture.png","null","","","","","","","","",""
"custom-labels-response","245","1059089","0.0-11.0-3.17","3436.2000000178814","","thoughtful","","","","","tom-labels","","","M2","thoughtful"
"html-keyboard-response","246","1060098","0.0-11.0-0.18","null","<span style=""font-size:40px;"">+</span>","null","","","","","","","","",""
"html-keyboard-response","247","1064815","0.0-11.0-1.18","","","","","","","","","","","",""
"image-keyboard-response","248","1065327","0.0-11.0-2.18","null","stimuli/noise_texture.png","null","","","","","","","","",""
"custom-labels-response","249","1067692","0.0-11.0-3.18","2364.199999988079","","indifferent","","","","","tom-labels","","","F4","indifferent"
"html-keyboard-response","250","1068693","0.0-11.0-0.19","null","<span style=""font-size:40px;"">+</span>","null","","","","","","","","",""
"html-keyboard-response","251","1073203","0.0-11.0-1.19","","","","","","","","","","","",""
"image-keyboard-response","252","1073709","0.0-11.0-2.19","null","stimuli/noise_texture.png","null","","","","","","","","",""
"custom-labels-response","253","1076882","0.0-11.0-3.19","3171.9000000059605","","distrustful","","","","","tom-labels","","","M2","distrustful"
"html-keyboard-response","254","1077892","0.0-11.0-0.20","null","<span style=""font-size:40px;"">+</span>","null","","","","","","","","",""
"html-keyboard-response","255","1082347","0.0-11.0-1.20","","","","","","","","","","","",""
"image-keyboard-response","256","1082849","0.0-11.0-2.20","null","stimuli/noise_texture.png","null","","","","","","","","",""
"custom-labels-response","257","1089155","0.0-11.0-3.20","6305.800000011921","","anxious","","","","","tom-labels","","","M4","fantasizing"
"html-keyboard-response","258","1090157","0.0-11.0-0.21","null","<span style=""font-size:40px;"">+</span>","null","","","","","","","","",""
"html-keyboard-response","259","1094184","0.0-11.0-1.21","","","","","","","","","","","",""
"image-keyboard-response","260","1094696","0.0-11.0-2.21","null","stimuli/noise_texture.png","null","","","","","","","","",""
"custom-labels-response","261","1099288","0.0-11.0-3.21","4590.800000011921","","offended","","","","","tom-labels","","","F3","offended"
"html-button-response","262","1400469","0.0-12.0","301180.09999999404","You have completed the first part of the experiment.<br> Please take a five-minute break before moving on to the next trial.<p> Feel free to walk around the room and stretch. However, please make sure to return to the task<br> within 5 minutes, as extended delays may result in automatic withdrawal from the study.<br>Press <b>Continue</b> to proceed with the experiment.<p><span id=""clock"">5:00</span>","0","","","","","","","","",""
"instructions","263","1443489","0.0-13.0","43019.29999998212","","","","","","","","","[{""page_index"":0,""viewing_time"":23946.29999998212},{""page_index"":1,""viewing_time"":16580.70000001788},{""page_index"":2,""viewing_time"":2492}]","",""
"html-keyboard-response","264","1444499","0.0-14.0-0.0","null","<span style=""font-size:40px;"">+</span>","null","","","","","","","","",""
"html-keyboard-response","265","1449306","0.0-14.0-1.0","","","","","","","","","","","",""
"image-keyboard-response","266","1449822","0.0-14.0-2.0","null","stimuli/noise_texture.png","null","","","","","","","","",""
"custom-labels-response","267","1456894","0.0-14.0-3.0","7070.5","","interested","","","","","tom-labels","","","M5","interested"
"html-keyboard-response","268","1457894","0.0-14.0-0.1","null","<span style=""font-size:40px;"">+</span>","null","","","","","","","","",""
"html-keyboard-response","269","1461428","0.0-14.0-1.1","","","","","","","","","","","",""
"image-keyboard-response","270","1461931","0.0-14.0-2.1","null","stimuli/noise_texture.png","null","","","","","","","","",""
"custom-labels-response","271","1468095","0.0-14.0-3.1","6163.200000017881","","joking","","","","","tom-labels","","","M2","joking"
"html-keyboard-response","272","1469097","0.0-14.0-0.2","null","<span style=""font-size:40px;"">+</span>","null","","","","","","","","",""
"html-keyboard-response","273","1473645","0.0-14.0-1.2","","","","","","","","","","","",""
"image-keyboard-response","274","1474159","0.0-14.0-2.2","null","stimuli/noise_texture.png","null","","","","","","","","",""
"custom-labels-response","275","1481371","0.0-14.0-3.2","7210.300000011921","","cautious","","","","","tom-labels","","","M2","cautious"
"html-keyboard-response","276","1482376","0.0-14.0-0.3","null","<span style=""font-size:40px;"">+</span>","null","","","","","","","","",""
"html-keyboard-response","277","1486886","0.0-14.0-1.3","","","","","","","","","","","",""
"image-keyboard-response","278","1487390","0.0-14.0-2.3","null","stimuli/noise_texture.png","null","","","","","","","","",""
"custom-labels-response","279","1494608","0.0-14.0-3.3","7217.399999976158","","jealous","","","","","tom-labels","","","F8","jealous"
"html-keyboard-response","280","1495610","0.0-14.0-0.4","null","<span style=""font-size:40px;"">+</span>","null","","","","","","","","",""
"html-keyboard-response","281","1500102","0.0-14.0-1.4","","","","","","","","","","","",""
"image-keyboard-response","282","1500613","0.0-14.0-2.4","null","stimuli/noise_texture.png","null","","","","","","","","",""
"custom-labels-response","283","1504663","0.0-14.0-3.4","4049.7999999821186","","aghast","","","","","tom-labels","","","M3","aghast"
"html-keyboard-response","284","1505678","0.0-14.0-0.5","null","<span style=""font-size:40px;"">+</span>","null","","","","","","","","",""
"html-keyboard-response","285","1509820","0.0-14.0-1.5","","","","","","","","","","","",""
"image-keyboard-response","286","1510332","0.0-14.0-2.5","null","stimuli/noise_texture.png","null","","","","","","","","",""
"custom-labels-response","287","1516367","0.0-14.0-3.5","6034.5","","preoccupied","","","","","tom-labels","","","F3","preoccupied"
"html-keyboard-response","288","1517380","0.0-14.0-0.6","null","<span style=""font-size:40px;"">+</span>","null","","","","","","","","",""
"html-keyboard-response","289","1521421","0.0-14.0-1.6","","","","","","","","","","","",""
"image-keyboard-response","290","1521927","0.0-14.0-2.6","null","stimuli/noise_texture.png","null","","","","","","","","",""
"custom-labels-response","291","1525472","0.0-14.0-3.6","3544.699999988079","","hopeful","","","","","tom-labels","","","M1","fascinated"
"html-keyboard-response","292","1526476","0.0-14.0-0.7","null","<span style=""font-size:40px;"">+</span>","null","","","","","","","","",""
"html-keyboard-response","293","1530913","0.0-14.0-1.7","","","","","","","","","","","",""
"image-keyboard-response","294","1531420","0.0-14.0-2.7","null","stimuli/noise_texture.png","null","","","","","","","","",""
"custom-labels-response","295","1537280","0.0-14.0-3.7","5859.4000000059605","","dispirited","","","","","tom-labels","","","F7","dispirited"
"html-keyboard-response","296","1538290","0.0-14.0-0.8","null","<span style=""font-size:40px;"">+</span>","null","","","","","","","","",""
"html-keyboard-response","297","1542743","0.0-14.0-1.8","","","","","","","","","","","",""
"image-keyboard-response","298","1543249","0.0-14.0-2.8","null","stimuli/noise_texture.png","null","","","","","","","","",""
"custom-labels-response","299","1553647","0.0-14.0-3.8","10396.5","","aghast","","","","","tom-labels","","","F7","aghast"
"html-keyboard-response","300","1554649","0.0-14.0-0.9","null","<span style=""font-size:40px;"">+</span>","null","","","","","","","","",""
"html-keyboard-response","301","1559822","0.0-14.0-1.9","","","","","","","","","","","",""
"image-keyboard-response","302","1560329","0.0-14.0-2.9","null","stimuli/noise_texture.png","null","","","","","","","","",""
"custom-labels-response","303","1567456","0.0-14.0-3.9","7126.5","","annoyed","","","","","tom-labels","","","M6","annoyed"
"html-keyboard-response","304","1568469","0.0-14.0-0.10","null","<span style=""font-size:40px;"">+</span>","null","","","","","","","","",""
"html-keyboard-response","305","1572590","0.0-14.0-1.10","","","","","","","","","","","",""
"image-keyboard-response","306","1573096","0.0-14.0-2.10","null","stimuli/noise_texture.png","null","","","","","","","","",""
"custom-labels-response","307","1577425","0.0-14.0-3.10","4328.700000017881","","sarcastic","","","","","tom-labels","","","F3","sarcastic"
"html-keyboard-response","308","1578431","0.0-14.0-0.11","null","<span style=""font-size:40px;"">+</span>","null","","","","","","","","",""
"html-keyboard-response","309","1582561","0.0-14.0-1.11","","","","","","","","","","","",""
"image-keyboard-response","310","1583064","0.0-14.0-2.11","null","stimuli/noise_texture.png","null","","","","","","","","",""
"custom-labels-response","311","1592442","0.0-14.0-3.11","9378.09999999404","","distrustful","","","","","tom-labels","","","F3","distrustful"
"html-keyboard-response","312","1593457","0.0-14.0-0.12","null","<span style=""font-size:40px;"">+</span>","null","","","","","","","","",""
"html-keyboard-response","313","1597478","0.0-14.0-1.12","","","","","","","","","","","",""
"image-keyboard-response","314","1597984","0.0-14.0-2.12","null","stimuli/noise_texture.png","null","","","","","","","","",""
"custom-labels-response","315","1601023","0.0-14.0-3.12","3038.2999999821186","","despondent","","","","","tom-labels","","","F2","despondent"
"html-keyboard-response","316","1602024","0.0-14.0-0.13","null","<span style=""font-size:40px;"">+</span>","null","","","","","","","","",""
"html-keyboard-response","317","1606549","0.0-14.0-1.13","","","","","","","","","","","",""
"image-keyboard-response","318","1607058","0.0-14.0-2.13","null","stimuli/noise_texture.png","null","","","","","","","","",""
"custom-labels-response","319","1612254","0.0-14.0-3.13","5194.799999982119","","threatening","","","","","tom-labels","","","F7","threatening"
"html-keyboard-response","320","1613268","0.0-14.0-0.14","null","<span style=""font-size:40px;"">+</span>","null","","","","","","","","",""
"html-keyboard-response","321","1617774","0.0-14.0-1.14","","","","","","","","","","","",""
"image-keyboard-response","322","1618290","0.0-14.0-2.14","null","stimuli/noise_texture.png","null","","","","","","","","",""
"custom-labels-response","323","1626303","0.0-14.0-3.14","8011.799999982119","","fearful","","","","","tom-labels","","","M5","fearful"
"html-keyboard-response","324","1627304","0.0-14.0-0.15","null","<span style=""font-size:40px;"">+</span>","null","","","","","","","","",""
"html-keyboard-response","325","1631530","0.0-14.0-1.15","","","","","","","","","","","",""
"image-keyboard-response","326","1632038","0.0-14.0-2.15","null","stimuli/noise_texture.png","null","","","","","","","","",""
"custom-labels-response","327","1641090","0.0-14.0-3.15","9050.699999988079","","incredulous","","","","","tom-labels","","","M1","incredulous"
"html-keyboard-response","328","1642091","0.0-14.0-0.16","null","<span style=""font-size:40px;"">+</span>","null","","","","","","","","",""
"html-keyboard-response","329","1647064","0.0-14.0-1.16","","","","","","","","","","","",""
"image-keyboard-response","330","1647565","0.0-14.0-2.16","null","stimuli/noise_texture.png","null","","","","","","","","",""
"custom-labels-response","331","1650256","0.0-14.0-3.16","2690.5","","skeptical","","","","","tom-labels","","","M4","skeptical"
"html-keyboard-response","332","1651257","0.0-14.0-0.17","null","<span style=""font-size:40px;"">+</span>","null","","","","","","","","",""
"html-keyboard-response","333","1655333","0.0-14.0-1.17","","","","","","","","","","","",""
"image-keyboard-response","334","1655834","0.0-14.0-2.17","null","stimuli/noise_texture.png","null","","","","","","","","",""
"custom-labels-response","335","1662475","0.0-14.0-3.17","6639.9000000059605","","uneasy","","","","","tom-labels","","","M3","imploring"
"html-keyboard-response","336","1663476","0.0-14.0-0.18","null","<span style=""font-size:40px;"">+</span>","null","","","","","","","","",""
"html-keyboard-response","337","1667982","0.0-14.0-1.18","","","","","","","","","","","",""
"image-keyboard-response","338","1668496","0.0-14.0-2.18","null","stimuli/noise_texture.png","null","","","","","","","","",""
"custom-labels-response","339","1673652","0.0-14.0-3.18","5154.800000011921","","perplexed","","","","","tom-labels","","","F5","perplexed"
"html-keyboard-response","340","1674665","0.0-14.0-0.19","null","<span style=""font-size:40px;"">+</span>","null","","","","","","","","",""
"html-keyboard-response","341","1679212","0.0-14.0-1.19","","","","","","","","","","","",""
"image-keyboard-response","342","1679716","0.0-14.0-2.19","null","stimuli/noise_texture.png","null","","","","","","","","",""
"custom-labels-response","343","1684057","0.0-14.0-3.19","4340.199999988079","","reassuring","","","","","tom-labels","","","F6","reassuring"
"html-keyboard-response","344","1685063","0.0-14.0-0.20","null","<span style=""font-size:40px;"">+</span>","null","","","","","","","","",""
"html-keyboard-response","345","1689551","0.0-14.0-1.20","","","","","","","","","","","",""
"image-keyboard-response","346","1690056","0.0-14.0-2.20","null","stimuli/noise_texture.png","null","","","","","","","","",""
"custom-labels-response","347","1693947","0.0-14.0-3.20","3890","","encouraging","","","","","tom-labels","","","F5","encouraging"
"html-keyboard-response","348","1694950","0.0-14.0-0.21","null","<span style=""font-size:40px;"">+</span>","null","","","","","","","","",""
"html-keyboard-response","349","1699458","0.0-14.0-1.21","","","","","","","","","","","",""
"image-keyboard-response","350","1699969","0.0-14.0-2.21","null","stimuli/noise_texture.png","null","","","","","","","","",""
"custom-labels-response","351","1708161","0.0-14.0-3.21","8191.700000017881","","concerned","","","","","tom-labels","","","F7","concerned"
"html-keyboard-response","352","1709163","0.0-14.0-0.22","null","<span style=""font-size:40px;"">+</span>","null","","","","","","","","",""
"html-keyboard-response","353","1713770","0.0-14.0-1.22","","","","","","","","","","","",""
"image-keyboard-response","354","1714272","0.0-14.0-2.22","null","stimuli/noise_texture.png","null","","","","","","","","",""
"custom-labels-response","355","1722913","0.0-14.0-3.22","8640.199999988079","","concerned","","","","","tom-labels","","","F4","dubious"
"html-keyboard-response","356","1723920","0.0-14.0-0.23","null","<span style=""font-size:40px;"">+</span>","null","","","","","","","","",""
"html-keyboard-response","357","1728427","0.0-14.0-1.23","","","","","","","","","","","",""
"image-keyboard-response","358","1728931","0.0-14.0-2.23","null","stimuli/noise_texture.png","null","","","","","","","","",""
"custom-labels-response","359","1735714","0.0-14.0-3.23","6782.5","","impatient","","","","","tom-labels","","","F4","impatient"
"html-keyboard-response","360","1736729","0.0-14.0-0.24","null","<span style=""font-size:40px;"">+</span>","null","","","","","","","","",""
"html-keyboard-response","361","1740475","0.0-14.0-1.24","","","","","","","","","","","",""
"image-keyboard-response","362","1740985","0.0-14.0-2.24","null","stimuli/noise_texture.png","null","","","","","","","","",""
"custom-labels-response","363","1748112","0.0-14.0-3.24","7125.4000000059605","","relaxed","","","","","tom-labels","","","M1","relaxed"
"html-keyboard-response","364","1749125","0.0-14.0-0.25","null","<span style=""font-size:40px;"">+</span>","null","","","","","","","","",""
"html-keyboard-response","365","1753157","0.0-14.0-1.25","","","","","","","","","","","",""
"image-keyboard-response","366","1753668","0.0-14.0-2.25","null","stimuli/noise_texture.png","null","","","","","","","","",""
"custom-labels-response","367","1760591","0.0-14.0-3.25","6921.800000011921","","pensive","","","","","tom-labels","","","M1","pensive"
"html-keyboard-response","368","1761598","0.0-14.0-0.26","null","<span style=""font-size:40px;"">+</span>","null","","","","","","","","",""
"html-keyboard-response","369","1766143","0.0-14.0-1.26","","","","","","","","","","","",""
"image-keyboard-response","370","1766654","0.0-14.0-2.26","null","stimuli/noise_texture.png","null","","","","","","","","",""
"custom-labels-response","371","1769141","0.0-14.0-3.26","2486.0999999940395","","annoyed","","","","","tom-labels","","","F4","stern"
"html-keyboard-response","372","1770144","0.0-14.0-0.27","null","<span style=""font-size:40px;"">+</span>","null","","","","","","","","",""
"html-keyboard-response","373","1774930","0.0-14.0-1.27","","","","","","","","","","","",""
"image-keyboard-response","374","1775435","0.0-14.0-2.27","null","stimuli/noise_texture.png","null","","","","","","","","",""
"custom-labels-response","375","1782140","0.0-14.0-3.27","6704.200000017881","","anxious","","","","","tom-labels","","","M4","anxious"
"html-keyboard-response","376","1783154","0.0-14.0-0.28","null","<span style=""font-size:40px;"">+</span>","null","","","","","","","","",""
"html-keyboard-response","377","1787261","0.0-14.0-1.28","","","","","","","","","","","",""
"image-keyboard-response","378","1787777","0.0-14.0-2.28","null","stimuli/noise_texture.png","null","","","","","","","","",""
"custom-labels-response","379","1792371","0.0-14.0-3.28","4592.300000011921","","dominant","","","","","tom-labels","","","M1","dominant"
"html-keyboard-response","380","1793372","0.0-14.0-0.29","null","<span style=""font-size:40px;"">+</span>","null","","","","","","","","",""
"html-keyboard-response","381","1797958","0.0-14.0-1.29","","","","","","","","","","","",""
"image-keyboard-response","382","1798470","0.0-14.0-2.29","null","stimuli/noise_texture.png","null","","","","","","","","",""
"custom-labels-response","383","1807886","0.0-14.0-3.29","9415.200000017881","","suspicious","","","","","tom-labels","","","M4","hopeful"
"html-keyboard-response","384","1808887","0.0-15.0-0.0","null","<span style=""font-size:40px;"">+</span>","null","","","","","","","","",""
"html-keyboard-response","385","1812547","0.0-15.0-1.0","","","","","","","","","","","",""
"image-keyboard-response","386","1813055","0.0-15.0-2.0","null","stimuli/noise_texture.png","null","","","","","","","","",""
"custom-labels-response","387","1815780","0.0-15.0-3.0","2723.5999999940395","","click","","","","","attention-check","","","M1","disappointed"
"html-keyboard-response","388","1816786","0.0-17.0-0.0","null","<span style=""font-size:40px;"">+</span>","null","","","","","","","","",""
"html-keyboard-response","389","1821499","0.0-17.0-1.0","","","","","","","","","","","",""
"image-keyboard-response","390","1822015","0.0-17.0-2.0","null","stimuli/noise_texture.png","null","","","","","","","","",""
"custom-labels-response","391","1824119","0.0-17.0-3.0","2102.800000011921","","flirtatious","","","","","tom-labels","","","M2","flirtatious"
"html-keyboard-response","392","1825120","0.0-17.0-0.1","null","<span style=""font-size:40px;"">+</span>","null","","","","","","","","",""
"html-keyboard-response","393","1829725","0.0-17.0-1.1","","","","","","","","","","","",""
"image-keyboard-response","394","1830229","0.0-17.0-2.1","null","stimuli/noise_texture.png","null","","","","","","","","",""
"custom-labels-response","395","1832859","0.0-17.0-3.1","2628.5999999940395","","uneasy","","","","","tom-labels","","","M2","uneasy"
"html-keyboard-response","396","1833873","0.0-17.0-0.2","null","<span style=""font-size:40px;"">+</span>","null","","","","","","","","",""
"html-keyboard-response","397","1837931","0.0-17.0-1.2","","","","","","","","","","","",""
"image-keyboard-response","398","1838442","0.0-17.0-2.2","null","stimuli/noise_texture.png","null","","","","","","","","",""
"custom-labels-response","399","1846357","0.0-17.0-3.2","7914.5","","alarmed","","","","","tom-labels","","","F3","alarmed"
"html-keyboard-response","400","1847366","0.0-17.0-0.3","null","<span style=""font-size:40px;"">+</span>","null","","","","","","","","",""
"html-keyboard-response","401","1851566","0.0-17.0-1.3","","","","","","","","","","","",""
"image-keyboard-response","402","1852075","0.0-17.0-2.3","null","stimuli/noise_texture.png","null","","","","","","","","",""
"custom-labels-response","403","1858027","0.0-17.0-3.3","5950.5999999940395","","sarcastic","","","","","tom-labels","","","M1","sarcastic"
"html-keyboard-response","404","1859031","0.0-17.0-0.4","null","<span style=""font-size:40px;"">+</span>","null","","","","","","","","",""
"html-keyboard-response","405","1863550","0.0-17.0-1.4","","","","","","","","","","","",""
"image-keyboard-response","406","1864058","0.0-17.0-2.4","null","stimuli/noise_texture.png","null","","","","","","","","",""
"custom-labels-response","407","1871258","0.0-17.0-3.4","7198.800000011921","","hostile","","","","","tom-labels","","","M5","hostile"
"html-keyboard-response","408","1872268","0.0-17.0-0.5","null","<span style=""font-size:40px;"">+</span>","null","","","","","","","","",""
"html-keyboard-response","409","1876747","0.0-17.0-1.5","","","","","","","","","","","",""
"image-keyboard-response","410","1877253","0.0-17.0-2.5","null","stimuli/noise_texture.png","null","","","","","","","","",""
"custom-labels-response","411","1887383","0.0-17.0-3.5","10129","","tentative","","","","","tom-labels","","","F4","assertive"
"html-keyboard-response","412","1888385","0.0-17.0-0.6","null","<span style=""font-size:40px;"">+</span>","null","","","","","","","","",""
"html-keyboard-response","413","1892957","0.0-17.0-1.6","","","","","","","","","","","",""
"image-keyboard-response","414","1893473","0.0-17.0-2.6","null","stimuli/noise_texture.png","null","","","","","","","","",""
"custom-labels-response","415","1896438","0.0-17.0-3.6","2964.699999988079","","hopeful","","","","","tom-labels","","","F2","hopeful"
"html-keyboard-response","416","1897447","0.0-17.0-0.7","null","<span style=""font-size:40px;"">+</span>","null","","","","","","","","",""
"html-keyboard-response","417","1902032","0.0-17.0-1.7","","","","","","","","","","","",""
"image-keyboard-response","418","1902535","0.0-17.0-2.7","null","stimuli/noise_texture.png","null","","","","","","","","",""
"custom-labels-response","419","1911539","0.0-17.0-3.7","9003.100000023842","","panicked","","","","","tom-labels","","","M4","panicked"
"html-keyboard-response","420","1912541","0.0-17.0-0.8","null","<span style=""font-size:40px;"">+</span>","null","","","","","","","","",""
"html-keyboard-response","421","1916987","0.0-17.0-1.8","","","","","","","","","","","",""
"image-keyboard-response","422","1917501","0.0-17.0-2.8","null","stimuli/noise_texture.png","null","","","","","","","","",""
"custom-labels-response","423","1921526","0.0-17.0-3.8","4024.2999999821186","","doubtful","","","","","tom-labels","","","M2","doubtful"
"html-keyboard-response","424","1922528","0.0-17.0-0.9","null","<span style=""font-size:40px;"">+</span>","null","","","","","","","","",""
"html-keyboard-response","425","1926589","0.0-17.0-1.9","","","","","","","","","","","",""
"image-keyboard-response","426","1927102","0.0-17.0-2.9","null","stimuli/noise_texture.png","null","","","","","","","","",""
"custom-labels-response","427","1931648","0.0-17.0-3.9","4544","","depressed","","","","","tom-labels","","","F3","depressed"
"html-keyboard-response","428","1932648","0.0-17.0-0.10","null","<span style=""font-size:40px;"">+</span>","null","","","","","","","","",""
"html-keyboard-response","429","1937157","0.0-17.0-1.10","","","","","","","","","","","",""
"image-keyboard-response","430","1937660","0.0-17.0-2.10","null","stimuli/noise_texture.png","null","","","","","","","","",""
"custom-labels-response","431","1953908","0.0-17.0-3.10","16247.40000000596","","anxious","","","","","tom-labels","","","M5","earnest"
"html-keyboard-response","432","1954915","0.0-17.0-0.11","null","<span style=""font-size:40px;"">+</span>","null","","","","","","","","",""
"html-keyboard-response","433","1959505","0.0-17.0-1.11","","","","","","","","","","","",""
"image-keyboard-response","434","1960018","0.0-17.0-2.11","null","stimuli/noise_texture.png","null","","","","","","","","",""
"custom-labels-response","435","1964594","0.0-17.0-3.11","4574.5999999940395","","decisive","","","","","tom-labels","","","F8","decisive"
"html-keyboard-response","436","1965606","0.0-17.0-0.12","null","<span style=""font-size:40px;"">+</span>","null","","","","","","","","",""
"html-keyboard-response","437","1969642","0.0-17.0-1.12","","","","","","","","","","","",""
"image-keyboard-response","438","1970157","0.0-17.0-2.12","null","stimuli/noise_texture.png","null","","","","","","","","",""
"custom-labels-response","439","1981250","0.0-17.0-3.12","11092.300000011921","","resentful","","","","","tom-labels","","","M3","resentful"
"html-keyboard-response","440","1982260","0.0-17.0-0.13","null","<span style=""font-size:40px;"">+</span>","null","","","","","","","","",""
"html-keyboard-response","441","1986959","0.0-17.0-1.13","","","","","","","","","","","",""
"image-keyboard-response","442","1987471","0.0-17.0-2.13","null","stimuli/noise_texture.png","null","","","","","","","","",""
"custom-labels-response","443","1995244","0.0-17.0-3.13","7772.5","","irritated","","","","","tom-labels","","","F4","irritated"
"html-keyboard-response","444","1996257","0.0-17.0-0.14","null","<span style=""font-size:40px;"">+</span>","null","","","","","","","","",""
"html-keyboard-response","445","2006147","0.0-17.0-1.14","","","","","","","","","","","",""
"image-keyboard-response","446","2006657","0.0-17.0-2.14","null","stimuli/noise_texture.png","null","","","","","","","","",""
"custom-labels-response","447","2013944","0.0-17.0-3.14","7286.0999999940395","","satisfied","","","","","tom-labels","","","F4","satisfied"
"html-keyboard-response","448","2014959","0.0-17.0-0.15","null","<span style=""font-size:40px;"">+</span>","null","","","","","","","","",""
"html-keyboard-response","449","2019384","0.0-17.0-1.15","","","","","","","","","","","",""
"image-keyboard-response","450","2019897","0.0-17.0-2.15","null","stimuli/noise_texture.png","null","","","","","","","","",""
"custom-labels-response","451","2030986","0.0-17.0-3.15","11087.40000000596","","arrogant","","","","","tom-labels","","","F4","arrogant"
"html-keyboard-response","452","2031991","0.0-17.0-0.16","null","<span style=""font-size:40px;"">+</span>","null","","","","","","","","",""
"html-keyboard-response","453","2036149","0.0-17.0-1.16","","","","","","","","","","","",""
"image-keyboard-response","454","2036659","0.0-17.0-2.16","null","stimuli/noise_texture.png","null","","","","","","","","",""
"custom-labels-response","455","2039706","0.0-17.0-3.16","3045.5999999940395","","indecisive","","","","","tom-labels","","","F3","indecisive"
"html-keyboard-response","456","2040706","0.0-17.0-0.17","null","<span style=""font-size:40px;"">+</span>","null","","","","","","","","",""
"html-keyboard-response","457","2045204","0.0-17.0-1.17","","","","","","","","","","","",""
"image-keyboard-response","458","2045710","0.0-17.0-2.17","null","stimuli/noise_texture.png","null","","","","","","","","",""
"custom-labels-response","459","2048557","0.0-17.0-3.17","2845.5","","incredulous","","","","","tom-labels","","","F8","confused"
"html-keyboard-response","460","2049564","0.0-17.0-0.18","null","<span style=""font-size:40px;"">+</span>","null","","","","","","","","",""
"html-keyboard-response","461","2054118","0.0-17.0-1.18","","","","","","","","","","","",""
"image-keyboard-response","462","2054626","0.0-17.0-2.18","null","stimuli/noise_texture.png","null","","","","","","","","",""
"custom-labels-response","463","2057057","0.0-17.0-3.18","2430.300000011921","","intrigued","","","","","tom-labels","","","M4","intrigued"
"html-keyboard-response","464","2058058","0.0-17.0-0.19","null","<span style=""font-size:40px;"">+</span>","null","","","","","","","","",""
"html-keyboard-response","465","2062516","0.0-17.0-1.19","","","","","","","","","","","",""
"image-keyboard-response","466","2063028","0.0-17.0-2.19","null","stimuli/noise_texture.png","null","","","","","","","","",""
"custom-labels-response","467","2074930","0.0-17.0-3.19","11901.699999988079","","embarrassed","","","","","tom-labels","","","M5","embarrassed"
"html-keyboard-response","468","2075931","0.0-17.0-0.20","null","<span style=""font-size:40px;"">+</span>","null","","","","","","","","",""
"html-keyboard-response","469","2080514","0.0-17.0-1.20","","","","","","","","","","","",""
"image-keyboard-response","470","2081019","0.0-17.0-2.20","null","stimuli/noise_texture.png","null","","","","","","","","",""
"custom-labels-response","471","2087155","0.0-17.0-3.20","6134.9000000059605","","imploring","","","","","tom-labels","","","F4","imploring"
"html-keyboard-response","472","2088164","0.0-17.0-0.21","null","<span style=""font-size:40px;"">+</span>","null","","","","","","","","",""
"html-keyboard-response","473","2092690","0.0-17.0-1.21","","","","","","","","","","","",""
"image-keyboard-response","474","2093198","0.0-17.0-2.21","null","stimuli/noise_texture.png","null","","","","","","","","",""
"custom-labels-response","475","2100624","0.0-17.0-3.21","7424.300000011921","","amused","","","","","tom-labels","","","F5","amused"
"html-keyboard-response","476","2101630","0.0-17.0-0.22","null","<span style=""font-size:40px;"">+</span>","null","","","","","","","","",""
"html-keyboard-response","477","2106224","0.0-17.0-1.22","","","","","","","","","","","",""
"image-keyboard-response","478","2106730","0.0-17.0-2.22","null","stimuli/noise_texture.png","null","","","","","","","","",""
"custom-labels-response","479","2113213","0.0-17.0-3.22","6482.799999982119","","hopeful","","","","","tom-labels","","","F4","defiant"
"html-keyboard-response","480","2114228","0.0-17.0-0.23","null","<span style=""font-size:40px;"">+</span>","null","","","","","","","","",""
"html-keyboard-response","481","2119101","0.0-17.0-1.23","","","","","","","","","","","",""
"image-keyboard-response","482","2119613","0.0-17.0-2.23","null","stimuli/noise_texture.png","null","","","","","","","","",""
"custom-labels-response","483","2121916","0.0-17.0-3.23","2302.800000011921","","flirtatious","","","","","tom-labels","","","F6","flirtatious"
"html-keyboard-response","484","2122928","0.0-17.0-0.24","null","<span style=""font-size:40px;"">+</span>","null","","","","","","","","",""
"html-keyboard-response","485","2127641","0.0-17.0-1.24","","","","","","","","","","","",""
"image-keyboard-response","486","2128143","0.0-17.0-2.24","null","stimuli/noise_texture.png","null","","","","","","","","",""
"custom-labels-response","487","2134080","0.0-17.0-3.24","5936.4000000059605","","playful","","","","","tom-labels","","","F2","playful"
"html-keyboard-response","488","2135081","0.0-17.0-0.25","null","<span style=""font-size:40px;"">+</span>","null","","","","","","","","",""
"html-keyboard-response","489","2139257","0.0-17.0-1.25","","","","","","","","","","","",""
"image-keyboard-response","490","2139770","0.0-17.0-2.25","null","stimuli/noise_texture.png","null","","","","","","","","",""
"custom-labels-response","491","2142931","0.0-17.0-3.25","3160.100000023842","","upset","","","","","tom-labels","","","M1","upset"
"html-keyboard-response","492","2143943","0.0-17.0-0.26","null","<span style=""font-size:40px;"">+</span>","null","","","","","","","","",""
"html-keyboard-response","493","2148406","0.0-17.0-1.26","","","","","","","","","","","",""
"image-keyboard-response","494","2148910","0.0-17.0-2.26","null","stimuli/noise_texture.png","null","","","","","","","","",""
"custom-labels-response","495","2152654","0.0-17.0-3.26","3742.5","","baffled","","","","","tom-labels","","","F2","baffled"
"html-keyboard-response","496","2153657","0.0-17.0-0.27","null","<span style=""font-size:40px;"">+</span>","null","","","","","","","","",""
"html-keyboard-response","497","2158183","0.0-17.0-1.27","","","","","","","","","","","",""
"image-keyboard-response","498","2158698","0.0-17.0-2.27","null","stimuli/noise_texture.png","null","","","","","","","","",""
"custom-labels-response","499","2168235","0.0-17.0-3.27","9535.199999988079","","contemplative","","","","","tom-labels","","","M4","contemplative"
"html-keyboard-response","500","2169238","0.0-17.0-0.28","null","<span style=""font-size:40px;"">+</span>","null","","","","","","","","",""
"html-keyboard-response","501","2173752","0.0-17.0-1.28","","","","","","","","","","","",""
"image-keyboard-response","502","2174268","0.0-17.0-2.28","null","stimuli/noise_texture.png","null","","","","","","","","",""
"custom-labels-response","503","2179381","0.0-17.0-3.28","5112","","grateful","","","","","tom-labels","","","M3","grateful"
"html-keyboard-response","504","2180388","0.0-17.0-0.29","null","<span style=""font-size:40px;"">+</span>","null","","","","","","","","",""
"html-keyboard-response","505","2184512","0.0-17.0-1.29","","","","","","","","","","","",""
"image-keyboard-response","506","2185013","0.0-17.0-2.29","null","stimuli/noise_texture.png","null","","","","","","","","",""
"custom-labels-response","507","2189138","0.0-17.0-3.29","4123.699999988079","","pensive","","","","","tom-labels","","","F3","pensive"
"html-keyboard-response","508","2190154","0.0-17.0-0.30","null","<span style=""font-size:40px;"">+</span>","null","","","","","","","","",""
"html-keyboard-response","509","2194310","0.0-17.0-1.30","","","","","","","","","","","",""
"image-keyboard-response","510","2194815","0.0-17.0-2.30","null","stimuli/noise_texture.png","null","","","","","","","","",""
"custom-labels-response","511","2201421","0.0-17.0-3.30","6605","","regretful","","","","","tom-labels","","","F3","regretful"
"html-keyboard-response","512","2202431","0.0-17.0-0.31","null","<span style=""font-size:40px;"">+</span>","null","","","","","","","","",""
"html-keyboard-response","513","2206431","0.0-17.0-1.31","","","","","","","","","","","",""
"image-keyboard-response","514","2206935","0.0-17.0-2.31","null","stimuli/noise_texture.png","null","","","","","","","","",""
"custom-labels-response","515","2216052","0.0-17.0-3.31","9116.09999999404","","insisting","","","","","tom-labels","","","F3","insisting"
"html-button-response","516","2515277","0.0-18.0","299223.5","You have completed the second part of the experiment.<br> Please take a five-minute break before moving on to the next trial.<p> Feel free to walk around the room and stretch. However, please make sure to return to the task<br> within 5 minutes, as extended delays may result in automatic withdrawal from the study.<br>Press <b>Continue</b> to proceed with the experiment.<p><span id=""clock"">5:00</span>","0","","","","","","","","",""
"instructions","517","2531323","0.0-19.0","16045.800000011921","","","","","","","","","[{""page_index"":0,""viewing_time"":4282.0999999940395},{""page_index"":1,""viewing_time"":7687.700000017881},{""page_index"":2,""viewing_time"":4075.699999988079}]","",""
"html-keyboard-response","518","2532324","0.0-20.0-0.0","null","<span style=""font-size:40px;"">+</span>","null","","","","","","","","",""
"html-keyboard-response","519","2537240","0.0-20.0-1.0","","","","","","","","","","","",""
"image-keyboard-response","520","2537755","0.0-20.0-2.0","null","stimuli/noise_texture.png","null","","","","","","","","",""
"custom-labels-response","521","2547317","0.0-20.0-3.0","9560.59999999404","","hateful","","","","","tom-labels","","","F2","confident"
"html-keyboard-response","522","2548325","0.0-20.0-0.1","null","<span style=""font-size:40px;"">+</span>","null","","","","","","","","",""
"html-keyboard-response","523","2553045","0.0-20.0-1.1","","","","","","","","","","","",""
"image-keyboard-response","524","2553547","0.0-20.0-2.1","null","stimuli/noise_texture.png","null","","","","","","","","",""
"custom-labels-response","525","2560859","0.0-20.0-3.1","7310.799999982119","","guilty","","","","","tom-labels","","","M5","guilty"
"html-keyboard-response","526","2561860","0.0-20.0-0.2","null","<span style=""font-size:40px;"">+</span>","null","","","","","","","","",""
"html-keyboard-response","527","2566455","0.0-20.0-1.2","","","","","","","","","","","",""
"image-keyboard-response","528","2566959","0.0-20.0-2.2","null","stimuli/noise_texture.png","null","","","","","","","","",""
"custom-labels-response","529","2571403","0.0-20.0-3.2","4442.700000017881","","terrified","","","","","tom-labels","","","M5","terrified"
"html-keyboard-response","530","2572411","0.0-20.0-0.3","null","<span style=""font-size:40px;"">+</span>","null","","","","","","","","",""
"html-keyboard-response","531","2576987","0.0-20.0-1.3","","","","","","","","","","","",""
"image-keyboard-response","532","2577492","0.0-20.0-2.3","null","stimuli/noise_texture.png","null","","","","","","","","",""
"custom-labels-response","533","2583178","0.0-20.0-3.3","5685.5999999940395","","guilty","","","","","tom-labels","","","F6","guilty"
"html-keyboard-response","534","2584190","0.0-20.0-0.4","null","<span style=""font-size:40px;"">+</span>","null","","","","","","","","",""
"html-keyboard-response","535","2588759","0.0-20.0-1.4","","","","","","","","","","","",""
"image-keyboard-response","536","2589263","0.0-20.0-2.4","null","stimuli/noise_texture.png","null","","","","","","","","",""
"custom-labels-response","537","2598239","0.0-20.0-3.4","8975.59999999404","","cautious","","","","","tom-labels","","","F8","cautious"
"html-keyboard-response","538","2599248","0.0-20.0-0.5","null","<span style=""font-size:40px;"">+</span>","null","","","","","","","","",""
"html-keyboard-response","539","2604029","0.0-20.0-1.5","","","","","","","","","","","",""
"image-keyboard-response","540","2604538","0.0-20.0-2.5","null","stimuli/noise_texture.png","null","","","","","","","","",""
"custom-labels-response","541","2613664","0.0-20.0-3.5","9125.09999999404","","perplexed","","","","","tom-labels","","","M6","perplexed"
"html-keyboard-response","542","2614677","0.0-20.0-0.6","null","<span style=""font-size:40px;"">+</span>","null","","","","","","","","",""
"html-keyboard-response","543","2619384","0.0-20.0-1.6","","","","","","","","","","","",""
"image-keyboard-response","544","2619893","0.0-20.0-2.6","null","stimuli/noise_texture.png","null","","","","","","","","",""
"custom-labels-response","545","2622776","0.0-20.0-3.6","2881.9000000059605","","contented","","","","","tom-labels","","","M5","contented"
"html-keyboard-response","546","2623788","0.0-20.0-0.7","null","<span style=""font-size:40px;"">+</span>","null","","","","","","","","",""
"html-keyboard-response","547","2627865","0.0-20.0-1.7","","","","","","","","","","","",""
"image-keyboard-response","548","2628378","0.0-20.0-2.7","null","stimuli/noise_texture.png","null","","","","","","","","",""
"custom-labels-response","549","2636150","0.0-20.0-3.7","7770.5","","horrified","","","","","tom-labels","","","M1","horrified"
"html-keyboard-response","550","2637151","0.0-20.0-0.8","null","<span style=""font-size:40px;"">+</span>","null","","","","","","","","",""
"html-keyboard-response","551","2641649","0.0-20.0-1.8","","","","","","","","","","","",""
"image-keyboard-response","552","2642165","0.0-20.0-2.8","null","stimuli/noise_texture.png","null","","","","","","","","",""
"custom-labels-response","553","2644431","0.0-20.0-3.8","2265.2999999821186","","serious","","","","","tom-labels","","","F4","dominant"
"html-keyboard-response","554","2645432","0.0-20.0-0.9","null","<span style=""font-size:40px;"">+</span>","null","","","","","","","","",""
"html-keyboard-response","555","2649956","0.0-20.0-1.9","","","","","","","","","","","",""
"image-keyboard-response","556","2650458","0.0-20.0-2.9","null","stimuli/noise_texture.png","null","","","","","","","","",""
"custom-labels-response","557","2659679","0.0-20.0-3.9","9219.09999999404","","worried","","","","","tom-labels","","","M4","worried"
"html-keyboard-response","558","2660691","0.0-20.0-0.10","null","<span style=""font-size:40px;"">+</span>","null","","","","","","","","",""
"html-keyboard-response","559","2665269","0.0-20.0-1.10","","","","","","","","","","","",""
"image-keyboard-response","560","2665772","0.0-20.0-2.10","null","stimuli/noise_texture.png","null","","","","","","","","",""
"custom-labels-response","561","2668589","0.0-20.0-3.10","2815.9000000059605","","comforting","","","","","tom-labels","","","F4","convinced"
"html-keyboard-response","562","2669593","0.0-20.0-0.11","null","<span style=""font-size:40px;"">+</span>","null","","","","","","","","",""
"html-keyboard-response","563","2674074","0.0-20.0-1.11","","","","","","","","","","","",""
"image-keyboard-response","564","2674584","0.0-20.0-2.11","null","stimuli/noise_texture.png","null","","","","","","","","",""
"custom-labels-response","565","2680380","0.0-20.0-3.11","5795","","sympathetic","","","","","tom-labels","","","F6","sympathetic"
"html-keyboard-response","566","2681386","0.0-20.0-0.12","null","<span style=""font-size:40px;"">+</span>","null","","","","","","","","",""
"html-keyboard-response","567","2686127","0.0-20.0-1.12","","","","","","","","","","","",""
"image-keyboard-response","568","2686630","0.0-20.0-2.12","null","stimuli/noise_texture.png","null","","","","","","","","",""
"custom-labels-response","569","2690864","0.0-20.0-3.12","4232.5999999940395","","reassuring","","","","","tom-labels","","","M4","reassuring"
"html-keyboard-response","570","2691867","0.0-20.0-0.13","null","<span style=""font-size:40px;"">+</span>","null","","","","","","","","",""
"html-keyboard-response","571","2696565","0.0-20.0-1.13","","","","","","","","","","","",""
"image-keyboard-response","572","2697079","0.0-20.0-2.13","null","stimuli/noise_texture.png","null","","","","","","","","",""
"custom-labels-response","573","2701923","0.0-20.0-3.13","4843.9000000059605","","tentative","","","","","tom-labels","","","M2","regretful"
"html-keyboard-response","574","2702925","0.0-20.0-0.14","null","<span style=""font-size:40px;"">+</span>","null","","","","","","","","",""
"html-keyboard-response","575","2707398","0.0-20.0-1.14","","","","","","","","","","","",""
"image-keyboard-response","576","2707905","0.0-20.0-2.14","null","stimuli/noise_texture.png","null","","","","","","","","",""
"custom-labels-response","577","2710591","0.0-20.0-3.14","2684.5999999940395","","confused","","","","","tom-labels","","","M4","tentative"
"html-keyboard-response","578","2711597","0.0-20.0-0.15","null","<span style=""font-size:40px;"">+</span>","null","","","","","","","","",""
"html-keyboard-response","579","2716256","0.0-20.0-1.15","","","","","","","","","","","",""
"image-keyboard-response","580","2716758","0.0-20.0-2.15","null","stimuli/noise_texture.png","null","","","","","","","","",""
"custom-labels-response","581","2720604","0.0-20.0-3.15","3845.699999988079","","baffled","","","","","tom-labels","","","M4","baffled"
"html-keyboard-response","582","2721606","0.0-20.0-0.16","null","<span style=""font-size:40px;"">+</span>","null","","","","","","","","",""
"html-keyboard-response","583","2726210","0.0-20.0-1.16","","","","","","","","","","","",""
"image-keyboard-response","584","2726724","0.0-20.0-2.16","null","stimuli/noise_texture.png","null","","","","","","","","",""
"custom-labels-response","585","2732541","0.0-20.0-3.16","5816.299999982119","","satisfied","","","","","tom-labels","","","M6","satisfied"
"html-keyboard-response","586","2733546","0.0-20.0-0.17","null","<span style=""font-size:40px;"">+</span>","null","","","","","","","","",""
"html-keyboard-response","587","2738053","0.0-20.0-1.17","","","","","","","","","","","",""
"image-keyboard-response","588","2738558","0.0-20.0-2.17","null","stimuli/noise_texture.png","null","","","","","","","","",""
"custom-labels-response","589","2746606","0.0-20.0-3.17","8047.5","","relaxed","","","","","tom-labels","","","M4","affectionate"
"html-keyboard-response","590","2747616","0.0-20.0-0.18","null","<span style=""font-size:40px;"">+</span>","null","","","","","","","","",""
"html-keyboard-response","591","2752492","0.0-20.0-1.18","","","","","","","","","","","",""
"image-keyboard-response","592","2752997","0.0-20.0-2.18","null","stimuli/noise_texture.png","null","","","","","","","","",""
"custom-labels-response","593","2756052","0.0-20.0-3.18","3053.4000000059605","","defiant","","","","","tom-labels","","","M6","puzzled"
"html-keyboard-response","594","2757054","0.0-20.0-0.19","null","<span style=""font-size:40px;"">+</span>","null","","","","","","","","",""
"html-keyboard-response","595","2761619","0.0-20.0-1.19","","","","","","","","","","","",""
"image-keyboard-response","596","2762133","0.0-20.0-2.19","null","stimuli/noise_texture.png","null","","","","","","","","",""
"custom-labels-response","597","2767037","0.0-20.0-3.19","4903.299999982119","","reflective","","","","","tom-labels","","","F2","tentative"
"html-keyboard-response","598","2768049","0.0-20.0-0.20","null","<span style=""font-size:40px;"">+</span>","null","","","","","","","","",""
"html-keyboard-response","599","2772809","0.0-20.0-1.20","","","","","","","","","","","",""
"image-keyboard-response","600","2773322","0.0-20.0-2.20","null","stimuli/noise_texture.png","null","","","","","","","","",""
"custom-labels-response","601","2777675","0.0-20.0-3.20","4351.199999988079","","indifferent","","","","","tom-labels","","","M6","indifferent"
"html-keyboard-response","602","2778690","0.0-20.0-0.21","null","<span style=""font-size:40px;"">+</span>","null","","","","","","","","",""
"html-keyboard-response","603","2783393","0.0-20.0-1.21","","","","","","","","","","","",""
"image-keyboard-response","604","2783903","0.0-20.0-2.21","null","stimuli/noise_texture.png","null","","","","","","","","",""
"custom-labels-response","605","2788439","0.0-20.0-3.21","4535.5999999940395","","imploring","","","","","tom-labels","","","F7","anxious"
"html-keyboard-response","606","2789451","0.0-20.0-0.22","null","<span style=""font-size:40px;"">+</span>","null","","","","","","","","",""
"html-keyboard-response","607","2794132","0.0-20.0-1.22","","","","","","","","","","","",""
"image-keyboard-response","608","2794639","0.0-20.0-2.22","null","stimuli/noise_texture.png","null","","","","","","","","",""
"custom-labels-response","609","2798345","0.0-20.0-3.22","3705.199999988079","","terrified","","","","","tom-labels","","","F6","terrified"
"html-keyboard-response","610","2799359","0.0-20.0-0.23","null","<span style=""font-size:40px;"">+</span>","null","","","","","","","","",""
"html-keyboard-response","611","2803825","0.0-20.0-1.23","","","","","","","","","","","",""
"image-keyboard-response","612","2804334","0.0-20.0-2.23","null","stimuli/noise_texture.png","null","","","","","","","","",""
"custom-labels-response","613","2810795","0.0-20.0-3.23","6459.800000011921","","decisive","","","","","tom-labels","","","M3","decisive"
"html-keyboard-response","614","2811796","0.0-20.0-0.24","null","<span style=""font-size:40px;"">+</span>","null","","","","","","","","",""
"html-keyboard-response","615","2816245","0.0-20.0-1.24","","","","","","","","","","","",""
"image-keyboard-response","616","2816750","0.0-20.0-2.24","null","stimuli/noise_texture.png","null","","","","","","","","",""
"custom-labels-response","617","2819414","0.0-20.0-3.24","2662.5","","interested","","","","","tom-labels","","","F2","interested"
"html-keyboard-response","618","2820430","0.0-20.0-0.25","null","<span style=""font-size:40px;"">+</span>","null","","","","","","","","",""
"html-keyboard-response","619","2825172","0.0-20.0-1.25","","","","","","","","","","","",""
"image-keyboard-response","620","2825677","0.0-20.0-2.25","null","stimuli/noise_texture.png","null","","","","","","","","",""
"custom-labels-response","621","2830873","0.0-20.0-3.25","5194.699999988079","","uneasy","","","","","tom-labels","","","F7","uneasy"
"html-keyboard-response","622","2831876","0.0-20.0-0.26","null","<span style=""font-size:40px;"">+</span>","null","","","","","","","","",""
"html-keyboard-response","623","2835932","0.0-20.0-1.26","","","","","","","","","","","",""
"image-keyboard-response","624","2836438","0.0-20.0-2.26","null","stimuli/noise_texture.png","null","","","","","","","","",""
"custom-labels-response","625","2842446","0.0-20.0-3.26","6007.299999982119","","fearful","","","","","tom-labels","","","F3","fearful"
"html-keyboard-response","626","2843451","0.0-20.0-0.27","null","<span style=""font-size:40px;"">+</span>","null","","","","","","","","",""
"html-keyboard-response","627","2848124","0.0-20.0-1.27","","","","","","","","","","","",""
"image-keyboard-response","628","2848626","0.0-20.0-2.27","null","stimuli/noise_texture.png","null","","","","","","","","",""
"custom-labels-response","629","2852200","0.0-20.0-3.27","3572.4000000059605","","friendly","","","","","tom-labels","","","F8","friendly"
"html-keyboard-response","630","2853203","0.0-20.0-0.28","null","<span style=""font-size:40px;"">+</span>","null","","","","","","","","",""
"html-keyboard-response","631","2857218","0.0-20.0-1.28","","","","","","","","","","","",""
"image-keyboard-response","632","2857726","0.0-20.0-2.28","null","stimuli/noise_texture.png","null","","","","","","","","",""
"custom-labels-response","633","2863278","0.0-20.0-3.28","5550.9000000059605","","dubious","","","","","tom-labels","","","M3","dubious"
"html-keyboard-response","634","2864283","0.0-20.0-0.29","null","<span style=""font-size:40px;"">+</span>","null","","","","","","","","",""
"html-keyboard-response","635","2868828","0.0-20.0-1.29","","","","","","","","","","","",""
"image-keyboard-response","636","2869341","0.0-20.0-2.29","null","stimuli/noise_texture.png","null","","","","","","","","",""
"custom-labels-response","637","2873391","0.0-20.0-3.29","4049.2999999821186","","skeptical","","","","","tom-labels","","","F5","skeptical"
"html-keyboard-response","638","2874402","0.0-21.0-0.0","null","<span style=""font-size:40px;"">+</span>","null","","","","","","","","",""
"html-keyboard-response","639","2878988","0.0-21.0-1.0","","","","","","","","","","","",""
"image-keyboard-response","640","2879502","0.0-21.0-2.0","null","stimuli/noise_texture.png","null","","","","","","","","",""
"custom-labels-response","641","2881948","0.0-21.0-3.0","2444.800000011921","","click","","","","","attention-check","","","F7","aghast"
"html-keyboard-response","642","2882953","0.0-23.0-0.0","null","<span style=""font-size:40px;"">+</span>","null","","","","","","","","",""
"html-keyboard-response","643","2887725","0.0-23.0-1.0","","","","","","","","","","","",""
"image-keyboard-response","644","2888237","0.0-23.0-2.0","null","stimuli/noise_texture.png","null","","","","","","","","",""
"custom-labels-response","645","2891893","0.0-23.0-3.0","3655.0999999940395","","fantasizing","","","","","tom-labels","","","F2","fantasizing"
"html-keyboard-response","646","2892894","0.0-23.0-0.1","null","<span style=""font-size:40px;"">+</span>","null","","","","","","","","",""
"html-keyboard-response","647","2896938","0.0-23.0-1.1","","","","","","","","","","","",""
"image-keyboard-response","648","2897448","0.0-23.0-2.1","null","stimuli/noise_texture.png","null","","","","","","","","",""
"custom-labels-response","649","2902287","0.0-23.0-3.1","4837.9000000059605","","amused","","","","","tom-labels","","","M1","amused"
"html-keyboard-response","650","2903290","0.0-23.0-0.2","null","<span style=""font-size:40px;"">+</span>","null","","","","","","","","",""
"html-keyboard-response","651","2907508","0.0-23.0-1.2","","","","","","","","","","","",""
"image-keyboard-response","652","2908015","0.0-23.0-2.2","null","stimuli/noise_texture.png","null","","","","","","","","",""
"custom-labels-response","653","2912626","0.0-23.0-3.2","4609.199999988079","","stern","","","","","tom-labels","","","M3","impatient"
"html-keyboard-response","654","2913634","0.0-23.0-0.3","null","<span style=""font-size:40px;"">+</span>","null","","","","","","","","",""
"html-keyboard-response","655","2918262","0.0-23.0-1.3","","","","","","","","","","","",""
"image-keyboard-response","656","2918764","0.0-23.0-2.3","null","stimuli/noise_texture.png","null","","","","","","","","",""
"custom-labels-response","657","2929748","0.0-23.0-3.3","10983.300000011921","","irritated","","","","","tom-labels","","","M6","irritated"
"html-keyboard-response","658","2930754","0.0-23.0-0.4","null","<span style=""font-size:40px;"">+</span>","null","","","","","","","","",""
"html-keyboard-response","659","2935372","0.0-23.0-1.4","","","","","","","","","","","",""
"image-keyboard-response","660","2935884","0.0-23.0-2.4","null","stimuli/noise_texture.png","null","","","","","","","","",""
"custom-labels-response","661","2943623","0.0-23.0-3.4","7738.0999999940395","","suspicious","","","","","tom-labels","","","F6","suspicious"
"html-keyboard-response","662","2944633","0.0-23.0-0.5","null","<span style=""font-size:40px;"">+</span>","null","","","","","","","","",""
"html-keyboard-response","663","2949634","0.0-23.0-1.5","","","","","","","","","","","",""
"image-keyboard-response","664","2950138","0.0-23.0-2.5","null","stimuli/noise_texture.png","null","","","","","","","","",""
"custom-labels-response","665","2955761","0.0-23.0-3.5","5622","","indecisive","","","","","tom-labels","","","M6","serious"
"html-keyboard-response","666","2956761","0.0-23.0-0.6","null","<span style=""font-size:40px;"">+</span>","null","","","","","","","","",""
"html-keyboard-response","667","2961524","0.0-23.0-1.6","","","","","","","","","","","",""
"image-keyboard-response","668","2962035","0.0-23.0-2.6","null","stimuli/noise_texture.png","null","","","","","","","","",""
"custom-labels-response","669","2971944","0.0-23.0-3.6","9907.5","","defiant","","","","","tom-labels","","","M2","defiant"
"html-keyboard-response","670","2972955","0.0-23.0-0.7","null","<span style=""font-size:40px;"">+</span>","null","","","","","","","","",""
"html-keyboard-response","671","2977245","0.0-23.0-1.7","","","","","","","","","","","",""
"image-keyboard-response","672","2977757","0.0-23.0-2.7","null","stimuli/noise_texture.png","null","","","","","","","","",""
"custom-labels-response","673","2981010","0.0-23.0-3.7","3252","","dispirited","","","","","tom-labels","","","M1","dispirited"
"html-keyboard-response","674","2982012","0.0-23.0-0.8","null","<span style=""font-size:40px;"">+</span>","null","","","","","","","","",""
"html-keyboard-response","675","2986818","0.0-23.0-1.8","","","","","","","","","","","",""
"image-keyboard-response","676","2987330","0.0-23.0-2.8","null","stimuli/noise_texture.png","null","","","","","","","","",""
"custom-labels-response","677","2995658","0.0-23.0-3.8","8327.699999988079","","insisting","","","","","tom-labels","","","M2","insisting"
"html-keyboard-response","678","2996659","0.0-23.0-0.9","null","<span style=""font-size:40px;"">+</span>","null","","","","","","","","",""
"html-keyboard-response","679","3001190","0.0-23.0-1.9","","","","","","","","","","","",""
"image-keyboard-response","680","3001694","0.0-23.0-2.9","null","stimuli/noise_texture.png","null","","","","","","","","",""
"custom-labels-response","681","3005916","0.0-23.0-3.9","4221.199999988079","","disappointed","","","","","tom-labels","","","F5","disappointed"
"html-keyboard-response","682","3006929","0.0-23.0-0.10","null","<span style=""font-size:40px;"">+</span>","null","","","","","","","","",""
"html-keyboard-response","683","3012027","0.0-23.0-1.10","","","","","","","","","","","",""
"image-keyboard-response","684","3012533","0.0-23.0-2.10","null","stimuli/noise_texture.png","null","","","","","","","","",""
"custom-labels-response","685","3020791","0.0-23.0-3.10","8256.5","","deciding","","","","","tom-labels","","","M6","despondent"
"html-keyboard-response","686","3021795","0.0-23.0-0.11","null","<span style=""font-size:40px;"">+</span>","null","","","","","","","","",""
"html-keyboard-response","687","3026284","0.0-23.0-1.11","","","","","","","","","","","",""
"image-keyboard-response","688","3026793","0.0-23.0-2.11","null","stimuli/noise_texture.png","null","","","","","","","","",""
"custom-labels-response","689","3030883","0.0-23.0-3.11","4089.5","","horrified","","","","","tom-labels","","","F8","horrified"
"html-keyboard-response","690","3031889","0.0-23.0-0.12","null","<span style=""font-size:40px;"">+</span>","null","","","","","","","","",""
"html-keyboard-response","691","3036482","0.0-23.0-1.12","","","","","","","","","","","",""
"image-keyboard-response","692","3036997","0.0-23.0-2.12","null","stimuli/noise_texture.png","null","","","","","","","","",""
"custom-labels-response","693","3046400","0.0-23.0-3.12","9401.800000011921","","puzzled","","","","","tom-labels","","","F6","puzzled"
"html-keyboard-response","694","3047416","0.0-23.0-0.13","null","<span style=""font-size:40px;"">+</span>","null","","","","","","","","",""
"html-keyboard-response","695","3052210","0.0-23.0-1.13","","","","","","","","","","","",""
"image-keyboard-response","696","3052725","0.0-23.0-2.13","null","stimuli/noise_texture.png","null","","","","","","","","",""
"custom-labels-response","697","3058028","0.0-23.0-3.13","5302.200000017881","","offended","","","","","tom-labels","","","M6","relieved"
"html-keyboard-response","698","3059037","0.0-23.0-0.14","null","<span style=""font-size:40px;"">+</span>","null","","","","","","","","",""
"html-keyboard-response","699","3063967","0.0-23.0-1.14","","","","","","","","","","","",""
"image-keyboard-response","700","3064479","0.0-23.0-2.14","null","stimuli/noise_texture.png","null","","","","","","","","",""
"custom-labels-response","701","3073604","0.0-23.0-3.14","9123.300000011921","","anticipating","","","","","tom-labels","","","F5","anticipating"
"html-keyboard-response","702","3074615","0.0-23.0-0.15","null","<span style=""font-size:40px;"">+</span>","null","","","","","","","","",""
"html-keyboard-response","703","3078787","0.0-23.0-1.15","","","","","","","","","","","",""
"image-keyboard-response","704","3079302","0.0-23.0-2.15","null","stimuli/noise_texture.png","null","","","","","","","","",""
"custom-labels-response","705","3083208","0.0-23.0-3.15","3904.800000011921","","doubtful","","","","","tom-labels","","","F3","doubtful"
"html-keyboard-response","706","3084209","0.0-23.0-0.16","null","<span style=""font-size:40px;"">+</span>","null","","","","","","","","",""
"html-keyboard-response","707","3088845","0.0-23.0-1.16","","","","","","","","","","","",""
"image-keyboard-response","708","3089353","0.0-23.0-2.16","null","stimuli/noise_texture.png","null","","","","","","","","",""
"custom-labels-response","709","3092295","0.0-23.0-3.16","2940.5","","flustered","","","","","tom-labels","","","M4","flustered"
"html-keyboard-response","710","3093310","0.0-23.0-0.17","null","<span style=""font-size:40px;"">+</span>","null","","","","","","","","",""
"html-keyboard-response","711","3097651","0.0-23.0-1.17","","","","","","","","","","","",""
"image-keyboard-response","712","3098153","0.0-23.0-2.17","null","stimuli/noise_texture.png","null","","","","","","","","",""
"custom-labels-response","713","3100709","0.0-23.0-3.17","2555.100000023842","","alarmed","","","","","tom-labels","","","M2","alarmed"
"html-keyboard-response","714","3101721","0.0-23.0-0.18","null","<span style=""font-size:40px;"">+</span>","null","","","","","","","","",""
"html-keyboard-response","715","3106263","0.0-23.0-1.18","","","","","","","","","","","",""
"image-keyboard-response","716","3106768","0.0-23.0-2.18","null","stimuli/noise_texture.png","null","","","","","","","","",""
"custom-labels-response","717","3113027","0.0-23.0-3.18","6257.799999982119","","dominant","","","","","tom-labels","","","F5","intrigued"
"html-keyboard-response","718","3114029","0.0-23.0-0.19","null","<span style=""font-size:40px;"">+</span>","null","","","","","","","","",""
"html-keyboard-response","719","3118630","0.0-23.0-1.19","","","","","","","","","","","",""
"image-keyboard-response","720","3119135","0.0-23.0-2.19","null","stimuli/noise_texture.png","null","","","","","","","","",""
"custom-labels-response","721","3121590","0.0-23.0-3.19","2453.9000000059605","","hostile","","","","","tom-labels","","","F6","hostile"
"html-keyboard-response","722","3122591","0.0-23.0-0.20","null","<span style=""font-size:40px;"">+</span>","null","","","","","","","","",""
"html-keyboard-response","723","3127300","0.0-23.0-1.20","","","","","","","","","","","",""
"image-keyboard-response","724","3127803","0.0-23.0-2.20","null","stimuli/noise_texture.png","null","","","","","","","","",""
"custom-labels-response","725","3130538","0.0-23.0-3.20","2734","","contented","","","","","tom-labels","","","F6","comforting"
"html-keyboard-response","726","3131553","0.0-23.0-0.21","null","<span style=""font-size:40px;"">+</span>","null","","","","","","","","",""
"html-keyboard-response","727","3136394","0.0-23.0-1.21","","","","","","","","","","","",""
"image-keyboard-response","728","3136897","0.0-23.0-2.21","null","stimuli/noise_texture.png","null","","","","","","","","",""
"custom-labels-response","729","3143573","0.0-23.0-3.21","6675.699999988079","","contented","","","","","tom-labels","","","F7","contented"
"html-keyboard-response","730","3144575","0.0-23.0-0.22","null","<span style=""font-size:40px;"">+</span>","null","","","","","","","","",""
"html-keyboard-response","731","3149268","0.0-23.0-1.22","","","","","","","","","","","",""
"image-keyboard-response","732","3149771","0.0-23.0-2.22","null","stimuli/noise_texture.png","null","","","","","","","","",""
"custom-labels-response","733","3151621","0.0-23.0-3.22","1849","","encouraging","","","","","tom-labels","","","M2","encouraging"
"html-keyboard-response","734","3152622","0.0-23.0-0.23","null","<span style=""font-size:40px;"">+</span>","null","","","","","","","","",""
"html-keyboard-response","735","3157237","0.0-23.0-1.23","","","","","","","","","","","",""
"image-keyboard-response","736","3157748","0.0-23.0-2.23","null","stimuli/noise_texture.png","null","","","","","","","","",""
"custom-labels-response","737","3162304","0.0-23.0-3.23","4554.5999999940395","","deciding","","","","","tom-labels","","","F6","deciding"
"html-keyboard-response","738","3163304","0.0-23.0-0.24","null","<span style=""font-size:40px;"">+</span>","null","","","","","","","","",""
"html-keyboard-response","739","3168325","0.0-23.0-1.24","","","","","","","","","","","",""
"image-keyboard-response","740","3168827","0.0-23.0-2.24","null","stimuli/noise_texture.png","null","","","","","","","","",""
"custom-labels-response","741","3176764","0.0-23.0-3.24","7935.600000023842","","annoyed","","","","","tom-labels","","","F2","annoyed"
"html-keyboard-response","742","3177772","0.0-23.0-0.25","null","<span style=""font-size:40px;"">+</span>","null","","","","","","","","",""
"html-keyboard-response","743","3181796","0.0-23.0-1.25","","","","","","","","","","","",""
"image-keyboard-response","744","3182308","0.0-23.0-2.25","null","stimuli/noise_texture.png","null","","","","","","","","",""
"custom-labels-response","745","3185485","0.0-23.0-3.25","3175.7000000178814","","arrogant","","","","","tom-labels","","","M1","arrogant"
"html-keyboard-response","746","3186491","0.0-23.0-0.26","null","<span style=""font-size:40px;"">+</span>","null","","","","","","","","",""
"html-keyboard-response","747","3191577","0.0-23.0-1.26","","","","","","","","","","","",""
"image-keyboard-response","748","3192082","0.0-23.0-2.26","null","stimuli/noise_texture.png","null","","","","","","","","",""
"custom-labels-response","749","3196882","0.0-23.0-3.26","4799.9000000059605","","resentful","","","","","tom-labels","","","F5","resentful"
"html-keyboard-response","750","3197890","0.0-23.0-0.27","null","<span style=""font-size:40px;"">+</span>","null","","","","","","","","",""
"html-keyboard-response","751","3201931","0.0-23.0-1.27","","","","","","","","","","","",""
"image-keyboard-response","752","3202437","0.0-23.0-2.27","null","stimuli/noise_texture.png","null","","","","","","","","",""
"custom-labels-response","753","3205994","0.0-23.0-3.27","3556.2000000178814","","thoughtful","","","","","tom-labels","","","M3","sympathetic"
"html-keyboard-response","754","3206995","0.0-23.0-0.28","null","<span style=""font-size:40px;"">+</span>","null","","","","","","","","",""
"html-keyboard-response","755","3211407","0.0-23.0-1.28","","","","","","","","","","","",""
"image-keyboard-response","756","3211913","0.0-23.0-2.28","null","stimuli/noise_texture.png","null","","","","","","","","",""
"custom-labels-response","757","3220932","0.0-23.0-3.28","9017.699999988079","","anxious","","","","","tom-labels","","","M3","apologetic"
"html-keyboard-response","758","3221945","0.0-23.0-0.29","null","<span style=""font-size:40px;"">+</span>","null","","","","","","","","",""
"html-keyboard-response","759","3226390","0.0-23.0-1.29","","","","","","","","","","","",""
"image-keyboard-response","760","3226901","0.0-23.0-2.29","null","stimuli/noise_texture.png","null","","","","","","","","",""
"custom-labels-response","761","3230847","0.0-23.0-3.29","3945.199999988079","","hateful","","","","","tom-labels","","","F2","hateful"
"html-button-response","762","3248616","0.0-24.0","17767.40000000596","<h3>Thank you for participating!</h1><p>You are done with the experiment. You will receive the full payment for your participation. Thank you for your time and contribution.</p><p>You will be automatically redirected to Prolific upon clicking <strong>Complete Experiment</strong>.</p><p>Please DO NOT close this tab until you have been redirected to Prolific. Please take note of your Prolific Completion Code before clicking <strong>Complete Experiment</strong>: <strong>C1HPV5RI</strong>.</p>","0","663bc31529719b8501c52820","1760804387445","A","0","","","","",""
