"trial_type","trial_index","time_elapsed","internal_node_id","rt","stimulus","response","PID","START_TIME","EXP_AB","ATTENTION_FAILURES","trial","responses","view_history","actor","target_emotion"
"pavlovia","0","734","0.0-0.0","","","","","","","","","","","",""
"html-button-response","1","2646","0.0-1.0","1899.199999988079","<h1>Welcome to the Multiethnic Face Database Study!</h1>","0","5f84e472052cf81ae5752252","1760809445117","A","0","","","","",""
"html-button-response","2","6190","0.0-2.0","3543.4000000059605","<div style=""text-align: left; margin: 50px 80px -60px 80px;""><p><span style='text-decoration: underline;'><strong>CONSENT FORM </strong></span></p><p><strong>McGill University </strong></p><p><strong>Title of Research:</strong> A Dual Process Theory of Theory of Mind</p><p><strong>Researchers:</strong><br>Ian Gold, Ph.D., Professor, McGill University<br />Elizaveta Solomonova, Ph.D., Researcher, McGill University <br />Fernanda Perez-Gay Juarez, M.D., Ph.D., Psychiatry Resident, McGill University<br />Sophie Serebryany, Undergraduate Student, McGill University <br />Ani Shahbazian, Undergraduate Student, Concordia University<br>Sophie Hoyer, Undergraduate Student, McGill University</p><p><strong>Contact Information:<br />Tel:</strong> 514-398-8939 (Dr. Ian Gold) <br /><strong>Email:</strong> neurophilosophylabmcgill@gmail.com (all researchers)</p><p><strong>Purpose of the research:</strong><br> This study aims to measure people's ability to understand what others are thinking and feeling across different contexts and modalities. Please read through the description of the research project, and take the opportunity to ask any questions that you have about the project.</p><p><strong>What is involved in participating:</strong><br>You will be asked to look at a series of videos of facial expressions and answer questions about them. The online study in its entirety will take around [insert time], divided into 3 blocks with two 5-minute breaks in between. You will be asked to respond by answering multiple choice questions about the video. You will only need a mouse and a keyboard to provide responses to the various tasks.</p><p><strong>Right to withdraw:</strong><br>Please note that your participation is voluntary, and you are free to withdraw at any time without any negative consequences. Once you consent to participate, you may proceed to complete the online tasks. At the end of the experiment, you will see the message 'This is the end of the study. Please click on the button 'Complete the Experiment' to save your data and obtain your payment code.' Once you click the button, your data will be automatically collected through Pavlovia. Since participants will be anonymized (identified only by an alphanumeric code assigned by Prolific), the data will not be able to be withdrawn anonymously once you have completed the experiment. If you wish to withdraw consent without data collection, do not click the button to end the experiment and just close your browser.</p><p><strong>Confidentiality:</strong><br>The study's data will be kept for 7 years, stored in a password-protected virtual drive under the jurisdiction of McGill University (Dr. Ian Gold McGill's OneDrive). Your responses will be kept strictly confidential and will be identified only by means of your Prolific ID and never with your name or other identifying information. Only members of Dr. Ian Gold's lab will have access to identifiable study materials. You will not be identified or identifiable in any report or reports that result from the research (peer reviewed publications, presentations at national and international conferences, etc).</p><p><strong>Compensation:</strong><br>You will be compensated with &pound;9 for the completion of the study which should take approximately 60 minutes. Please use the completion code given to you at the end of the study to retrieve your payment in your Prolific account. Please note that if you decide to withdraw before finishing a session, there will be no way to compensate you for the time you spent, given that your data will not be saved.</p><p><strong>Risks &amp; Benefits:</strong> The only associated risks associated with this study are screen fatigue. If you have questions or concerns regarding your rights or welfare as a participant in this research study, please contact the Manager, Research Ethics at 514-398-6831 or lynda.mcneil@mcgill.ca.</p><p><strong>Consent:</strong><br>Please click on the button below if you have read the above information and consent to participate in this study. Otherwise, you can just close this window and return to the experiment in Prolific. Agreeing to participate in this study does not waive any of your rights or release the researchers from their responsibilities. To ensure the study is being conducted properly, authorized individuals, such as a member of the Research Ethics Board, may have access to your information.</p></div>","0","","","","","false","","","",""
"survey-demo","3","55358","0.0-3.0","49160.40000000596","","","5f84e472052cf81ae5752252","1760809445117","","","demo","{""age"":""35"",""gender"":""Woman"",""ethnicity"":[""White""],""education"":""Graduate school (Masters)"",""religion"":""Christian"",""birthcountry"":""United Kingdom of Great Britain and Northern Ireland"",""residencecountry"":""United Kingdom of Great Britain and Northern Ireland"",""yearsresidence"":""35"",""internetspeed"":""36""}","","",""
"instructions","4","690288","0.0-6.0-0.0","634928.2000000179","","","","","","","","","[{""page_index"":0,""viewing_time"":612679.400000006},{""page_index"":1,""viewing_time"":10543.700000017881},{""page_index"":2,""viewing_time"":1862.5999999940395},{""page_index"":3,""viewing_time"":7476.199999988079},{""page_index"":4,""viewing_time"":2365.5}]","",""
"html-keyboard-response","5","691301","0.0-6.0-1.0","null","<span style=""font-size:40px;"">+</span>","null","","","","","","","","",""
"html-keyboard-response","6","696247","0.0-6.0-2.0","","","","","","","","","","","",""
"image-keyboard-response","7","696761","0.0-6.0-3.0","null","stimuli/noise_texture.png","null","","","","","","","","",""
"custom-labels-response","8","698713","0.0-6.0-4.0","1949.7999999821186","","doubtful","","","","","tom-labels-practice","","","12","Doubtful"
"html-button-response","9","700528","0.0-7.0","1814.2999999821186","<div style=""width: 1000px; height: 45px""><p>You will now be shown a series of short videos. Please select the label that best describes the emotion that the face was showing. Please provide one best guess for each item. Starting now, your responses will be recorded.</p><p>Click <strong>Continue</strong> to start. Good luck!</p></div>","0","","","","","false","","","",""
"html-keyboard-response","10","701540","0.0-8.0-0.0","null","<span style=""font-size:40px;"">+</span>","null","","","","","","","","",""
"html-keyboard-response","11","706057","0.0-8.0-1.0","","","","","","","","","","","",""
"image-keyboard-response","12","706567","0.0-8.0-2.0","null","stimuli/noise_texture.png","null","","","","","","","","",""
"custom-labels-response","13","709320","0.0-8.0-3.0","2752.4000000059605","","confused","","","","","tom-labels","","","F8","confused"
"html-keyboard-response","14","710329","0.0-8.0-0.1","null","<span style=""font-size:40px;"">+</span>","null","","","","","","","","",""
"html-keyboard-response","15","715088","0.0-8.0-1.1","","","","","","","","","","","",""
"image-keyboard-response","16","715606","0.0-8.0-2.1","null","stimuli/noise_texture.png","null","","","","","","","","",""
"custom-labels-response","17","717659","0.0-8.0-3.1","2051.699999988079","","sympathetic","","","","","tom-labels","","","F6","sympathetic"
"html-keyboard-response","18","718668","0.0-8.0-0.2","null","<span style=""font-size:40px;"">+</span>","null","","","","","","","","",""
"html-keyboard-response","19","723150","0.0-8.0-1.2","","","","","","","","","","","",""
"image-keyboard-response","20","723664","0.0-8.0-2.2","null","stimuli/noise_texture.png","null","","","","","","","","",""
"custom-labels-response","21","728013","0.0-8.0-3.2","4347.799999982119","","friendly","","","","","tom-labels","","","F2","relaxed"
"html-keyboard-response","22","729024","0.0-8.0-0.3","null","<span style=""font-size:40px;"">+</span>","null","","","","","","","","",""
"html-keyboard-response","23","733566","0.0-8.0-1.3","","","","","","","","","","","",""
"image-keyboard-response","24","734084","0.0-8.0-2.3","null","stimuli/noise_texture.png","null","","","","","","","","",""
"custom-labels-response","25","737122","0.0-8.0-3.3","3036.7000000178814","","insulting","","","","","tom-labels","","","F7","insulting"
"html-keyboard-response","26","738130","0.0-8.0-0.4","null","<span style=""font-size:40px;"">+</span>","null","","","","","","","","",""
"html-keyboard-response","27","742653","0.0-8.0-1.4","","","","","","","","","","","",""
"image-keyboard-response","28","743158","0.0-8.0-2.4","null","stimuli/noise_texture.png","null","","","","","","","","",""
"custom-labels-response","29","748969","0.0-8.0-3.4","5809.5999999940395","","anticipating","","","","","tom-labels","","","F5","anticipating"
"html-keyboard-response","30","749983","0.0-8.0-0.5","null","<span style=""font-size:40px;"">+</span>","null","","","","","","","","",""
"html-keyboard-response","31","754281","0.0-8.0-1.5","","","","","","","","","","","",""
"image-keyboard-response","32","754794","0.0-8.0-2.5","null","stimuli/noise_texture.png","null","","","","","","","","",""
"custom-labels-response","33","757391","0.0-8.0-3.5","2594.800000011921","","amused","","","","","tom-labels","","","M1","amused"
"html-keyboard-response","34","758405","0.0-8.0-0.6","null","<span style=""font-size:40px;"">+</span>","null","","","","","","","","",""
"html-keyboard-response","35","763137","0.0-8.0-1.6","","","","","","","","","","","",""
"image-keyboard-response","36","763649","0.0-8.0-2.6","null","stimuli/noise_texture.png","null","","","","","","","","",""
"custom-labels-response","37","766753","0.0-8.0-3.6","3102.5","","amused","","","","","tom-labels","","","F5","amused"
"html-keyboard-response","38","767763","0.0-8.0-0.7","null","<span style=""font-size:40px;"">+</span>","null","","","","","","","","",""
"html-keyboard-response","39","772309","0.0-8.0-1.7","","","","","","","","","","","",""
"image-keyboard-response","40","772823","0.0-8.0-2.7","null","stimuli/noise_texture.png","null","","","","","","","","",""
"custom-labels-response","41","776358","0.0-8.0-3.7","3534.5","","flustered","","","","","tom-labels","","","M4","flustered"
"html-keyboard-response","42","777366","0.0-8.0-0.8","null","<span style=""font-size:40px;"">+</span>","null","","","","","","","","",""
"html-keyboard-response","43","781944","0.0-8.0-1.8","","","","","","","","","","","",""
"image-keyboard-response","44","782446","0.0-8.0-2.8","null","stimuli/noise_texture.png","null","","","","","","","","",""
"custom-labels-response","45","787111","0.0-8.0-3.8","4663.5","","perplexed","","","","","tom-labels","","","F5","perplexed"
"html-keyboard-response","46","788122","0.0-8.0-0.9","null","<span style=""font-size:40px;"">+</span>","null","","","","","","","","",""
"html-keyboard-response","47","792473","0.0-8.0-1.9","","","","","","","","","","","",""
"image-keyboard-response","48","792983","0.0-8.0-2.9","null","stimuli/noise_texture.png","null","","","","","","","","",""
"custom-labels-response","49","794561","0.0-8.0-3.9","1577.1000000238419","","bewildered","","","","","tom-labels","","","M1","incredulous"
"html-keyboard-response","50","795563","0.0-8.0-0.10","null","<span style=""font-size:40px;"">+</span>","null","","","","","","","","",""
"html-keyboard-response","51","800566","0.0-8.0-1.10","","","","","","","","","","","",""
"image-keyboard-response","52","801072","0.0-8.0-2.10","null","stimuli/noise_texture.png","null","","","","","","","","",""
"custom-labels-response","53","803230","0.0-8.0-3.10","2156.699999988079","","anticipating","","","","","tom-labels","","","M6","anticipating"
"html-keyboard-response","54","804236","0.0-8.0-0.11","null","<span style=""font-size:40px;"">+</span>","null","","","","","","","","",""
"html-keyboard-response","55","809154","0.0-8.0-1.11","","","","","","","","","","","",""
"image-keyboard-response","56","809662","0.0-8.0-2.11","null","stimuli/noise_texture.png","null","","","","","","","","",""
"custom-labels-response","57","812133","0.0-8.0-3.11","2469.600000023842","","hostile","","","","","tom-labels","","","M5","hostile"
"html-keyboard-response","58","813143","0.0-8.0-0.12","null","<span style=""font-size:40px;"">+</span>","null","","","","","","","","",""
"html-keyboard-response","59","817643","0.0-8.0-1.12","","","","","","","","","","","",""
"image-keyboard-response","60","818154","0.0-8.0-2.12","null","stimuli/noise_texture.png","null","","","","","","","","",""
"custom-labels-response","61","822185","0.0-8.0-3.12","4030.5999999940395","","guilty","","","","","tom-labels","","","F2","nervous"
"html-keyboard-response","62","823197","0.0-8.0-0.13","null","<span style=""font-size:40px;"">+</span>","null","","","","","","","","",""
"html-keyboard-response","63","827663","0.0-8.0-1.13","","","","","","","","","","","",""
"image-keyboard-response","64","828175","0.0-8.0-2.13","null","stimuli/noise_texture.png","null","","","","","","","","",""
"custom-labels-response","65","832472","0.0-8.0-3.13","4296.699999988079","","embarrassed","","","","","tom-labels","","","F7","embarrassed"
"html-keyboard-response","66","833486","0.0-8.0-0.14","null","<span style=""font-size:40px;"">+</span>","null","","","","","","","","",""
"html-keyboard-response","67","838166","0.0-8.0-1.14","","","","","","","","","","","",""
"image-keyboard-response","68","838680","0.0-8.0-2.14","null","stimuli/noise_texture.png","null","","","","","","","","",""
"custom-labels-response","69","840620","0.0-8.0-3.14","1939","","curious","","","","","tom-labels","","","M6","curious"
"html-keyboard-response","70","841626","0.0-8.0-0.15","null","<span style=""font-size:40px;"">+</span>","null","","","","","","","","",""
"html-keyboard-response","71","846310","0.0-8.0-1.15","","","","","","","","","","","",""
"image-keyboard-response","72","846820","0.0-8.0-2.15","null","stimuli/noise_texture.png","null","","","","","","","","",""
"custom-labels-response","73","849683","0.0-8.0-3.15","2861.699999988079","","uneasy","","","","","tom-labels","","","M5","enthused"
"html-keyboard-response","74","850699","0.0-8.0-0.16","null","<span style=""font-size:40px;"">+</span>","null","","","","","","","","",""
"html-keyboard-response","75","855160","0.0-8.0-1.16","","","","","","","","","","","",""
"image-keyboard-response","76","855676","0.0-8.0-2.16","null","stimuli/noise_texture.png","null","","","","","","","","",""
"custom-labels-response","77","857864","0.0-8.0-3.16","2186.199999988079","","grateful","","","","","tom-labels","","","M3","grateful"
"html-keyboard-response","78","858873","0.0-8.0-0.17","null","<span style=""font-size:40px;"">+</span>","null","","","","","","","","",""
"html-keyboard-response","79","863363","0.0-8.0-1.17","","","","","","","","","","","",""
"image-keyboard-response","80","863866","0.0-8.0-2.17","null","stimuli/noise_texture.png","null","","","","","","","","",""
"custom-labels-response","81","866335","0.0-8.0-3.17","2467.9000000059605","","dispirited","","","","","tom-labels","","","F7","dispirited"
"html-keyboard-response","82","867346","0.0-8.0-0.18","null","<span style=""font-size:40px;"">+</span>","null","","","","","","","","",""
"html-keyboard-response","83","871694","0.0-8.0-1.18","","","","","","","","","","","",""
"image-keyboard-response","84","872206","0.0-8.0-2.18","null","stimuli/noise_texture.png","null","","","","","","","","",""
"custom-labels-response","85","874028","0.0-8.0-3.18","1820.5999999940395","","uneasy","","","","","tom-labels","","","M1","ashamed"
"html-keyboard-response","86","875037","0.0-8.0-0.19","null","<span style=""font-size:40px;"">+</span>","null","","","","","","","","",""
"html-keyboard-response","87","880113","0.0-8.0-1.19","","","","","","","","","","","",""
"image-keyboard-response","88","880630","0.0-8.0-2.19","null","stimuli/noise_texture.png","null","","","","","","","","",""
"custom-labels-response","89","882126","0.0-8.0-3.19","1494.3999999761581","","dubious","","","","","tom-labels","","","F6","deciding"
"html-keyboard-response","90","883128","0.0-8.0-0.20","null","<span style=""font-size:40px;"">+</span>","null","","","","","","","","",""
"html-keyboard-response","91","887549","0.0-8.0-1.20","","","","","","","","","","","",""
"image-keyboard-response","92","888054","0.0-8.0-2.20","null","stimuli/noise_texture.png","null","","","","","","","","",""
"custom-labels-response","93","891051","0.0-8.0-3.20","2994.7999999821186","","jealous","","","","","tom-labels","","","F8","jealous"
"html-keyboard-response","94","892067","0.0-8.0-0.21","null","<span style=""font-size:40px;"">+</span>","null","","","","","","","","",""
"html-keyboard-response","95","897598","0.0-8.0-1.21","","","","","","","","","","","",""
"image-keyboard-response","96","898110","0.0-8.0-2.21","null","stimuli/noise_texture.png","null","","","","","","","","",""
"custom-labels-response","97","900725","0.0-8.0-3.21","2614","","reassuring","","","","","tom-labels","","","M4","reassuring"
"html-keyboard-response","98","901739","0.0-8.0-0.22","null","<span style=""font-size:40px;"">+</span>","null","","","","","","","","",""
"html-keyboard-response","99","906057","0.0-8.0-1.22","","","","","","","","","","","",""
"image-keyboard-response","100","906567","0.0-8.0-2.22","null","stimuli/noise_texture.png","null","","","","","","","","",""
"custom-labels-response","101","908282","0.0-8.0-3.22","1713.3999999761581","","sarcastic","","","","","tom-labels","","","M1","sarcastic"
"html-keyboard-response","102","909296","0.0-8.0-0.23","null","<span style=""font-size:40px;"">+</span>","null","","","","","","","","",""
"html-keyboard-response","103","914313","0.0-8.0-1.23","","","","","","","","","","","",""
"image-keyboard-response","104","914824","0.0-8.0-2.23","null","stimuli/noise_texture.png","null","","","","","","","","",""
"custom-labels-response","105","916710","0.0-8.0-3.23","1885.0999999940395","","terrified","","","","","tom-labels","","","F6","terrified"
"html-keyboard-response","106","917720","0.0-8.0-0.24","null","<span style=""font-size:40px;"">+</span>","null","","","","","","","","",""
"html-keyboard-response","107","922182","0.0-8.0-1.24","","","","","","","","","","","",""
"image-keyboard-response","108","922697","0.0-8.0-2.24","null","stimuli/noise_texture.png","null","","","","","","","","",""
"custom-labels-response","109","924843","0.0-8.0-3.24","2145","","baffled","","","","","tom-labels","","","F2","baffled"
"html-keyboard-response","110","925845","0.0-8.0-0.25","null","<span style=""font-size:40px;"">+</span>","null","","","","","","","","",""
"html-keyboard-response","111","930720","0.0-8.0-1.25","","","","","","","","","","","",""
"image-keyboard-response","112","931222","0.0-8.0-2.25","null","stimuli/noise_texture.png","null","","","","","","","","",""
"custom-labels-response","113","932756","0.0-8.0-3.25","1532.8999999761581","","contemplative","","","","","tom-labels","","","F6","contemplative"
"html-keyboard-response","114","933768","0.0-8.0-0.26","null","<span style=""font-size:40px;"">+</span>","null","","","","","","","","",""
"html-keyboard-response","115","938164","0.0-8.0-1.26","","","","","","","","","","","",""
"image-keyboard-response","116","938679","0.0-8.0-2.26","null","stimuli/noise_texture.png","null","","","","","","","","",""
"custom-labels-response","117","940092","0.0-8.0-3.26","1411.800000011921","","hopeful","","","","","tom-labels","","","F2","hopeful"
"html-keyboard-response","118","941094","0.0-8.0-0.27","null","<span style=""font-size:40px;"">+</span>","null","","","","","","","","",""
"html-keyboard-response","119","945865","0.0-8.0-1.27","","","","","","","","","","","",""
"image-keyboard-response","120","946370","0.0-8.0-2.27","null","stimuli/noise_texture.png","null","","","","","","","","",""
"custom-labels-response","121","948729","0.0-8.0-3.27","2357.4000000059605","","flirtatious","","","","","tom-labels","","","F6","flirtatious"
"html-keyboard-response","122","949733","0.0-8.0-0.28","null","<span style=""font-size:40px;"">+</span>","null","","","","","","","","",""
"html-keyboard-response","123","954050","0.0-8.0-1.28","","","","","","","","","","","",""
"image-keyboard-response","124","954560","0.0-8.0-2.28","null","stimuli/noise_texture.png","null","","","","","","","","",""
"custom-labels-response","125","956335","0.0-8.0-3.28","1773.4000000059605","","earnest","","","","","tom-labels","","","F3","earnest"
"html-keyboard-response","126","957340","0.0-8.0-0.29","null","<span style=""font-size:40px;"">+</span>","null","","","","","","","","",""
"html-keyboard-response","127","964198","0.0-8.0-1.29","","","","","","","","","","","",""
"image-keyboard-response","128","964699","0.0-8.0-2.29","null","stimuli/noise_texture.png","null","","","","","","","","",""
"custom-labels-response","129","966465","0.0-8.0-3.29","1764.2000000178814","","terrified","","","","","tom-labels","","","M5","terrified"
"html-keyboard-response","130","967478","0.0-8.0-0.30","null","<span style=""font-size:40px;"">+</span>","null","","","","","","","","",""
"html-keyboard-response","131","972044","0.0-8.0-1.30","","","","","","","","","","","",""
"image-keyboard-response","132","972557","0.0-8.0-2.30","null","stimuli/noise_texture.png","null","","","","","","","","",""
"custom-labels-response","133","975604","0.0-8.0-3.30","3045.7999999821186","","tentative","","","","","tom-labels","","","M6","annoyed"
"html-keyboard-response","134","976619","0.0-8.0-0.31","null","<span style=""font-size:40px;"">+</span>","null","","","","","","","","",""
"html-keyboard-response","135","981422","0.0-8.0-1.31","","","","","","","","","","","",""
"image-keyboard-response","136","981929","0.0-8.0-2.31","null","stimuli/noise_texture.png","null","","","","","","","","",""
"custom-labels-response","137","985999","0.0-8.0-3.31","4069.4000000059605","","indecisive","","","","","tom-labels","","","M6","irritated"
"html-keyboard-response","138","987006","0.0-8.0-0.32","null","<span style=""font-size:40px;"">+</span>","null","","","","","","","","",""
"html-keyboard-response","139","991564","0.0-8.0-1.32","","","","","","","","","","","",""
"image-keyboard-response","140","992067","0.0-8.0-2.32","null","stimuli/noise_texture.png","null","","","","","","","","",""
"custom-labels-response","141","994532","0.0-8.0-3.32","2463.5","","distrustful","","","","","tom-labels","","","F7","aghast"
"html-keyboard-response","142","995537","0.0-8.0-0.33","null","<span style=""font-size:40px;"">+</span>","null","","","","","","","","",""
"html-keyboard-response","143","1000161","0.0-8.0-1.33","","","","","","","","","","","",""
"image-keyboard-response","144","1000674","0.0-8.0-2.33","null","stimuli/noise_texture.png","null","","","","","","","","",""
"custom-labels-response","145","1003133","0.0-8.0-3.33","2458.699999988079","","panicked","","","","","tom-labels","","","M4","panicked"
"html-keyboard-response","146","1004136","0.0-8.0-0.34","null","<span style=""font-size:40px;"">+</span>","null","","","","","","","","",""
"html-keyboard-response","147","1008582","0.0-8.0-1.34","","","","","","","","","","","",""
"image-keyboard-response","148","1009096","0.0-8.0-2.34","null","stimuli/noise_texture.png","null","","","","","","","","",""
"custom-labels-response","149","1010980","0.0-8.0-3.34","1882.199999988079","","fearful","","","","","tom-labels","","","M5","fearful"
"html-keyboard-response","150","1011994","0.0-8.0-0.35","null","<span style=""font-size:40px;"">+</span>","null","","","","","","","","",""
"html-keyboard-response","151","1019379","0.0-8.0-1.35","","","","","","","","","","","",""
"image-keyboard-response","152","1019883","0.0-8.0-2.35","null","stimuli/noise_texture.png","null","","","","","","","","",""
"custom-labels-response","153","1022631","0.0-8.0-3.35","2746.300000011921","","joking","","","","","tom-labels","","","F5","joking"
"html-keyboard-response","154","1023646","0.0-8.0-0.36","null","<span style=""font-size:40px;"">+</span>","null","","","","","","","","",""
"html-keyboard-response","155","1028262","0.0-8.0-1.36","","","","","","","","","","","",""
"image-keyboard-response","156","1028775","0.0-8.0-2.36","null","stimuli/noise_texture.png","null","","","","","","","","",""
"custom-labels-response","157","1031207","0.0-8.0-3.36","2431.199999988079","","worried","","","","","tom-labels","","","M5","earnest"
"html-keyboard-response","158","1032220","0.0-8.0-0.37","null","<span style=""font-size:40px;"">+</span>","null","","","","","","","","",""
"html-keyboard-response","159","1036603","0.0-8.0-1.37","","","","","","","","","","","",""
"image-keyboard-response","160","1037114","0.0-8.0-2.37","null","stimuli/noise_texture.png","null","","","","","","","","",""
"custom-labels-response","161","1039326","0.0-8.0-3.37","2210.7999999821186","","indecisive","","","","","tom-labels","","","F3","indecisive"
"html-keyboard-response","162","1040343","0.0-8.0-0.38","null","<span style=""font-size:40px;"">+</span>","null","","","","","","","","",""
"html-keyboard-response","163","1045062","0.0-8.0-1.38","","","","","","","","","","","",""
"image-keyboard-response","164","1045571","0.0-8.0-2.38","null","stimuli/noise_texture.png","null","","","","","","","","",""
"custom-labels-response","165","1048211","0.0-8.0-3.38","2638.7000000178814","","sympathetic","","","","","tom-labels","","","F8","desire"
"html-keyboard-response","166","1049217","0.0-8.0-0.39","null","<span style=""font-size:40px;"">+</span>","null","","","","","","","","",""
"html-keyboard-response","167","1053753","0.0-8.0-1.39","","","","","","","","","","","",""
"image-keyboard-response","168","1054261","0.0-8.0-2.39","null","stimuli/noise_texture.png","null","","","","","","","","",""
"custom-labels-response","169","1056958","0.0-8.0-3.39","2694.7999999821186","","convinced","","","","","tom-labels","","","F4","convinced"
"html-keyboard-response","170","1057972","0.0-9.0-0.0","null","<span style=""font-size:40px;"">+</span>","null","","","","","","","","",""
"html-keyboard-response","171","1062244","0.0-9.0-1.0","","","","","","","","","","","",""
"image-keyboard-response","172","1062751","0.0-9.0-2.0","null","stimuli/noise_texture.png","null","","","","","","","","",""
"custom-labels-response","173","1065877","0.0-9.0-3.0","3124","","click","","","","","attention-check","","","M1","amused"
"html-keyboard-response","174","1066879","0.0-11.0-0.0","null","<span style=""font-size:40px;"">+</span>","null","","","","","","","","",""
"html-keyboard-response","175","1071686","0.0-11.0-1.0","","","","","","","","","","","",""
"image-keyboard-response","176","1072190","0.0-11.0-2.0","null","stimuli/noise_texture.png","null","","","","","","","","",""
"custom-labels-response","177","1073736","0.0-11.0-3.0","1544.5","","cautious","","","","","tom-labels","","","M2","cautious"
"html-keyboard-response","178","1074753","0.0-11.0-0.1","null","<span style=""font-size:40px;"">+</span>","null","","","","","","","","",""
"html-keyboard-response","179","1079211","0.0-11.0-1.1","","","","","","","","","","","",""
"image-keyboard-response","180","1079715","0.0-11.0-2.1","null","stimuli/noise_texture.png","null","","","","","","","","",""
"custom-labels-response","181","1082009","0.0-11.0-3.1","2293.300000011921","","fantasizing","","","","","tom-labels","","","F2","fantasizing"
"html-keyboard-response","182","1083011","0.0-11.0-0.2","null","<span style=""font-size:40px;"">+</span>","null","","","","","","","","",""
"html-keyboard-response","183","1088515","0.0-11.0-1.2","","","","","","","","","","","",""
"image-keyboard-response","184","1089019","0.0-11.0-2.2","null","stimuli/noise_texture.png","null","","","","","","","","",""
"custom-labels-response","185","1091981","0.0-11.0-3.2","2960.800000011921","","preoccupied","","","","","tom-labels","","","M5","preoccupied"
"html-keyboard-response","186","1092983","0.0-11.0-0.3","null","<span style=""font-size:40px;"">+</span>","null","","","","","","","","",""
"html-keyboard-response","187","1097598","0.0-11.0-1.3","","","","","","","","","","","",""
"image-keyboard-response","188","1098110","0.0-11.0-2.3","null","stimuli/noise_texture.png","null","","","","","","","","",""
"custom-labels-response","189","1102890","0.0-11.0-3.3","4778.800000011921","","defiant","","","","","tom-labels","","","F4","defiant"
"html-keyboard-response","190","1103903","0.0-11.0-0.4","null","<span style=""font-size:40px;"">+</span>","null","","","","","","","","",""
"html-keyboard-response","191","1108414","0.0-11.0-1.4","","","","","","","","","","","",""
"image-keyboard-response","192","1108931","0.0-11.0-2.4","null","stimuli/noise_texture.png","null","","","","","","","","",""
"custom-labels-response","193","1112229","0.0-11.0-3.4","3297.5","","imploring","","","","","tom-labels","","","F4","arrogant"
"html-keyboard-response","194","1113242","0.0-11.0-0.5","null","<span style=""font-size:40px;"">+</span>","null","","","","","","","","",""
"html-keyboard-response","195","1117741","0.0-11.0-1.5","","","","","","","","","","","",""
"image-keyboard-response","196","1118253","0.0-11.0-2.5","null","stimuli/noise_texture.png","null","","","","","","","","",""
"custom-labels-response","197","1120974","0.0-11.0-3.5","2720.2000000178814","","imploring","","","","","tom-labels","","","F4","imploring"
"html-keyboard-response","198","1121983","0.0-11.0-0.6","null","<span style=""font-size:40px;"">+</span>","null","","","","","","","","",""
"html-keyboard-response","199","1126713","0.0-11.0-1.6","","","","","","","","","","","",""
"image-keyboard-response","200","1127226","0.0-11.0-2.6","null","stimuli/noise_texture.png","null","","","","","","","","",""
"custom-labels-response","201","1129143","0.0-11.0-3.6","1916.199999988079","","guilty","","","","","tom-labels","","","F6","guilty"
"html-keyboard-response","202","1130155","0.0-11.0-0.7","null","<span style=""font-size:40px;"">+</span>","null","","","","","","","","",""
"html-keyboard-response","203","1134996","0.0-11.0-1.7","","","","","","","","","","","",""
"image-keyboard-response","204","1135500","0.0-11.0-2.7","null","stimuli/noise_texture.png","null","","","","","","","","",""
"custom-labels-response","205","1138277","0.0-11.0-3.7","2776.0999999940395","","puzzled","","","","","tom-labels","","","F6","puzzled"
"html-keyboard-response","206","1139279","0.0-11.0-0.8","null","<span style=""font-size:40px;"">+</span>","null","","","","","","","","",""
"html-keyboard-response","207","1143645","0.0-11.0-1.8","","","","","","","","","","","",""
"image-keyboard-response","208","1144155","0.0-11.0-2.8","null","stimuli/noise_texture.png","null","","","","","","","","",""
"custom-labels-response","209","1147671","0.0-11.0-3.8","3515","","sympathetic","","","","","tom-labels","","","M3","sympathetic"
"html-keyboard-response","210","1148684","0.0-11.0-0.9","null","<span style=""font-size:40px;"">+</span>","null","","","","","","","","",""
"html-keyboard-response","211","1153718","0.0-11.0-1.9","","","","","","","","","","","",""
"image-keyboard-response","212","1154228","0.0-11.0-2.9","null","stimuli/noise_texture.png","null","","","","","","","","",""
"custom-labels-response","213","1155780","0.0-11.0-3.9","1551.300000011921","","encouraging","","","","","tom-labels","","","M2","encouraging"
"html-keyboard-response","214","1156792","0.0-11.0-0.10","null","<span style=""font-size:40px;"">+</span>","null","","","","","","","","",""
"html-keyboard-response","215","1161393","0.0-11.0-1.10","","","","","","","","","","","",""
"image-keyboard-response","216","1161902","0.0-11.0-2.10","null","stimuli/noise_texture.png","null","","","","","","","","",""
"custom-labels-response","217","1164260","0.0-11.0-3.10","2357.5","","baffled","","","","","tom-labels","","","M4","baffled"
"html-keyboard-response","218","1165265","0.0-11.0-0.11","null","<span style=""font-size:40px;"">+</span>","null","","","","","","","","",""
"html-keyboard-response","219","1169908","0.0-11.0-1.11","","","","","","","","","","","",""
"image-keyboard-response","220","1170426","0.0-11.0-2.11","null","stimuli/noise_texture.png","null","","","","","","","","",""
"custom-labels-response","221","1172514","0.0-11.0-3.11","2086.7000000178814","","perplexed","","","","","tom-labels","","","M6","perplexed"
"html-keyboard-response","222","1173522","0.0-11.0-0.12","null","<span style=""font-size:40px;"">+</span>","null","","","","","","","","",""
"html-keyboard-response","223","1178043","0.0-11.0-1.12","","","","","","","","","","","",""
"image-keyboard-response","224","1178549","0.0-11.0-2.12","null","stimuli/noise_texture.png","null","","","","","","","","",""
"custom-labels-response","225","1181159","0.0-11.0-3.12","2607.9000000059605","","dubious","","","","","tom-labels","","","F4","dubious"
"html-keyboard-response","226","1182162","0.0-11.0-0.13","null","<span style=""font-size:40px;"">+</span>","null","","","","","","","","",""
"html-keyboard-response","227","1186711","0.0-11.0-1.13","","","","","","","","","","","",""
"image-keyboard-response","228","1187223","0.0-11.0-2.13","null","stimuli/noise_texture.png","null","","","","","","","","",""
"custom-labels-response","229","1189131","0.0-11.0-3.13","1906.5999999940395","","assertive","","","","","tom-labels","","","F4","upset"
"html-keyboard-response","230","1190136","0.0-11.0-0.14","null","<span style=""font-size:40px;"">+</span>","null","","","","","","","","",""
"html-keyboard-response","231","1194743","0.0-11.0-1.14","","","","","","","","","","","",""
"image-keyboard-response","232","1195246","0.0-11.0-2.14","null","stimuli/noise_texture.png","null","","","","","","","","",""
"custom-labels-response","233","1198693","0.0-11.0-3.14","3445","","reflective","","","","","tom-labels","","","M6","reflective"
"html-keyboard-response","234","1199708","0.0-11.0-0.15","null","<span style=""font-size:40px;"">+</span>","null","","","","","","","","",""
"html-keyboard-response","235","1204212","0.0-11.0-1.15","","","","","","","","","","","",""
"image-keyboard-response","236","1204717","0.0-11.0-2.15","null","stimuli/noise_texture.png","null","","","","","","","","",""
"custom-labels-response","237","1207882","0.0-11.0-3.15","3163","","dispirited","","","","","tom-labels","","","M1","dispirited"
"html-keyboard-response","238","1208896","0.0-11.0-0.16","null","<span style=""font-size:40px;"">+</span>","null","","","","","","","","",""
"html-keyboard-response","239","1213582","0.0-11.0-1.16","","","","","","","","","","","",""
"image-keyboard-response","240","1214090","0.0-11.0-2.16","null","stimuli/noise_texture.png","null","","","","","","","","",""
"custom-labels-response","241","1217469","0.0-11.0-3.16","3377.0999999940395","","suspicious","","","","","tom-labels","","","M3","accusing"
"html-keyboard-response","242","1218470","0.0-11.0-0.17","null","<span style=""font-size:40px;"">+</span>","null","","","","","","","","",""
"html-keyboard-response","243","1222951","0.0-11.0-1.17","","","","","","","","","","","",""
"image-keyboard-response","244","1223464","0.0-11.0-2.17","null","stimuli/noise_texture.png","null","","","","","","","","",""
"custom-labels-response","245","1225895","0.0-11.0-3.17","2429.800000011921","","grateful","","","","","tom-labels","","","F5","grateful"
"html-keyboard-response","246","1226909","0.0-11.0-0.18","null","<span style=""font-size:40px;"">+</span>","null","","","","","","","","",""
"html-keyboard-response","247","1231656","0.0-11.0-1.18","","","","","","","","","","","",""
"image-keyboard-response","248","1232170","0.0-11.0-2.18","null","stimuli/noise_texture.png","null","","","","","","","","",""
"custom-labels-response","249","1234065","0.0-11.0-3.18","1894","","reassuring","","","","","tom-labels","","","M2","entertained"
"html-keyboard-response","250","1235083","0.0-11.0-0.19","null","<span style=""font-size:40px;"">+</span>","null","","","","","","","","",""
"html-keyboard-response","251","1239484","0.0-11.0-1.19","","","","","","","","","","","",""
"image-keyboard-response","252","1239994","0.0-11.0-2.19","null","stimuli/noise_texture.png","null","","","","","","","","",""
"custom-labels-response","253","1242139","0.0-11.0-3.19","2142.899999976158","","reassuring","","","","","tom-labels","","","F3","insisting"
"html-keyboard-response","254","1243141","0.0-11.0-0.20","null","<span style=""font-size:40px;"">+</span>","null","","","","","","","","",""
"html-keyboard-response","255","1248365","0.0-11.0-1.20","","","","","","","","","","","",""
"image-keyboard-response","256","1248868","0.0-11.0-2.20","null","stimuli/noise_texture.png","null","","","","","","","","",""
"custom-labels-response","257","1252208","0.0-11.0-3.20","3338.9000000059605","","distrustful","","","","","tom-labels","","","M6","despondent"
"html-keyboard-response","258","1253212","0.0-11.0-0.21","null","<span style=""font-size:40px;"">+</span>","null","","","","","","","","",""
"html-keyboard-response","259","1257719","0.0-11.0-1.21","","","","","","","","","","","",""
"image-keyboard-response","260","1258223","0.0-11.0-2.21","null","stimuli/noise_texture.png","null","","","","","","","","",""
"custom-labels-response","261","1261163","0.0-11.0-3.21","2938.800000011921","","guilty","","","","","tom-labels","","","F4","assertive"
"html-button-response","262","1266664","0.0-12.0","5498.5999999940395","You have completed the first part of the experiment.<br> Please take a five-minute break before moving on to the next trial.<p> Feel free to walk around the room and stretch. However, please make sure to return to the task<br> within 5 minutes, as extended delays may result in automatic withdrawal from the study.<br>Press <b>Continue</b> to proceed with the experiment.<p><span id=""clock"">5:00</span>","0","","","","","","","","",""
"instructions","263","1276830","0.0-13.0","10166.199999988079","","","","","","","","","[{""page_index"":0,""viewing_time"":3853.5},{""page_index"":1,""viewing_time"":4488.199999988079},{""page_index"":2,""viewing_time"":1824}]","",""
"html-keyboard-response","264","1277834","0.0-14.0-0.0","null","<span style=""font-size:40px;"">+</span>","null","","","","","","","","",""
"html-keyboard-response","265","1282149","0.0-14.0-1.0","","","","","","","","","","","",""
"image-keyboard-response","266","1282661","0.0-14.0-2.0","null","stimuli/noise_texture.png","null","","","","","","","","",""
"custom-labels-response","267","1285559","0.0-14.0-3.0","2896.7999999821186","","threatening","","","","","tom-labels","","","M3","impatient"
"html-keyboard-response","268","1286573","0.0-14.0-0.1","null","<span style=""font-size:40px;"">+</span>","null","","","","","","","","",""
"html-keyboard-response","269","1291388","0.0-14.0-1.1","","","","","","","","","","","",""
"image-keyboard-response","270","1291900","0.0-14.0-2.1","null","stimuli/noise_texture.png","null","","","","","","","","",""
"custom-labels-response","271","1293511","0.0-14.0-3.1","1609.7000000178814","","satisfied","","","","","tom-labels","","","M4","fantasizing"
"html-keyboard-response","272","1294514","0.0-14.0-0.2","null","<span style=""font-size:40px;"">+</span>","null","","","","","","","","",""
"html-keyboard-response","273","1298831","0.0-14.0-1.2","","","","","","","","","","","",""
"image-keyboard-response","274","1299341","0.0-14.0-2.2","null","stimuli/noise_texture.png","null","","","","","","","","",""
"custom-labels-response","275","1300615","0.0-14.0-3.2","1273.2999999821186","","dubious","","","","","tom-labels","","","M3","dubious"
"html-keyboard-response","276","1301622","0.0-14.0-0.3","null","<span style=""font-size:40px;"">+</span>","null","","","","","","","","",""
"html-keyboard-response","277","1307661","0.0-14.0-1.3","","","","","","","","","","","",""
"image-keyboard-response","278","1308165","0.0-14.0-2.3","null","stimuli/noise_texture.png","null","","","","","","","","",""
"custom-labels-response","279","1311635","0.0-14.0-3.3","3469.5999999940395","","stern","","","","","tom-labels","","","M2","stern"
"html-keyboard-response","280","1312643","0.0-14.0-0.4","null","<span style=""font-size:40px;"">+</span>","null","","","","","","","","",""
"html-keyboard-response","281","1316965","0.0-14.0-1.4","","","","","","","","","","","",""
"image-keyboard-response","282","1317471","0.0-14.0-2.4","null","stimuli/noise_texture.png","null","","","","","","","","",""
"custom-labels-response","283","1319206","0.0-14.0-3.4","1734.199999988079","","incredulous","","","","","tom-labels","","","F3","incredulous"
"html-keyboard-response","284","1320217","0.0-14.0-0.5","null","<span style=""font-size:40px;"">+</span>","null","","","","","","","","",""
"html-keyboard-response","285","1324867","0.0-14.0-1.5","","","","","","","","","","","",""
"image-keyboard-response","286","1325378","0.0-14.0-2.5","null","stimuli/noise_texture.png","null","","","","","","","","",""
"custom-labels-response","287","1327604","0.0-14.0-3.5","2225.4000000059605","","assertive","","","","","tom-labels","","","M3","assertive"
"html-keyboard-response","288","1328607","0.0-14.0-0.6","null","<span style=""font-size:40px;"">+</span>","null","","","","","","","","",""
"html-keyboard-response","289","1333133","0.0-14.0-1.6","","","","","","","","","","","",""
"image-keyboard-response","290","1333635","0.0-14.0-2.6","null","stimuli/noise_texture.png","null","","","","","","","","",""
"custom-labels-response","291","1335967","0.0-14.0-3.6","2330.600000023842","","horrified","","","","","tom-labels","","","F8","horrified"
"html-keyboard-response","292","1336981","0.0-14.0-0.7","null","<span style=""font-size:40px;"">+</span>","null","","","","","","","","",""
"html-keyboard-response","293","1341233","0.0-14.0-1.7","","","","","","","","","","","",""
"image-keyboard-response","294","1341741","0.0-14.0-2.7","null","stimuli/noise_texture.png","null","","","","","","","","",""
"custom-labels-response","295","1344315","0.0-14.0-3.7","2572.5","","arrogant","","","","","tom-labels","","","M1","arrogant"
"html-keyboard-response","296","1345321","0.0-14.0-0.8","null","<span style=""font-size:40px;"">+</span>","null","","","","","","","","",""
"html-keyboard-response","297","1350034","0.0-14.0-1.8","","","","","","","","","","","",""
"image-keyboard-response","298","1350549","0.0-14.0-2.8","null","stimuli/noise_texture.png","null","","","","","","","","",""
"custom-labels-response","299","1353671","0.0-14.0-3.8","3121.0999999940395","","confident","","","","","tom-labels","","","F2","confident"
"html-keyboard-response","300","1354677","0.0-14.0-0.9","null","<span style=""font-size:40px;"">+</span>","null","","","","","","","","",""
"html-keyboard-response","301","1359321","0.0-14.0-1.9","","","","","","","","","","","",""
"image-keyboard-response","302","1359837","0.0-14.0-2.9","null","stimuli/noise_texture.png","null","","","","","","","","",""
"custom-labels-response","303","1361717","0.0-14.0-3.9","1879.1000000238419","","hostile","","","","","tom-labels","","","F6","hostile"
"html-keyboard-response","304","1362734","0.0-14.0-0.10","null","<span style=""font-size:40px;"">+</span>","null","","","","","","","","",""
"html-keyboard-response","305","1367052","0.0-14.0-1.10","","","","","","","","","","","",""
"image-keyboard-response","306","1367562","0.0-14.0-2.10","null","stimuli/noise_texture.png","null","","","","","","","","",""
"custom-labels-response","307","1370315","0.0-14.0-3.10","2751","","fascinated","","","","","tom-labels","","","M1","fascinated"
"html-keyboard-response","308","1371324","0.0-14.0-0.11","null","<span style=""font-size:40px;"">+</span>","null","","","","","","","","",""
"html-keyboard-response","309","1376076","0.0-14.0-1.11","","","","","","","","","","","",""
"image-keyboard-response","310","1376584","0.0-14.0-2.11","null","stimuli/noise_texture.png","null","","","","","","","","",""
"custom-labels-response","311","1379738","0.0-14.0-3.11","3153.300000011921","","skeptical","","","","","tom-labels","","","F5","skeptical"
"html-keyboard-response","312","1380747","0.0-14.0-0.12","null","<span style=""font-size:40px;"">+</span>","null","","","","","","","","",""
"html-keyboard-response","313","1385137","0.0-14.0-1.12","","","","","","","","","","","",""
"image-keyboard-response","314","1385641","0.0-14.0-2.12","null","stimuli/noise_texture.png","null","","","","","","","","",""
"custom-labels-response","315","1388027","0.0-14.0-3.12","2384.5999999940395","","hateful","","","","","tom-labels","","","F2","hateful"
"html-keyboard-response","316","1389037","0.0-14.0-0.13","null","<span style=""font-size:40px;"">+</span>","null","","","","","","","","",""
"html-keyboard-response","317","1393526","0.0-14.0-1.13","","","","","","","","","","","",""
"image-keyboard-response","318","1394030","0.0-14.0-2.13","null","stimuli/noise_texture.png","null","","","","","","","","",""
"custom-labels-response","319","1397576","0.0-14.0-3.13","3543.800000011921","","suspicious","","","","","tom-labels","","","M5","suspicious"
"html-keyboard-response","320","1398593","0.0-14.0-0.14","null","<span style=""font-size:40px;"">+</span>","null","","","","","","","","",""
"html-keyboard-response","321","1403042","0.0-14.0-1.14","","","","","","","","","","","",""
"image-keyboard-response","322","1403553","0.0-14.0-2.14","null","stimuli/noise_texture.png","null","","","","","","","","",""
"custom-labels-response","323","1405560","0.0-14.0-3.14","2006","","reflective","","","","","tom-labels","","","F2","reflective"
"html-keyboard-response","324","1406566","0.0-14.0-0.15","null","<span style=""font-size:40px;"">+</span>","null","","","","","","","","",""
"html-keyboard-response","325","1411138","0.0-14.0-1.15","","","","","","","","","","","",""
"image-keyboard-response","326","1411644","0.0-14.0-2.15","null","stimuli/noise_texture.png","null","","","","","","","","",""
"custom-labels-response","327","1415122","0.0-14.0-3.15","3476.199999988079","","nervous","","","","","tom-labels","","","F8","cautious"
"html-keyboard-response","328","1416139","0.0-14.0-0.16","null","<span style=""font-size:40px;"">+</span>","null","","","","","","","","",""
"html-keyboard-response","329","1420714","0.0-14.0-1.16","","","","","","","","","","","",""
"image-keyboard-response","330","1421231","0.0-14.0-2.16","null","stimuli/noise_texture.png","null","","","","","","","","",""
"custom-labels-response","331","1423236","0.0-14.0-3.16","2003.2000000178814","","thoughtful","","","","","tom-labels","","","F5","thoughtful"
"html-keyboard-response","332","1424246","0.0-14.0-0.17","null","<span style=""font-size:40px;"">+</span>","null","","","","","","","","",""
"html-keyboard-response","333","1428720","0.0-14.0-1.17","","","","","","","","","","","",""
"image-keyboard-response","334","1429223","0.0-14.0-2.17","null","stimuli/noise_texture.png","null","","","","","","","","",""
"custom-labels-response","335","1431606","0.0-14.0-3.17","2381.300000011921","","embarrassed","","","","","tom-labels","","","M5","embarrassed"
"html-keyboard-response","336","1432619","0.0-14.0-0.18","null","<span style=""font-size:40px;"">+</span>","null","","","","","","","","",""
"html-keyboard-response","337","1436924","0.0-14.0-1.18","","","","","","","","","","","",""
"image-keyboard-response","338","1437431","0.0-14.0-2.18","null","stimuli/noise_texture.png","null","","","","","","","","",""
"custom-labels-response","339","1439315","0.0-14.0-3.18","1883.199999988079","","guilty","","","","","tom-labels","","","M1","pensive"
"html-keyboard-response","340","1440327","0.0-14.0-0.19","null","<span style=""font-size:40px;"">+</span>","null","","","","","","","","",""
"html-keyboard-response","341","1445330","0.0-14.0-1.19","","","","","","","","","","","",""
"image-keyboard-response","342","1445837","0.0-14.0-2.19","null","stimuli/noise_texture.png","null","","","","","","","","",""
"custom-labels-response","343","1448678","0.0-14.0-3.19","2838.699999988079","","indifferent","","","","","tom-labels","","","M4","concerned"
"html-keyboard-response","344","1449683","0.0-14.0-0.20","null","<span style=""font-size:40px;"">+</span>","null","","","","","","","","",""
"html-keyboard-response","345","1454192","0.0-14.0-1.20","","","","","","","","","","","",""
"image-keyboard-response","346","1454710","0.0-14.0-2.20","null","stimuli/noise_texture.png","null","","","","","","","","",""
"custom-labels-response","347","1456360","0.0-14.0-3.20","1649","","indifferent","","","","","tom-labels","","","F4","indifferent"
"html-keyboard-response","348","1457373","0.0-14.0-0.21","null","<span style=""font-size:40px;"">+</span>","null","","","","","","","","",""
"html-keyboard-response","349","1461972","0.0-14.0-1.21","","","","","","","","","","","",""
"image-keyboard-response","350","1462485","0.0-14.0-2.21","null","stimuli/noise_texture.png","null","","","","","","","","",""
"custom-labels-response","351","1465384","0.0-14.0-3.21","2898.300000011921","","defiant","","","","","tom-labels","","","M2","defiant"
"html-keyboard-response","352","1466397","0.0-14.0-0.22","null","<span style=""font-size:40px;"">+</span>","null","","","","","","","","",""
"html-keyboard-response","353","1475074","0.0-14.0-1.22","","","","","","","","","","","",""
"image-keyboard-response","354","1475586","0.0-14.0-2.22","null","stimuli/noise_texture.png","null","","","","","","","","",""
"custom-labels-response","355","1478092","0.0-14.0-3.22","2504.899999976158","","skeptical","","","","","tom-labels","","","F6","accusing"
"html-keyboard-response","356","1479098","0.0-14.0-0.23","null","<span style=""font-size:40px;"">+</span>","null","","","","","","","","",""
"html-keyboard-response","357","1483418","0.0-14.0-1.23","","","","","","","","","","","",""
"image-keyboard-response","358","1483925","0.0-14.0-2.23","null","stimuli/noise_texture.png","null","","","","","","","","",""
"custom-labels-response","359","1485946","0.0-14.0-3.23","2019.8999999761581","","suspicious","","","","","tom-labels","","","F3","ashamed"
"html-keyboard-response","360","1486956","0.0-14.0-0.24","null","<span style=""font-size:40px;"">+</span>","null","","","","","","","","",""
"html-keyboard-response","361","1491699","0.0-14.0-1.24","","","","","","","","","","","",""
"image-keyboard-response","362","1492201","0.0-14.0-2.24","null","stimuli/noise_texture.png","null","","","","","","","","",""
"custom-labels-response","363","1493954","0.0-14.0-3.24","1751.5999999940395","","uneasy","","","","","tom-labels","","","F7","uneasy"
"html-keyboard-response","364","1494962","0.0-14.0-0.25","null","<span style=""font-size:40px;"">+</span>","null","","","","","","","","",""
"html-keyboard-response","365","1499538","0.0-14.0-1.25","","","","","","","","","","","",""
"image-keyboard-response","366","1500041","0.0-14.0-2.25","null","stimuli/noise_texture.png","null","","","","","","","","",""
"custom-labels-response","367","1502601","0.0-14.0-3.25","2558.5","","skeptical","","","","","tom-labels","","","M4","skeptical"
"html-keyboard-response","368","1503602","0.0-14.0-0.26","null","<span style=""font-size:40px;"">+</span>","null","","","","","","","","",""
"html-keyboard-response","369","1508432","0.0-14.0-1.26","","","","","","","","","","","",""
"image-keyboard-response","370","1508947","0.0-14.0-2.26","null","stimuli/noise_texture.png","null","","","","","","","","",""
"custom-labels-response","371","1510877","0.0-14.0-3.26","1928.4000000059605","","suspicious","","","","","tom-labels","","","F6","suspicious"
"html-keyboard-response","372","1511894","0.0-14.0-0.27","null","<span style=""font-size:40px;"">+</span>","null","","","","","","","","",""
"html-keyboard-response","373","1516613","0.0-14.0-1.27","","","","","","","","","","","",""
"image-keyboard-response","374","1517121","0.0-14.0-2.27","null","stimuli/noise_texture.png","null","","","","","","","","",""
"custom-labels-response","375","1519613","0.0-14.0-3.27","2490.800000011921","","friendly","","","","","tom-labels","","","F6","relieved"
"html-keyboard-response","376","1520617","0.0-14.0-0.28","null","<span style=""font-size:40px;"">+</span>","null","","","","","","","","",""
"html-keyboard-response","377","1524988","0.0-14.0-1.28","","","","","","","","","","","",""
"image-keyboard-response","378","1525494","0.0-14.0-2.28","null","stimuli/noise_texture.png","null","","","","","","","","",""
"custom-labels-response","379","1527543","0.0-14.0-3.28","2047.5","","doubtful","","","","","tom-labels","","","F3","doubtful"
"html-keyboard-response","380","1528557","0.0-14.0-0.29","null","<span style=""font-size:40px;"">+</span>","null","","","","","","","","",""
"html-keyboard-response","381","1533316","0.0-14.0-1.29","","","","","","","","","","","",""
"image-keyboard-response","382","1533818","0.0-14.0-2.29","null","stimuli/noise_texture.png","null","","","","","","","","",""
"custom-labels-response","383","1535186","0.0-14.0-3.29","1366.0999999940395","","friendly","","","","","tom-labels","","","M4","hopeful"
"html-keyboard-response","384","1536198","0.0-15.0-0.0","null","<span style=""font-size:40px;"">+</span>","null","","","","","","","","",""
"html-keyboard-response","385","1540713","0.0-15.0-1.0","","","","","","","","","","","",""
"image-keyboard-response","386","1541225","0.0-15.0-2.0","null","stimuli/noise_texture.png","null","","","","","","","","",""
"custom-labels-response","387","1543901","0.0-15.0-3.0","2674.699999988079","","click","","","","","attention-check","","","M6","annoyed"
"html-keyboard-response","388","1544904","0.0-17.0-0.0","null","<span style=""font-size:40px;"">+</span>","null","","","","","","","","",""
"html-keyboard-response","389","1549373","0.0-17.0-1.0","","","","","","","","","","","",""
"image-keyboard-response","390","1549883","0.0-17.0-2.0","null","stimuli/noise_texture.png","null","","","","","","","","",""
"custom-labels-response","391","1552808","0.0-17.0-3.0","2924.199999988079","","enthused","","","","","tom-labels","","","F2","enthused"
"html-keyboard-response","392","1553811","0.0-17.0-0.1","null","<span style=""font-size:40px;"">+</span>","null","","","","","","","","",""
"html-keyboard-response","393","1558679","0.0-17.0-1.1","","","","","","","","","","","",""
"image-keyboard-response","394","1559188","0.0-17.0-2.1","null","stimuli/noise_texture.png","null","","","","","","","","",""
"custom-labels-response","395","1568902","0.0-17.0-3.1","9712","","puzzled","","","","","tom-labels","","","M6","puzzled"
"html-keyboard-response","396","1569909","0.0-17.0-0.2","null","<span style=""font-size:40px;"">+</span>","null","","","","","","","","",""
"html-keyboard-response","397","1574852","0.0-17.0-1.2","","","","","","","","","","","",""
"image-keyboard-response","398","1575369","0.0-17.0-2.2","null","stimuli/noise_texture.png","null","","","","","","","","",""
"custom-labels-response","399","1583794","0.0-17.0-3.2","8423.40000000596","","contented","","","","","tom-labels","","","M5","contented"
"html-keyboard-response","400","1584809","0.0-17.0-0.3","null","<span style=""font-size:40px;"">+</span>","null","","","","","","","","",""
"html-keyboard-response","401","1589789","0.0-17.0-1.3","","","","","","","","","","","",""
"image-keyboard-response","402","1590302","0.0-17.0-2.3","null","stimuli/noise_texture.png","null","","","","","","","","",""
"custom-labels-response","403","1593143","0.0-17.0-3.3","2839.5999999940395","","depressed","","","","","tom-labels","","","M6","depressed"
"html-keyboard-response","404","1594148","0.0-17.0-0.4","null","<span style=""font-size:40px;"">+</span>","null","","","","","","","","",""
"html-keyboard-response","405","1599012","0.0-17.0-1.4","","","","","","","","","","","",""
"image-keyboard-response","406","1599525","0.0-17.0-2.4","null","stimuli/noise_texture.png","null","","","","","","","","",""
"custom-labels-response","407","1601315","0.0-17.0-3.4","1789.2000000178814","","comforting","","","","","tom-labels","","","M5","comforting"
"html-keyboard-response","408","1602321","0.0-17.0-0.5","null","<span style=""font-size:40px;"">+</span>","null","","","","","","","","",""
"html-keyboard-response","409","1606744","0.0-17.0-1.5","","","","","","","","","","","",""
"image-keyboard-response","410","1607249","0.0-17.0-2.5","null","stimuli/noise_texture.png","null","","","","","","","","",""
"custom-labels-response","411","1609614","0.0-17.0-3.5","2362.9000000059605","","curious","","","","","tom-labels","","","F2","curious"
"html-keyboard-response","412","1610628","0.0-17.0-0.6","null","<span style=""font-size:40px;"">+</span>","null","","","","","","","","",""
"html-keyboard-response","413","1615131","0.0-17.0-1.6","","","","","","","","","","","",""
"image-keyboard-response","414","1615638","0.0-17.0-2.6","null","stimuli/noise_texture.png","null","","","","","","","","",""
"custom-labels-response","415","1618854","0.0-17.0-3.6","3214.4000000059605","","ashamed","","","","","tom-labels","","","M2","thoughtful"
"html-keyboard-response","416","1619868","0.0-17.0-0.7","null","<span style=""font-size:40px;"">+</span>","null","","","","","","","","",""
"html-keyboard-response","417","1624195","0.0-17.0-1.7","","","","","","","","","","","",""
"image-keyboard-response","418","1624711","0.0-17.0-2.7","null","stimuli/noise_texture.png","null","","","","","","","","",""
"custom-labels-response","419","1627001","0.0-17.0-3.7","2287.899999976158","","jealous","","","","","tom-labels","","","M3","jealous"
"html-keyboard-response","420","1628008","0.0-17.0-0.8","null","<span style=""font-size:40px;"">+</span>","null","","","","","","","","",""
"html-keyboard-response","421","1632903","0.0-17.0-1.8","","","","","","","","","","","",""
"image-keyboard-response","422","1633417","0.0-17.0-2.8","null","stimuli/noise_texture.png","null","","","","","","","","",""
"custom-labels-response","423","1635415","0.0-17.0-3.8","1995.7999999821186","","regretful","","","","","tom-labels","","","M2","regretful"
"html-keyboard-response","424","1636432","0.0-17.0-0.9","null","<span style=""font-size:40px;"">+</span>","null","","","","","","","","",""
"html-keyboard-response","425","1640904","0.0-17.0-1.9","","","","","","","","","","","",""
"image-keyboard-response","426","1641408","0.0-17.0-2.9","null","stimuli/noise_texture.png","null","","","","","","","","",""
"custom-labels-response","427","1647417","0.0-17.0-3.9","6007.9000000059605","","doubtful","","","","","tom-labels","","","F4","irritated"
"html-keyboard-response","428","1648434","0.0-17.0-0.10","null","<span style=""font-size:40px;"">+</span>","null","","","","","","","","",""
"html-keyboard-response","429","1652719","0.0-17.0-1.10","","","","","","","","","","","",""
"image-keyboard-response","430","1653228","0.0-17.0-2.10","null","stimuli/noise_texture.png","null","","","","","","","","",""
"custom-labels-response","431","1655487","0.0-17.0-3.10","2258.2999999821186","","offended","","","","","tom-labels","","","F3","offended"
"html-keyboard-response","432","1656491","0.0-17.0-0.11","null","<span style=""font-size:40px;"">+</span>","null","","","","","","","","",""
"html-keyboard-response","433","1660775","0.0-17.0-1.11","","","","","","","","","","","",""
"image-keyboard-response","434","1661285","0.0-17.0-2.11","null","stimuli/noise_texture.png","null","","","","","","","","",""
"custom-labels-response","435","1663710","0.0-17.0-3.11","2423.300000011921","","resentful","","","","","tom-labels","","","M3","resentful"
"html-keyboard-response","436","1664715","0.0-17.0-0.12","null","<span style=""font-size:40px;"">+</span>","null","","","","","","","","",""
"html-keyboard-response","437","1669477","0.0-17.0-1.12","","","","","","","","","","","",""
"image-keyboard-response","438","1669992","0.0-17.0-2.12","null","stimuli/noise_texture.png","null","","","","","","","","",""
"custom-labels-response","439","1672388","0.0-17.0-3.12","2395.5","","doubtful","","","","","tom-labels","","","M2","doubtful"
"html-keyboard-response","440","1673405","0.0-17.0-0.13","null","<span style=""font-size:40px;"">+</span>","null","","","","","","","","",""
"html-keyboard-response","441","1678396","0.0-17.0-1.13","","","","","","","","","","","",""
"image-keyboard-response","442","1678899","0.0-17.0-2.13","null","stimuli/noise_texture.png","null","","","","","","","","",""
"custom-labels-response","443","1681272","0.0-17.0-3.13","2372.2000000178814","","irritated","","","","","tom-labels","","","M6","serious"
"html-keyboard-response","444","1682278","0.0-17.0-0.14","null","<span style=""font-size:40px;"">+</span>","null","","","","","","","","",""
"html-keyboard-response","445","1686813","0.0-17.0-1.14","","","","","","","","","","","",""
"image-keyboard-response","446","1687321","0.0-17.0-2.14","null","stimuli/noise_texture.png","null","","","","","","","","",""
"custom-labels-response","447","1690671","0.0-17.0-3.14","3348.5","","anxious","","","","","tom-labels","","","M4","anxious"
"html-keyboard-response","448","1691684","0.0-17.0-0.15","null","<span style=""font-size:40px;"">+</span>","null","","","","","","","","",""
"html-keyboard-response","449","1696455","0.0-17.0-1.15","","","","","","","","","","","",""
"image-keyboard-response","450","1696960","0.0-17.0-2.15","null","stimuli/noise_texture.png","null","","","","","","","","",""
"custom-labels-response","451","1699850","0.0-17.0-3.15","2888.899999976158","","insulting","","","","","tom-labels","","","M2","insulting"
"html-keyboard-response","452","1700856","0.0-17.0-0.16","null","<span style=""font-size:40px;"">+</span>","null","","","","","","","","",""
"html-keyboard-response","453","1705369","0.0-17.0-1.16","","","","","","","","","","","",""
"image-keyboard-response","454","1705883","0.0-17.0-2.16","null","stimuli/noise_texture.png","null","","","","","","","","",""
"custom-labels-response","455","1708265","0.0-17.0-3.16","2380.199999988079","","anxious","","","","","tom-labels","","","F7","anxious"
"html-keyboard-response","456","1709279","0.0-17.0-0.17","null","<span style=""font-size:40px;"">+</span>","null","","","","","","","","",""
"html-keyboard-response","457","1713579","0.0-17.0-1.17","","","","","","","","","","","",""
"image-keyboard-response","458","1714090","0.0-17.0-2.17","null","stimuli/noise_texture.png","null","","","","","","","","",""
"custom-labels-response","459","1716168","0.0-17.0-3.17","2077.7999999821186","","offended","","","","","tom-labels","","","M3","offended"
"html-keyboard-response","460","1717171","0.0-17.0-0.18","null","<span style=""font-size:40px;"">+</span>","null","","","","","","","","",""
"html-keyboard-response","461","1722018","0.0-17.0-1.18","","","","","","","","","","","",""
"image-keyboard-response","462","1722530","0.0-17.0-2.18","null","stimuli/noise_texture.png","null","","","","","","","","",""
"custom-labels-response","463","1725698","0.0-17.0-3.18","3166.5","","panicked","","","","","tom-labels","","","M4","tentative"
"html-keyboard-response","464","1726710","0.0-17.0-0.19","null","<span style=""font-size:40px;"">+</span>","null","","","","","","","","",""
"html-keyboard-response","465","1731045","0.0-17.0-1.19","","","","","","","","","","","",""
"image-keyboard-response","466","1731553","0.0-17.0-2.19","null","stimuli/noise_texture.png","null","","","","","","","","",""
"custom-labels-response","467","1734424","0.0-17.0-3.19","2869.100000023842","","distrustful","","","","","tom-labels","","","M3","imploring"
"html-keyboard-response","468","1735432","0.0-17.0-0.20","null","<span style=""font-size:40px;"">+</span>","null","","","","","","","","",""
"html-keyboard-response","469","1740433","0.0-17.0-1.20","","","","","","","","","","","",""
"image-keyboard-response","470","1740942","0.0-17.0-2.20","null","stimuli/noise_texture.png","null","","","","","","","","",""
"custom-labels-response","471","1743494","0.0-17.0-3.20","2550.0999999940395","","interested","","","","","tom-labels","","","M6","satisfied"
"html-keyboard-response","472","1744506","0.0-17.0-0.21","null","<span style=""font-size:40px;"">+</span>","null","","","","","","","","",""
"html-keyboard-response","473","1748937","0.0-17.0-1.21","","","","","","","","","","","",""
"image-keyboard-response","474","1749449","0.0-17.0-2.21","null","stimuli/noise_texture.png","null","","","","","","","","",""
"custom-labels-response","475","1751296","0.0-17.0-3.21","1846.0999999940395","","sarcastic","","","","","tom-labels","","","F3","sarcastic"
"html-keyboard-response","476","1752313","0.0-17.0-0.22","null","<span style=""font-size:40px;"">+</span>","null","","","","","","","","",""
"html-keyboard-response","477","1757089","0.0-17.0-1.22","","","","","","","","","","","",""
"image-keyboard-response","478","1757606","0.0-17.0-2.22","null","stimuli/noise_texture.png","null","","","","","","","","",""
"custom-labels-response","479","1760448","0.0-17.0-3.22","2840.7000000178814","","confused","","","","","tom-labels","","","M4","confused"
"html-keyboard-response","480","1761452","0.0-17.0-0.23","null","<span style=""font-size:40px;"">+</span>","null","","","","","","","","",""
"html-keyboard-response","481","1765859","0.0-17.0-1.23","","","","","","","","","","","",""
"image-keyboard-response","482","1766362","0.0-17.0-2.23","null","stimuli/noise_texture.png","null","","","","","","","","",""
"custom-labels-response","483","1768634","0.0-17.0-3.23","2270.600000023842","","bewildered","","","","","tom-labels","","","F4","dominant"
"html-keyboard-response","484","1769643","0.0-17.0-0.24","null","<span style=""font-size:40px;"">+</span>","null","","","","","","","","",""
"html-keyboard-response","485","1773960","0.0-17.0-1.24","","","","","","","","","","","",""
"image-keyboard-response","486","1774469","0.0-17.0-2.24","null","stimuli/noise_texture.png","null","","","","","","","","",""
"custom-labels-response","487","1776511","0.0-17.0-3.24","2040.199999988079","","confused","","","","","tom-labels","","","F3","alarmed"
"html-keyboard-response","488","1777517","0.0-17.0-0.25","null","<span style=""font-size:40px;"">+</span>","null","","","","","","","","",""
"html-keyboard-response","489","1782475","0.0-17.0-1.25","","","","","","","","","","","",""
"image-keyboard-response","490","1782993","0.0-17.0-2.25","null","stimuli/noise_texture.png","null","","","","","","","","",""
"custom-labels-response","491","1787155","0.0-17.0-3.25","4161.0999999940395","","relieved","","","","","tom-labels","","","M6","relieved"
"html-keyboard-response","492","1788170","0.0-17.0-0.26","null","<span style=""font-size:40px;"">+</span>","null","","","","","","","","",""
"html-keyboard-response","493","1792775","0.0-17.0-1.26","","","","","","","","","","","",""
"image-keyboard-response","494","1793281","0.0-17.0-2.26","null","stimuli/noise_texture.png","null","","","","","","","","",""
"custom-labels-response","495","1795699","0.0-17.0-3.26","2416.5999999940395","","distrustful","","","","","tom-labels","","","M2","distrustful"
"html-keyboard-response","496","1796710","0.0-17.0-0.27","null","<span style=""font-size:40px;"">+</span>","null","","","","","","","","",""
"html-keyboard-response","497","1801328","0.0-17.0-1.27","","","","","","","","","","","",""
"image-keyboard-response","498","1801837","0.0-17.0-2.27","null","stimuli/noise_texture.png","null","","","","","","","","",""
"custom-labels-response","499","1804009","0.0-17.0-3.27","2170.2999999821186","","convinced","","","","","tom-labels","","","M6","convinced"
"html-keyboard-response","500","1805017","0.0-17.0-0.28","null","<span style=""font-size:40px;"">+</span>","null","","","","","","","","",""
"html-keyboard-response","501","1809590","0.0-17.0-1.28","","","","","","","","","","","",""
"image-keyboard-response","502","1810094","0.0-17.0-2.28","null","stimuli/noise_texture.png","null","","","","","","","","",""
"custom-labels-response","503","1812243","0.0-17.0-3.28","2146.699999988079","","serious","","","","","tom-labels","","","F5","serious"
"html-keyboard-response","504","1813259","0.0-17.0-0.29","null","<span style=""font-size:40px;"">+</span>","null","","","","","","","","",""
"html-keyboard-response","505","1817741","0.0-17.0-1.29","","","","","","","","","","","",""
"image-keyboard-response","506","1818252","0.0-17.0-2.29","null","stimuli/noise_texture.png","null","","","","","","","","",""
"custom-labels-response","507","1821489","0.0-17.0-3.29","3235.5","","apologetic","","","","","tom-labels","","","M3","apologetic"
"html-keyboard-response","508","1822498","0.0-17.0-0.30","null","<span style=""font-size:40px;"">+</span>","null","","","","","","","","",""
"html-keyboard-response","509","1827252","0.0-17.0-1.30","","","","","","","","","","","",""
"image-keyboard-response","510","1827757","0.0-17.0-2.30","null","stimuli/noise_texture.png","null","","","","","","","","",""
"custom-labels-response","511","1830487","0.0-17.0-3.30","2728.699999988079","","uneasy","","","","","tom-labels","","","M2","uneasy"
"html-keyboard-response","512","1831504","0.0-17.0-0.31","null","<span style=""font-size:40px;"">+</span>","null","","","","","","","","",""
"html-keyboard-response","513","1835411","0.0-17.0-1.31","","","","","","","","","","","",""
"image-keyboard-response","514","1835915","0.0-17.0-2.31","null","stimuli/noise_texture.png","null","","","","","","","","",""
"custom-labels-response","515","1838385","0.0-17.0-3.31","2469.0999999940395","","relaxed","","","","","tom-labels","","","M1","relaxed"
"html-button-response","516","1841731","0.0-18.0","3344","You have completed the second part of the experiment.<br> Please take a five-minute break before moving on to the next trial.<p> Feel free to walk around the room and stretch. However, please make sure to return to the task<br> within 5 minutes, as extended delays may result in automatic withdrawal from the study.<br>Press <b>Continue</b> to proceed with the experiment.<p><span id=""clock"">5:00</span>","0","","","","","","","","",""
"instructions","517","1849427","0.0-19.0","7695.5999999940395","","","","","","","","","[{""page_index"":0,""viewing_time"":2092.199999988079},{""page_index"":1,""viewing_time"":4061.4000000059605},{""page_index"":2,""viewing_time"":1541.5}]","",""
"html-keyboard-response","518","1850432","0.0-20.0-0.0","null","<span style=""font-size:40px;"">+</span>","null","","","","","","","","",""
"html-keyboard-response","519","1854927","0.0-20.0-1.0","","","","","","","","","","","",""
"image-keyboard-response","520","1855441","0.0-20.0-2.0","null","stimuli/noise_texture.png","null","","","","","","","","",""
"custom-labels-response","521","1857482","0.0-20.0-3.0","2039.4000000059605","","aghast","","","","","tom-labels","","","M3","aghast"
"html-keyboard-response","522","1858489","0.0-20.0-0.1","null","<span style=""font-size:40px;"">+</span>","null","","","","","","","","",""
"html-keyboard-response","523","1862840","0.0-20.0-1.1","","","","","","","","","","","",""
"image-keyboard-response","524","1863350","0.0-20.0-2.1","null","stimuli/noise_texture.png","null","","","","","","","","",""
"custom-labels-response","525","1865316","0.0-20.0-3.1","1964.9000000059605","","upset","","","","","tom-labels","","","M1","upset"
"html-keyboard-response","526","1866330","0.0-20.0-0.2","null","<span style=""font-size:40px;"">+</span>","null","","","","","","","","",""
"html-keyboard-response","527","1872398","0.0-20.0-1.2","","","","","","","","","","","",""
"image-keyboard-response","528","1872906","0.0-20.0-2.2","null","stimuli/noise_texture.png","null","","","","","","","","",""
"custom-labels-response","529","1874561","0.0-20.0-3.2","1654.1000000238419","","pensive","","","","","tom-labels","","","F3","pensive"
"html-keyboard-response","530","1875568","0.0-20.0-0.3","null","<span style=""font-size:40px;"">+</span>","null","","","","","","","","",""
"html-keyboard-response","531","1880488","0.0-20.0-1.3","","","","","","","","","","","",""
"image-keyboard-response","532","1880996","0.0-20.0-2.3","null","stimuli/noise_texture.png","null","","","","","","","","",""
"custom-labels-response","533","1883097","0.0-20.0-3.3","2099.399999976158","","nervous","","","","","tom-labels","","","M2","nervous"
"html-keyboard-response","534","1884109","0.0-20.0-0.4","null","<span style=""font-size:40px;"">+</span>","null","","","","","","","","",""
"html-keyboard-response","535","1888411","0.0-20.0-1.4","","","","","","","","","","","",""
"image-keyboard-response","536","1888920","0.0-20.0-2.4","null","stimuli/noise_texture.png","null","","","","","","","","",""
"custom-labels-response","537","1892321","0.0-20.0-3.4","3398.9000000059605","","hateful","","","","","tom-labels","","","M3","hateful"
"html-keyboard-response","538","1893332","0.0-20.0-0.5","null","<span style=""font-size:40px;"">+</span>","null","","","","","","","","",""
"html-keyboard-response","539","1898336","0.0-20.0-1.5","","","","","","","","","","","",""
"image-keyboard-response","540","1898842","0.0-20.0-2.5","null","stimuli/noise_texture.png","null","","","","","","","","",""
"custom-labels-response","541","1902227","0.0-20.0-3.5","3383.2999999821186","","contemplative","","","","","tom-labels","","","M4","contemplative"
"html-keyboard-response","542","1903237","0.0-20.0-0.6","null","<span style=""font-size:40px;"">+</span>","null","","","","","","","","",""
"html-keyboard-response","543","1907817","0.0-20.0-1.6","","","","","","","","","","","",""
"image-keyboard-response","544","1908330","0.0-20.0-2.6","null","stimuli/noise_texture.png","null","","","","","","","","",""
"custom-labels-response","545","1911493","0.0-20.0-3.6","3161.5","","affectionate","","","","","tom-labels","","","M4","affectionate"
"html-keyboard-response","546","1912509","0.0-20.0-0.7","null","<span style=""font-size:40px;"">+</span>","null","","","","","","","","",""
"html-keyboard-response","547","1916952","0.0-20.0-1.7","","","","","","","","","","","",""
"image-keyboard-response","548","1917469","0.0-20.0-2.7","null","stimuli/noise_texture.png","null","","","","","","","","",""
"custom-labels-response","549","1919142","0.0-20.0-3.7","1672.199999988079","","friendly","","","","","tom-labels","","","F7","contented"
"html-keyboard-response","550","1920149","0.0-20.0-0.8","null","<span style=""font-size:40px;"">+</span>","null","","","","","","","","",""
"html-keyboard-response","551","1924663","0.0-20.0-1.8","","","","","","","","","","","",""
"image-keyboard-response","552","1925176","0.0-20.0-2.8","null","stimuli/noise_texture.png","null","","","","","","","","",""
"custom-labels-response","553","1926721","0.0-20.0-3.8","1543.2999999821186","","threatening","","","","","tom-labels","","","F7","threatening"
"html-keyboard-response","554","1927724","0.0-20.0-0.9","null","<span style=""font-size:40px;"">+</span>","null","","","","","","","","",""
"html-keyboard-response","555","1932224","0.0-20.0-1.9","","","","","","","","","","","",""
"image-keyboard-response","556","1932736","0.0-20.0-2.9","null","stimuli/noise_texture.png","null","","","","","","","","",""
"custom-labels-response","557","1935899","0.0-20.0-3.9","3161.9000000059605","","indifferent","","","","","tom-labels","","","M5","interested"
"html-keyboard-response","558","1936914","0.0-20.0-0.10","null","<span style=""font-size:40px;"">+</span>","null","","","","","","","","",""
"html-keyboard-response","559","1941166","0.0-20.0-1.10","","","","","","","","","","","",""
"image-keyboard-response","560","1941675","0.0-20.0-2.10","null","stimuli/noise_texture.png","null","","","","","","","","",""
"custom-labels-response","561","1944525","0.0-20.0-3.10","2848.4000000059605","","encouraging","","","","","tom-labels","","","F3","fascinated"
"html-keyboard-response","562","1945537","0.0-20.0-0.11","null","<span style=""font-size:40px;"">+</span>","null","","","","","","","","",""
"html-keyboard-response","563","1950209","0.0-20.0-1.11","","","","","","","","","","","",""
"image-keyboard-response","564","1950715","0.0-20.0-2.11","null","stimuli/noise_texture.png","null","","","","","","","","",""
"custom-labels-response","565","1953192","0.0-20.0-3.11","2476.300000011921","","apologetic","","","","","tom-labels","","","F7","apologetic"
"html-keyboard-response","566","1954194","0.0-20.0-0.12","null","<span style=""font-size:40px;"">+</span>","null","","","","","","","","",""
"html-keyboard-response","567","1958810","0.0-20.0-1.12","","","","","","","","","","","",""
"image-keyboard-response","568","1959321","0.0-20.0-2.12","null","stimuli/noise_texture.png","null","","","","","","","","",""
"custom-labels-response","569","1961310","0.0-20.0-3.12","1986.6000000238419","","intrigued","","","","","tom-labels","","","M4","intrigued"
"html-keyboard-response","570","1962318","0.0-20.0-0.13","null","<span style=""font-size:40px;"">+</span>","null","","","","","","","","",""
"html-keyboard-response","571","1966884","0.0-20.0-1.13","","","","","","","","","","","",""
"image-keyboard-response","572","1967395","0.0-20.0-2.13","null","stimuli/noise_texture.png","null","","","","","","","","",""
"custom-labels-response","573","1969244","0.0-20.0-3.13","1847.0999999940395","","worried","","","","","tom-labels","","","F5","worried"
"html-keyboard-response","574","1970258","0.0-20.0-0.14","null","<span style=""font-size:40px;"">+</span>","null","","","","","","","","",""
"html-keyboard-response","575","1974811","0.0-20.0-1.14","","","","","","","","","","","",""
"image-keyboard-response","576","1975318","0.0-20.0-2.14","null","stimuli/noise_texture.png","null","","","","","","","","",""
"custom-labels-response","577","1977064","0.0-20.0-3.14","1743.9000000059605","","resentful","","","","","tom-labels","","","F5","resentful"
"html-keyboard-response","578","1978082","0.0-20.0-0.15","null","<span style=""font-size:40px;"">+</span>","null","","","","","","","","",""
"html-keyboard-response","579","1982400","0.0-20.0-1.15","","","","","","","","","","","",""
"image-keyboard-response","580","1982909","0.0-20.0-2.15","null","stimuli/noise_texture.png","null","","","","","","","","",""
"custom-labels-response","581","1985276","0.0-20.0-3.15","2365.5","","deciding","","","","","tom-labels","","","F3","preoccupied"
"html-keyboard-response","582","1986289","0.0-20.0-0.16","null","<span style=""font-size:40px;"">+</span>","null","","","","","","","","",""
"html-keyboard-response","583","1990596","0.0-20.0-1.16","","","","","","","","","","","",""
"image-keyboard-response","584","1991100","0.0-20.0-2.16","null","stimuli/noise_texture.png","null","","","","","","","","",""
"custom-labels-response","585","1993222","0.0-20.0-3.16","2120.9000000059605","","distrustful","","","","","tom-labels","","","F3","distrustful"
"html-keyboard-response","586","1994231","0.0-20.0-0.17","null","<span style=""font-size:40px;"">+</span>","null","","","","","","","","",""
"html-keyboard-response","587","1999209","0.0-20.0-1.17","","","","","","","","","","","",""
"image-keyboard-response","588","1999724","0.0-20.0-2.17","null","stimuli/noise_texture.png","null","","","","","","","","",""
"custom-labels-response","589","2001008","0.0-20.0-3.17","1282.7000000178814","","flirtatious","","","","","tom-labels","","","M2","flirtatious"
"html-keyboard-response","590","2002020","0.0-20.0-0.18","null","<span style=""font-size:40px;"">+</span>","null","","","","","","","","",""
"html-keyboard-response","591","2006527","0.0-20.0-1.18","","","","","","","","","","","",""
"image-keyboard-response","592","2007033","0.0-20.0-2.18","null","stimuli/noise_texture.png","null","","","","","","","","",""
"custom-labels-response","593","2009124","0.0-20.0-3.18","2089.9000000059605","","encouraging","","","","","tom-labels","","","F5","encouraging"
"html-keyboard-response","594","2010128","0.0-20.0-0.19","null","<span style=""font-size:40px;"">+</span>","null","","","","","","","","",""
"html-keyboard-response","595","2014634","0.0-20.0-1.19","","","","","","","","","","","",""
"image-keyboard-response","596","2015140","0.0-20.0-2.19","null","stimuli/noise_texture.png","null","","","","","","","","",""
"custom-labels-response","597","2019147","0.0-20.0-3.19","4006.5","","decisive","","","","","tom-labels","","","M3","decisive"
"html-keyboard-response","598","2020151","0.0-20.0-0.20","null","<span style=""font-size:40px;"">+</span>","null","","","","","","","","",""
"html-keyboard-response","599","2030117","0.0-20.0-1.20","","","","","","","","","","","",""
"image-keyboard-response","600","2030621","0.0-20.0-2.20","null","stimuli/noise_texture.png","null","","","","","","","","",""
"custom-labels-response","601","2032811","0.0-20.0-3.20","2187.9000000059605","","satisfied","","","","","tom-labels","","","F4","satisfied"
"html-keyboard-response","602","2033818","0.0-20.0-0.21","null","<span style=""font-size:40px;"">+</span>","null","","","","","","","","",""
"html-keyboard-response","603","2037669","0.0-20.0-1.21","","","","","","","","","","","",""
"image-keyboard-response","604","2038179","0.0-20.0-2.21","null","stimuli/noise_texture.png","null","","","","","","","","",""
"custom-labels-response","605","2044528","0.0-20.0-3.21","6346.899999976158","","incredulous","","","","","tom-labels","","","M2","joking"
"html-keyboard-response","606","2045536","0.0-20.0-0.22","null","<span style=""font-size:40px;"">+</span>","null","","","","","","","","",""
"html-keyboard-response","607","2050442","0.0-20.0-1.22","","","","","","","","","","","",""
"image-keyboard-response","608","2050948","0.0-20.0-2.22","null","stimuli/noise_texture.png","null","","","","","","","","",""
"custom-labels-response","609","2053586","0.0-20.0-3.22","2636.800000011921","","worried","","","","","tom-labels","","","M4","worried"
"html-keyboard-response","610","2054593","0.0-20.0-0.23","null","<span style=""font-size:40px;"">+</span>","null","","","","","","","","",""
"html-keyboard-response","611","2058979","0.0-20.0-1.23","","","","","","","","","","","",""
"image-keyboard-response","612","2059486","0.0-20.0-2.23","null","stimuli/noise_texture.png","null","","","","","","","","",""
"custom-labels-response","613","2061943","0.0-20.0-3.23","2455.4000000059605","","dominant","","","","","tom-labels","","","M1","dominant"
"html-keyboard-response","614","2062950","0.0-20.0-0.24","null","<span style=""font-size:40px;"">+</span>","null","","","","","","","","",""
"html-keyboard-response","615","2067721","0.0-20.0-1.24","","","","","","","","","","","",""
"image-keyboard-response","616","2068226","0.0-20.0-2.24","null","stimuli/noise_texture.png","null","","","","","","","","",""
"custom-labels-response","617","2070127","0.0-20.0-3.24","1899","","panicked","","","","","tom-labels","","","F5","panicked"
"html-keyboard-response","618","2071140","0.0-20.0-0.25","null","<span style=""font-size:40px;"">+</span>","null","","","","","","","","",""
"html-keyboard-response","619","2075907","0.0-20.0-1.25","","","","","","","","","","","",""
"image-keyboard-response","620","2076417","0.0-20.0-2.25","null","stimuli/noise_texture.png","null","","","","","","","","",""
"custom-labels-response","621","2078477","0.0-20.0-3.25","2059.0999999940395","","thoughtful","","","","","tom-labels","","","M6","indecisive"
"html-keyboard-response","622","2079481","0.0-20.0-0.26","null","<span style=""font-size:40px;"">+</span>","null","","","","","","","","",""
"html-keyboard-response","623","2083969","0.0-20.0-1.26","","","","","","","","","","","",""
"image-keyboard-response","624","2084475","0.0-20.0-2.26","null","stimuli/noise_texture.png","null","","","","","","","","",""
"custom-labels-response","625","2086102","0.0-20.0-3.26","1625","","friendly","","","","","tom-labels","","","M5","friendly"
"html-keyboard-response","626","2087106","0.0-20.0-0.27","null","<span style=""font-size:40px;"">+</span>","null","","","","","","","","",""
"html-keyboard-response","627","2091442","0.0-20.0-1.27","","","","","","","","","","","",""
"image-keyboard-response","628","2091950","0.0-20.0-2.27","null","stimuli/noise_texture.png","null","","","","","","","","",""
"custom-labels-response","629","2094136","0.0-20.0-3.27","2184.9000000059605","","despondent","","","","","tom-labels","","","F2","despondent"
"html-keyboard-response","630","2095147","0.0-20.0-0.28","null","<span style=""font-size:40px;"">+</span>","null","","","","","","","","",""
"html-keyboard-response","631","2099940","0.0-20.0-1.28","","","","","","","","","","","",""
"image-keyboard-response","632","2100455","0.0-20.0-2.28","null","stimuli/noise_texture.png","null","","","","","","","","",""
"custom-labels-response","633","2103092","0.0-20.0-3.28","2635.5999999940395","","guilty","","","","","tom-labels","","","M5","guilty"
"html-keyboard-response","634","2104102","0.0-20.0-0.29","null","<span style=""font-size:40px;"">+</span>","null","","","","","","","","",""
"html-keyboard-response","635","2108555","0.0-20.0-1.29","","","","","","","","","","","",""
"image-keyboard-response","636","2109063","0.0-20.0-2.29","null","stimuli/noise_texture.png","null","","","","","","","","",""
"custom-labels-response","637","2111016","0.0-20.0-3.29","1951.800000011921","","horrified","","","","","tom-labels","","","M1","horrified"
"html-keyboard-response","638","2112026","0.0-21.0-0.0","null","<span style=""font-size:40px;"">+</span>","null","","","","","","","","",""
"html-keyboard-response","639","2116793","0.0-21.0-1.0","","","","","","","","","","","",""
"image-keyboard-response","640","2117303","0.0-21.0-2.0","null","stimuli/noise_texture.png","null","","","","","","","","",""
"custom-labels-response","641","2119422","0.0-21.0-3.0","2117.600000023842","","click","","","","","attention-check","","","F2","confident"
"html-keyboard-response","642","2120433","0.0-23.0-0.0","null","<span style=""font-size:40px;"">+</span>","null","","","","","","","","",""
"html-keyboard-response","643","2124972","0.0-23.0-1.0","","","","","","","","","","","",""
"image-keyboard-response","644","2125476","0.0-23.0-2.0","null","stimuli/noise_texture.png","null","","","","","","","","",""
"custom-labels-response","645","2127786","0.0-23.0-3.0","2307.7999999821186","","interested","","","","","tom-labels","","","F2","interested"
"html-keyboard-response","646","2128791","0.0-23.0-0.1","null","<span style=""font-size:40px;"">+</span>","null","","","","","","","","",""
"html-keyboard-response","647","2133294","0.0-23.0-1.1","","","","","","","","","","","",""
"image-keyboard-response","648","2133800","0.0-23.0-2.1","null","stimuli/noise_texture.png","null","","","","","","","","",""
"custom-labels-response","649","2135935","0.0-23.0-3.1","2133.699999988079","","concerned","","","","","tom-labels","","","F7","concerned"
"html-keyboard-response","650","2136947","0.0-23.0-0.2","null","<span style=""font-size:40px;"">+</span>","null","","","","","","","","",""
"html-keyboard-response","651","2142048","0.0-23.0-1.2","","","","","","","","","","","",""
"image-keyboard-response","652","2142556","0.0-23.0-2.2","null","stimuli/noise_texture.png","null","","","","","","","","",""
"custom-labels-response","653","2160800","0.0-23.0-3.2","18241.90000000596","","comforting","","","","","tom-labels","","","F6","comforting"
"html-keyboard-response","654","2161802","0.0-23.0-0.3","null","<span style=""font-size:40px;"">+</span>","null","","","","","","","","",""
"html-keyboard-response","655","2166586","0.0-23.0-1.3","","","","","","","","","","","",""
"image-keyboard-response","656","2167094","0.0-23.0-2.3","null","stimuli/noise_texture.png","null","","","","","","","","",""
"custom-labels-response","657","2169142","0.0-23.0-3.3","2045.800000011921","","disappointed","","","","","tom-labels","","","F5","disappointed"
"html-keyboard-response","658","2170157","0.0-23.0-0.4","null","<span style=""font-size:40px;"">+</span>","null","","","","","","","","",""
"html-keyboard-response","659","2174758","0.0-23.0-1.4","","","","","","","","","","","",""
"image-keyboard-response","660","2175268","0.0-23.0-2.4","null","stimuli/noise_texture.png","null","","","","","","","","",""
"custom-labels-response","661","2177085","0.0-23.0-3.4","1815.9000000059605","","incredulous","","","","","tom-labels","","","F5","intrigued"
"html-keyboard-response","662","2178098","0.0-23.0-0.5","null","<span style=""font-size:40px;"">+</span>","null","","","","","","","","",""
"html-keyboard-response","663","2182318","0.0-23.0-1.5","","","","","","","","","","","",""
"image-keyboard-response","664","2182827","0.0-23.0-2.5","null","stimuli/noise_texture.png","null","","","","","","","","",""
"custom-labels-response","665","2184939","0.0-23.0-3.5","2110.4000000059605","","confident","","","","","tom-labels","","","M1","confident"
"html-keyboard-response","666","2185940","0.0-23.0-0.6","null","<span style=""font-size:40px;"">+</span>","null","","","","","","","","",""
"html-keyboard-response","667","2191096","0.0-23.0-1.6","","","","","","","","","","","",""
"image-keyboard-response","668","2191600","0.0-23.0-2.6","null","stimuli/noise_texture.png","null","","","","","","","","",""
"custom-labels-response","669","2194762","0.0-23.0-3.6","3161.2000000178814","","insisting","","","","","tom-labels","","","M2","insisting"
"html-keyboard-response","670","2195778","0.0-23.0-0.7","null","<span style=""font-size:40px;"">+</span>","null","","","","","","","","",""
"html-keyboard-response","671","2200181","0.0-23.0-1.7","","","","","","","","","","","",""
"image-keyboard-response","672","2200688","0.0-23.0-2.7","null","stimuli/noise_texture.png","null","","","","","","","","",""
"custom-labels-response","673","2203195","0.0-23.0-3.7","2505.800000011921","","concerned","","","","","tom-labels","","","F3","regretful"
"html-keyboard-response","674","2204201","0.0-23.0-0.8","null","<span style=""font-size:40px;"">+</span>","null","","","","","","","","",""
"html-keyboard-response","675","2209030","0.0-23.0-1.8","","","","","","","","","","","",""
"image-keyboard-response","676","2209545","0.0-23.0-2.8","null","stimuli/noise_texture.png","null","","","","","","","","",""
"custom-labels-response","677","2211677","0.0-23.0-3.8","2130.9000000059605","","hopeful","","","","","tom-labels","","","M5","playful"
"html-keyboard-response","678","2212692","0.0-23.0-0.9","null","<span style=""font-size:40px;"">+</span>","null","","","","","","","","",""
"html-keyboard-response","679","2217241","0.0-23.0-1.9","","","","","","","","","","","",""
"image-keyboard-response","680","2217752","0.0-23.0-2.9","null","stimuli/noise_texture.png","null","","","","","","","","",""
"custom-labels-response","681","2221873","0.0-23.0-3.9","4119.899999976158","","sympathetic","","","","","tom-labels","","","F4","stern"
"html-keyboard-response","682","2222879","0.0-23.0-0.10","null","<span style=""font-size:40px;"">+</span>","null","","","","","","","","",""
"html-keyboard-response","683","2227331","0.0-23.0-1.10","","","","","","","","","","","",""
"image-keyboard-response","684","2227841","0.0-23.0-2.10","null","stimuli/noise_texture.png","null","","","","","","","","",""
"custom-labels-response","685","2230631","0.0-23.0-3.10","2788.199999988079","","deciding","","","","","tom-labels","","","M1","deciding"
"html-keyboard-response","686","2231636","0.0-23.0-0.11","null","<span style=""font-size:40px;"">+</span>","null","","","","","","","","",""
"html-keyboard-response","687","2236472","0.0-23.0-1.11","","","","","","","","","","","",""
"image-keyboard-response","688","2236980","0.0-23.0-2.11","null","stimuli/noise_texture.png","null","","","","","","","","",""
"custom-labels-response","689","2238748","0.0-23.0-3.11","1767","","impatient","","","","","tom-labels","","","F4","impatient"
"html-keyboard-response","690","2239759","0.0-23.0-0.12","null","<span style=""font-size:40px;"">+</span>","null","","","","","","","","",""
"html-keyboard-response","691","2244236","0.0-23.0-1.12","","","","","","","","","","","",""
"image-keyboard-response","692","2244754","0.0-23.0-2.12","null","stimuli/noise_texture.png","null","","","","","","","","",""
"custom-labels-response","693","2246590","0.0-23.0-3.12","1834.699999988079","","annoyed","","","","","tom-labels","","","F2","annoyed"
"html-keyboard-response","694","2247601","0.0-23.0-0.13","null","<span style=""font-size:40px;"">+</span>","null","","","","","","","","",""
"html-keyboard-response","695","2252471","0.0-23.0-1.13","","","","","","","","","","","",""
"image-keyboard-response","696","2252978","0.0-23.0-2.13","null","stimuli/noise_texture.png","null","","","","","","","","",""
"custom-labels-response","697","2256667","0.0-23.0-3.13","3688","","doubtful","","","","","tom-labels","","","F3","depressed"
"html-keyboard-response","698","2257669","0.0-23.0-0.14","null","<span style=""font-size:40px;"">+</span>","null","","","","","","","","",""
"html-keyboard-response","699","2262225","0.0-23.0-1.14","","","","","","","","","","","",""
"image-keyboard-response","700","2262734","0.0-23.0-2.14","null","stimuli/noise_texture.png","null","","","","","","","","",""
"custom-labels-response","701","2266085","0.0-23.0-3.14","3349.7999999821186","","entertained","","","","","tom-labels","","","F3","entertained"
"html-keyboard-response","702","2267095","0.0-23.0-0.15","null","<span style=""font-size:40px;"">+</span>","null","","","","","","","","",""
"html-keyboard-response","703","2272108","0.0-23.0-1.15","","","","","","","","","","","",""
"image-keyboard-response","704","2272622","0.0-23.0-2.15","null","stimuli/noise_texture.png","null","","","","","","","","",""
"custom-labels-response","705","2274505","0.0-23.0-3.15","1881.7999999821186","","decisive","","","","","tom-labels","","","F8","decisive"
"html-keyboard-response","706","2275519","0.0-23.0-0.16","null","<span style=""font-size:40px;"">+</span>","null","","","","","","","","",""
"html-keyboard-response","707","2280141","0.0-23.0-1.16","","","","","","","","","","","",""
"image-keyboard-response","708","2280645","0.0-23.0-2.16","null","stimuli/noise_texture.png","null","","","","","","","","",""
"custom-labels-response","709","2283232","0.0-23.0-3.16","2584.9000000059605","","playful","","","","","tom-labels","","","F2","playful"
"html-keyboard-response","710","2284241","0.0-23.0-0.17","null","<span style=""font-size:40px;"">+</span>","null","","","","","","","","",""
"html-keyboard-response","711","2288581","0.0-23.0-1.17","","","","","","","","","","","",""
"image-keyboard-response","712","2289086","0.0-23.0-2.17","null","stimuli/noise_texture.png","null","","","","","","","","",""
"custom-labels-response","713","2291341","0.0-23.0-3.17","2253.2000000178814","","alarmed","","","","","tom-labels","","","M2","alarmed"
"html-keyboard-response","714","2292349","0.0-23.0-0.18","null","<span style=""font-size:40px;"">+</span>","null","","","","","","","","",""
"html-keyboard-response","715","2296828","0.0-23.0-1.18","","","","","","","","","","","",""
"image-keyboard-response","716","2297342","0.0-23.0-2.18","null","stimuli/noise_texture.png","null","","","","","","","","",""
"custom-labels-response","717","2300228","0.0-23.0-3.18","2883.9000000059605","","affectionate","","","","","tom-labels","","","F4","affectionate"
"html-keyboard-response","718","2301238","0.0-23.0-0.19","null","<span style=""font-size:40px;"">+</span>","null","","","","","","","","",""
"html-keyboard-response","719","2306101","0.0-23.0-1.19","","","","","","","","","","","",""
"image-keyboard-response","720","2306615","0.0-23.0-2.19","null","stimuli/noise_texture.png","null","","","","","","","","",""
"custom-labels-response","721","2308103","0.0-23.0-3.19","1487.0999999940395","","indifferent","","","","","tom-labels","","","M6","indifferent"
"html-keyboard-response","722","2309112","0.0-23.0-0.20","null","<span style=""font-size:40px;"">+</span>","null","","","","","","","","",""
"html-keyboard-response","723","2314157","0.0-23.0-1.20","","","","","","","","","","","",""
"image-keyboard-response","724","2314672","0.0-23.0-2.20","null","stimuli/noise_texture.png","null","","","","","","","","",""
"custom-labels-response","725","2316131","0.0-23.0-3.20","1456.7999999821186","","reassuring","","","","","tom-labels","","","F6","reassuring"
"html-keyboard-response","726","2317137","0.0-23.0-0.21","null","<span style=""font-size:40px;"">+</span>","null","","","","","","","","",""
"html-keyboard-response","727","2321010","0.0-23.0-1.21","","","","","","","","","","","",""
"image-keyboard-response","728","2321515","0.0-23.0-2.21","null","stimuli/noise_texture.png","null","","","","","","","","",""
"custom-labels-response","729","2323490","0.0-23.0-3.21","1974","","disappointed","","","","","tom-labels","","","M1","disappointed"
"html-keyboard-response","730","2324494","0.0-23.0-0.22","null","<span style=""font-size:40px;"">+</span>","null","","","","","","","","",""
"html-keyboard-response","731","2329238","0.0-23.0-1.22","","","","","","","","","","","",""
"image-keyboard-response","732","2329755","0.0-23.0-2.22","null","stimuli/noise_texture.png","null","","","","","","","","",""
"custom-labels-response","733","2332156","0.0-23.0-3.22","2399.9000000059605","","eager","","","","","tom-labels","","","F5","eager"
"html-keyboard-response","734","2333168","0.0-23.0-0.23","null","<span style=""font-size:40px;"">+</span>","null","","","","","","","","",""
"html-keyboard-response","735","2337521","0.0-23.0-1.23","","","","","","","","","","","",""
"image-keyboard-response","736","2338029","0.0-23.0-2.23","null","stimuli/noise_texture.png","null","","","","","","","","",""
"custom-labels-response","737","2339727","0.0-23.0-3.23","1696.4000000059605","","threatening","","","","","tom-labels","","","M3","threatening"
"html-keyboard-response","738","2340741","0.0-23.0-0.24","null","<span style=""font-size:40px;"">+</span>","null","","","","","","","","",""
"html-keyboard-response","739","2345064","0.0-23.0-1.24","","","","","","","","","","","",""
"image-keyboard-response","740","2345570","0.0-23.0-2.24","null","stimuli/noise_texture.png","null","","","","","","","","",""
"custom-labels-response","741","2347520","0.0-23.0-3.24","1947.7000000178814","","fearful","","","","","tom-labels","","","F3","fearful"
"html-keyboard-response","742","2348533","0.0-23.0-0.25","null","<span style=""font-size:40px;"">+</span>","null","","","","","","","","",""
"html-keyboard-response","743","2353238","0.0-23.0-1.25","","","","","","","","","","","",""
"image-keyboard-response","744","2353744","0.0-23.0-2.25","null","stimuli/noise_texture.png","null","","","","","","","","",""
"custom-labels-response","745","2355668","0.0-23.0-3.25","1922.1000000238419","","friendly","","","","","tom-labels","","","F8","friendly"
"html-keyboard-response","746","2356674","0.0-23.0-0.26","null","<span style=""font-size:40px;"">+</span>","null","","","","","","","","",""
"html-keyboard-response","747","2361472","0.0-23.0-1.26","","","","","","","","","","","",""
"image-keyboard-response","748","2361985","0.0-23.0-2.26","null","stimuli/noise_texture.png","null","","","","","","","","",""
"custom-labels-response","749","2366481","0.0-23.0-3.26","4495.300000011921","","relieved","","","","","tom-labels","","","M2","desire"
"html-keyboard-response","750","2367495","0.0-23.0-0.27","null","<span style=""font-size:40px;"">+</span>","null","","","","","","","","",""
"html-keyboard-response","751","2372147","0.0-23.0-1.27","","","","","","","","","","","",""
"image-keyboard-response","752","2372654","0.0-23.0-2.27","null","stimuli/noise_texture.png","null","","","","","","","","",""
"custom-labels-response","753","2376841","0.0-23.0-3.27","4185.4000000059605","","impatient","","","","","tom-labels","","","F4","flustered"
"html-keyboard-response","754","2377849","0.0-23.0-0.28","null","<span style=""font-size:40px;"">+</span>","null","","","","","","","","",""
"html-keyboard-response","755","2382353","0.0-23.0-1.28","","","","","","","","","","","",""
"image-keyboard-response","756","2382859","0.0-23.0-2.28","null","stimuli/noise_texture.png","null","","","","","","","","",""
"custom-labels-response","757","2385927","0.0-23.0-3.28","3066.100000023842","","tentative","","","","","tom-labels","","","F2","tentative"
"html-keyboard-response","758","2386939","0.0-23.0-0.29","null","<span style=""font-size:40px;"">+</span>","null","","","","","","","","",""
"html-keyboard-response","759","2391557","0.0-23.0-1.29","","","","","","","","","","","",""
"image-keyboard-response","760","2392066","0.0-23.0-2.29","null","stimuli/noise_texture.png","null","","","","","","","","",""
"custom-labels-response","761","2394208","0.0-23.0-3.29","2140.800000011921","","eager","","","","","tom-labels","","","M5","eager"
"html-button-response","762","2412425","0.0-24.0","18215.09999999404","<h3>Thank you for participating!</h1><p>You are done with the experiment. You will receive the full payment for your participation. Thank you for your time and contribution.</p><p>You will be automatically redirected to Prolific upon clicking <strong>Complete Experiment</strong>.</p><p>Please DO NOT close this tab until you have been redirected to Prolific. Please take note of your Prolific Completion Code before clicking <strong>Complete Experiment</strong>: <strong>C1HPV5RI</strong>.</p>","0","5f84e472052cf81ae5752252","1760809445117","A","0","","","","",""
