"trial_type","trial_index","time_elapsed","internal_node_id","rt","stimulus","response","PID","START_TIME","EXP_AB","ATTENTION_FAILURES","trial","responses","view_history","actor","target_emotion"
"pavlovia","0","3631","0.0-0.0","","","","","","","","","","","",""
"html-button-response","1","7217","0.0-1.0","3581.9000000000233","<h1>Welcome to the Multiethnic Face Database Study!</h1>","0","681d11acf32ffbb177100579","1760801491618","A","0","","","","",""
"html-button-response","2","21225","0.0-2.0","13951.599999999977","<div style=""text-align: left; margin: 50px 80px -60px 80px;""><p><span style='text-decoration: underline;'><strong>CONSENT FORM </strong></span></p><p><strong>McGill University </strong></p><p><strong>Title of Research:</strong> A Dual Process Theory of Theory of Mind</p><p><strong>Researchers:</strong><br>Ian Gold, Ph.D., Professor, McGill University<br />Elizaveta Solomonova, Ph.D., Researcher, McGill University <br />Fernanda Perez-Gay Juarez, M.D., Ph.D., Psychiatry Resident, McGill University<br />Sophie Serebryany, Undergraduate Student, McGill University <br />Ani Shahbazian, Undergraduate Student, Concordia University<br>Sophie Hoyer, Undergraduate Student, McGill University</p><p><strong>Contact Information:<br />Tel:</strong> 514-398-8939 (Dr. Ian Gold) <br /><strong>Email:</strong> neurophilosophylabmcgill@gmail.com (all researchers)</p><p><strong>Purpose of the research:</strong><br> This study aims to measure people's ability to understand what others are thinking and feeling across different contexts and modalities. Please read through the description of the research project, and take the opportunity to ask any questions that you have about the project.</p><p><strong>What is involved in participating:</strong><br>You will be asked to look at a series of videos of facial expressions and answer questions about them. The online study in its entirety will take around [insert time], divided into 3 blocks with two 5-minute breaks in between. You will be asked to respond by answering multiple choice questions about the video. You will only need a mouse and a keyboard to provide responses to the various tasks.</p><p><strong>Right to withdraw:</strong><br>Please note that your participation is voluntary, and you are free to withdraw at any time without any negative consequences. Once you consent to participate, you may proceed to complete the online tasks. At the end of the experiment, you will see the message 'This is the end of the study. Please click on the button 'Complete the Experiment' to save your data and obtain your payment code.' Once you click the button, your data will be automatically collected through Pavlovia. Since participants will be anonymized (identified only by an alphanumeric code assigned by Prolific), the data will not be able to be withdrawn anonymously once you have completed the experiment. If you wish to withdraw consent without data collection, do not click the button to end the experiment and just close your browser.</p><p><strong>Confidentiality:</strong><br>The study's data will be kept for 7 years, stored in a password-protected virtual drive under the jurisdiction of McGill University (Dr. Ian Gold McGill's OneDrive). Your responses will be kept strictly confidential and will be identified only by means of your Prolific ID and never with your name or other identifying information. Only members of Dr. Ian Gold's lab will have access to identifiable study materials. You will not be identified or identifiable in any report or reports that result from the research (peer reviewed publications, presentations at national and international conferences, etc).</p><p><strong>Compensation:</strong><br>You will be compensated with &pound;9 for the completion of the study which should take approximately 60 minutes. Please use the completion code given to you at the end of the study to retrieve your payment in your Prolific account. Please note that if you decide to withdraw before finishing a session, there will be no way to compensate you for the time you spent, given that your data will not be saved.</p><p><strong>Risks &amp; Benefits:</strong> The only associated risks associated with this study are screen fatigue. If you have questions or concerns regarding your rights or welfare as a participant in this research study, please contact the Manager, Research Ethics at 514-398-6831 or lynda.mcneil@mcgill.ca.</p><p><strong>Consent:</strong><br>Please click on the button below if you have read the above information and consent to participate in this study. Otherwise, you can just close this window and return to the experiment in Prolific. Agreeing to participate in this study does not waive any of your rights or release the researchers from their responsibilities. To ensure the study is being conducted properly, authorized individuals, such as a member of the Research Ethics Board, may have access to your information.</p></div>","0","","","","","false","","","",""
"survey-demo","3","148539","0.0-3.0","127091.19999999995","","","681d11acf32ffbb177100579","1760801491618","","","demo","{""age"":""56"",""gender"":""Man"",""ethnicity"":[""White""],""education"":""Graduate school (PhD/MD/JD)"",""religion"":""No Religion"",""birthcountry"":""United Kingdom of Great Britain and Northern Ireland"",""residencecountry"":""United Kingdom of Great Britain and Northern Ireland"",""yearsresidence"":""56"",""internetspeed"":""430""}","","",""
"instructions","4","243327","0.0-6.0-0.0","94784.5","","","","","","","","","[{""page_index"":0,""viewing_time"":3936.6999999999534},{""page_index"":1,""viewing_time"":29271.800000000047},{""page_index"":2,""viewing_time"":3855.9000000000233},{""page_index"":3,""viewing_time"":53159.90000000002},{""page_index"":4,""viewing_time"":4559.699999999953}]","",""
"html-keyboard-response","5","244333","0.0-6.0-1.0","null","<span style=""font-size:40px;"">+</span>","null","","","","","","","","",""
"html-keyboard-response","6","254147","0.0-6.0-2.0","","","","","","","","","","","",""
"image-keyboard-response","7","254652","0.0-6.0-3.0","null","stimuli/noise_texture.png","null","","","","","","","","",""
"custom-labels-response","8","259183","0.0-6.0-4.0","4529.40000000014","","doubtful","","","","","tom-labels-practice","","","12","Doubtful"
"html-button-response","9","264230","0.0-7.0","5046.59999999986","<div style=""width: 1000px; height: 45px""><p>You will now be shown a series of short videos. Please select the label that best describes the emotion that the face was showing. Please provide one best guess for each item. Starting now, your responses will be recorded.</p><p>Click <strong>Continue</strong> to start. Good luck!</p></div>","0","","","","","false","","","",""
"html-keyboard-response","10","265245","0.0-8.0-0.0","null","<span style=""font-size:40px;"">+</span>","null","","","","","","","","",""
"html-keyboard-response","11","272060","0.0-8.0-1.0","","","","","","","","","","","",""
"image-keyboard-response","12","272571","0.0-8.0-2.0","null","stimuli/noise_texture.png","null","","","","","","","","",""
"custom-labels-response","13","277863","0.0-8.0-3.0","5290.699999999953","","worried","","","","","tom-labels","","","F5","worried"
"html-keyboard-response","14","278866","0.0-8.0-0.1","null","<span style=""font-size:40px;"">+</span>","null","","","","","","","","",""
"html-keyboard-response","15","284585","0.0-8.0-1.1","","","","","","","","","","","",""
"image-keyboard-response","16","285098","0.0-8.0-2.1","null","stimuli/noise_texture.png","null","","","","","","","","",""
"custom-labels-response","17","287567","0.0-8.0-3.1","2467.1999999999534","","contemplative","","","","","tom-labels","","","F6","contemplative"
"html-keyboard-response","18","288569","0.0-8.0-0.2","null","<span style=""font-size:40px;"">+</span>","null","","","","","","","","",""
"html-keyboard-response","19","297177","0.0-8.0-1.2","","","","","","","","","","","",""
"image-keyboard-response","20","297694","0.0-8.0-2.2","null","stimuli/noise_texture.png","null","","","","","","","","",""
"custom-labels-response","21","300846","0.0-8.0-3.2","3150.7000000001863","","enthused","","","","","tom-labels","","","M2","encouraging"
"html-keyboard-response","22","301854","0.0-8.0-0.3","null","<span style=""font-size:40px;"">+</span>","null","","","","","","","","",""
"html-keyboard-response","23","310085","0.0-8.0-1.3","","","","","","","","","","","",""
"image-keyboard-response","24","310592","0.0-8.0-2.3","null","stimuli/noise_texture.png","null","","","","","","","","",""
"custom-labels-response","25","314142","0.0-8.0-3.3","3549.100000000093","","guilty","","","","","tom-labels","","","F6","guilty"
"html-keyboard-response","26","315155","0.0-8.0-0.4","null","<span style=""font-size:40px;"">+</span>","null","","","","","","","","",""
"html-keyboard-response","27","322582","0.0-8.0-1.4","","","","","","","","","","","",""
"image-keyboard-response","28","323088","0.0-8.0-2.4","null","stimuli/noise_texture.png","null","","","","","","","","",""
"custom-labels-response","29","326014","0.0-8.0-3.4","2924.399999999907","","indifferent","","","","","tom-labels","","","M6","despondent"
"html-keyboard-response","30","327026","0.0-8.0-0.5","null","<span style=""font-size:40px;"">+</span>","null","","","","","","","","",""
"html-keyboard-response","31","333705","0.0-8.0-1.5","","","","","","","","","","","",""
"image-keyboard-response","32","334213","0.0-8.0-2.5","null","stimuli/noise_texture.png","null","","","","","","","","",""
"custom-labels-response","33","337462","0.0-8.0-3.5","3247","","hostile","","","","","tom-labels","","","M5","hostile"
"html-keyboard-response","34","338477","0.0-8.0-0.6","null","<span style=""font-size:40px;"">+</span>","null","","","","","","","","",""
"html-keyboard-response","35","350544","0.0-8.0-1.6","","","","","","","","","","","",""
"image-keyboard-response","36","351055","0.0-8.0-2.6","null","stimuli/noise_texture.png","null","","","","","","","","",""
"custom-labels-response","37","355974","0.0-8.0-3.6","4917","","regretful","","","","","tom-labels","","","M2","regretful"
"html-keyboard-response","38","356991","0.0-8.0-0.7","null","<span style=""font-size:40px;"">+</span>","null","","","","","","","","",""
"html-keyboard-response","39","363319","0.0-8.0-1.7","","","","","","","","","","","",""
"image-keyboard-response","40","363825","0.0-8.0-2.7","null","stimuli/noise_texture.png","null","","","","","","","","",""
"custom-labels-response","41","367110","0.0-8.0-3.7","3283.1999999999534","","skeptical","","","","","tom-labels","","","F3","insisting"
"html-keyboard-response","42","368126","0.0-8.0-0.8","null","<span style=""font-size:40px;"">+</span>","null","","","","","","","","",""
"html-keyboard-response","43","373979","0.0-8.0-1.8","","","","","","","","","","","",""
"image-keyboard-response","44","374488","0.0-8.0-2.8","null","stimuli/noise_texture.png","null","","","","","","","","",""
"custom-labels-response","45","377198","0.0-8.0-3.8","2707.899999999907","","hateful","","","","","tom-labels","","","M3","hateful"
"html-keyboard-response","46","378199","0.0-8.0-0.9","null","<span style=""font-size:40px;"">+</span>","null","","","","","","","","",""
"html-keyboard-response","47","384674","0.0-8.0-1.9","","","","","","","","","","","",""
"image-keyboard-response","48","385182","0.0-8.0-2.9","null","stimuli/noise_texture.png","null","","","","","","","","",""
"custom-labels-response","49","388238","0.0-8.0-3.9","3054","","panicked","","","","","tom-labels","","","M4","panicked"
"html-keyboard-response","50","389244","0.0-8.0-0.10","null","<span style=""font-size:40px;"">+</span>","null","","","","","","","","",""
"html-keyboard-response","51","397479","0.0-8.0-1.10","","","","","","","","","","","",""
"image-keyboard-response","52","397981","0.0-8.0-2.10","null","stimuli/noise_texture.png","null","","","","","","","","",""
"custom-labels-response","53","402398","0.0-8.0-3.10","4415.700000000186","","reflective","","","","","tom-labels","","","M6","reflective"
"html-keyboard-response","54","403400","0.0-8.0-0.11","null","<span style=""font-size:40px;"">+</span>","null","","","","","","","","",""
"html-keyboard-response","55","409330","0.0-8.0-1.11","","","","","","","","","","","",""
"image-keyboard-response","56","409840","0.0-8.0-2.11","null","stimuli/noise_texture.png","null","","","","","","","","",""
"custom-labels-response","57","414022","0.0-8.0-3.11","4179.800000000047","","relaxed","","","","","tom-labels","","","F2","relaxed"
"html-keyboard-response","58","415026","0.0-8.0-0.12","null","<span style=""font-size:40px;"">+</span>","null","","","","","","","","",""
"html-keyboard-response","59","422908","0.0-8.0-1.12","","","","","","","","","","","",""
"image-keyboard-response","60","423418","0.0-8.0-2.12","null","stimuli/noise_texture.png","null","","","","","","","","",""
"custom-labels-response","61","428117","0.0-8.0-3.12","4697.90000000014","","perplexed","","","","","tom-labels","","","M6","perplexed"
"html-keyboard-response","62","429134","0.0-8.0-0.13","null","<span style=""font-size:40px;"">+</span>","null","","","","","","","","",""
"html-keyboard-response","63","435827","0.0-8.0-1.13","","","","","","","","","","","",""
"image-keyboard-response","64","436336","0.0-8.0-2.13","null","stimuli/noise_texture.png","null","","","","","","","","",""
"custom-labels-response","65","440077","0.0-8.0-3.13","3739","","dubious","","","","","tom-labels","","","F4","dubious"
"html-keyboard-response","66","441089","0.0-8.0-0.14","null","<span style=""font-size:40px;"">+</span>","null","","","","","","","","",""
"html-keyboard-response","67","448022","0.0-8.0-1.14","","","","","","","","","","","",""
"image-keyboard-response","68","448530","0.0-8.0-2.14","null","stimuli/noise_texture.png","null","","","","","","","","",""
"custom-labels-response","69","451341","0.0-8.0-3.14","2810.4000000001397","","playful","","","","","tom-labels","","","M5","playful"
"html-keyboard-response","70","452357","0.0-8.0-0.15","null","<span style=""font-size:40px;"">+</span>","null","","","","","","","","",""
"html-keyboard-response","71","458829","0.0-8.0-1.15","","","","","","","","","","","",""
"image-keyboard-response","72","459339","0.0-8.0-2.15","null","stimuli/noise_texture.png","null","","","","","","","","",""
"custom-labels-response","73","461550","0.0-8.0-3.15","2208","","panicked","","","","","tom-labels","","","F5","panicked"
"html-keyboard-response","74","462553","0.0-8.0-0.16","null","<span style=""font-size:40px;"">+</span>","null","","","","","","","","",""
"html-keyboard-response","75","468056","0.0-8.0-1.16","","","","","","","","","","","",""
"image-keyboard-response","76","468568","0.0-8.0-2.16","null","stimuli/noise_texture.png","null","","","","","","","","",""
"custom-labels-response","77","472813","0.0-8.0-3.16","4244.200000000186","","skeptical","","","","","tom-labels","","","F3","fearful"
"html-keyboard-response","78","473820","0.0-8.0-0.17","null","<span style=""font-size:40px;"">+</span>","null","","","","","","","","",""
"html-keyboard-response","79","479770","0.0-8.0-1.17","","","","","","","","","","","",""
"image-keyboard-response","80","480278","0.0-8.0-2.17","null","stimuli/noise_texture.png","null","","","","","","","","",""
"custom-labels-response","81","483038","0.0-8.0-3.17","2758.0999999998603","","enthused","","","","","tom-labels","","","F2","enthused"
"html-keyboard-response","82","484042","0.0-8.0-0.18","null","<span style=""font-size:40px;"">+</span>","null","","","","","","","","",""
"html-keyboard-response","83","489757","0.0-8.0-1.18","","","","","","","","","","","",""
"image-keyboard-response","84","490268","0.0-8.0-2.18","null","stimuli/noise_texture.png","null","","","","","","","","",""
"custom-labels-response","85","492325","0.0-8.0-3.18","2055.3000000000466","","suspicious","","","","","tom-labels","","","F6","suspicious"
"html-keyboard-response","86","493339","0.0-8.0-0.19","null","<span style=""font-size:40px;"">+</span>","null","","","","","","","","",""
"html-keyboard-response","87","500565","0.0-8.0-1.19","","","","","","","","","","","",""
"image-keyboard-response","88","501079","0.0-8.0-2.19","null","stimuli/noise_texture.png","null","","","","","","","","",""
"custom-labels-response","89","503173","0.0-8.0-3.19","2093.1999999999534","","puzzled","","","","","tom-labels","","","M6","puzzled"
"html-keyboard-response","90","504177","0.0-8.0-0.20","null","<span style=""font-size:40px;"">+</span>","null","","","","","","","","",""
"html-keyboard-response","91","510972","0.0-8.0-1.20","","","","","","","","","","","",""
"image-keyboard-response","92","511477","0.0-8.0-2.20","null","stimuli/noise_texture.png","null","","","","","","","","",""
"custom-labels-response","93","515285","0.0-8.0-3.20","3806.399999999907","","skeptical","","","","","tom-labels","","","F5","skeptical"
"html-keyboard-response","94","516294","0.0-8.0-0.21","null","<span style=""font-size:40px;"">+</span>","null","","","","","","","","",""
"html-keyboard-response","95","522971","0.0-8.0-1.21","","","","","","","","","","","",""
"image-keyboard-response","96","523485","0.0-8.0-2.21","null","stimuli/noise_texture.png","null","","","","","","","","",""
"custom-labels-response","97","530021","0.0-8.0-3.21","6534.699999999953","","incredulous","","","","","tom-labels","","","M6","serious"
"html-keyboard-response","98","531035","0.0-8.0-0.22","null","<span style=""font-size:40px;"">+</span>","null","","","","","","","","",""
"html-keyboard-response","99","537295","0.0-8.0-1.22","","","","","","","","","","","",""
"image-keyboard-response","100","537801","0.0-8.0-2.22","null","stimuli/noise_texture.png","null","","","","","","","","",""
"custom-labels-response","101","540429","0.0-8.0-3.22","2626.399999999907","","enthused","","","","","tom-labels","","","M5","enthused"
"html-keyboard-response","102","541434","0.0-8.0-0.23","null","<span style=""font-size:40px;"">+</span>","null","","","","","","","","",""
"html-keyboard-response","103","548614","0.0-8.0-1.23","","","","","","","","","","","",""
"image-keyboard-response","104","549130","0.0-8.0-2.23","null","stimuli/noise_texture.png","null","","","","","","","","",""
"custom-labels-response","105","551797","0.0-8.0-3.23","2665","","baffled","","","","","tom-labels","","","M4","baffled"
"html-keyboard-response","106","552802","0.0-8.0-0.24","null","<span style=""font-size:40px;"">+</span>","null","","","","","","","","",""
"html-keyboard-response","107","557605","0.0-8.0-1.24","","","","","","","","","","","",""
"image-keyboard-response","108","558119","0.0-8.0-2.24","null","stimuli/noise_texture.png","null","","","","","","","","",""
"custom-labels-response","109","560357","0.0-8.0-3.24","2236.8000000000466","","ashamed","","","","","tom-labels","","","F3","ashamed"
"html-keyboard-response","110","561365","0.0-8.0-0.25","null","<span style=""font-size:40px;"">+</span>","null","","","","","","","","",""
"html-keyboard-response","111","567064","0.0-8.0-1.25","","","","","","","","","","","",""
"image-keyboard-response","112","567579","0.0-8.0-2.25","null","stimuli/noise_texture.png","null","","","","","","","","",""
"custom-labels-response","113","570037","0.0-8.0-3.25","2455.8000000000466","","contemplative","","","","","tom-labels","","","M4","concerned"
"html-keyboard-response","114","571038","0.0-8.0-0.26","null","<span style=""font-size:40px;"">+</span>","null","","","","","","","","",""
"html-keyboard-response","115","577302","0.0-8.0-1.26","","","","","","","","","","","",""
"image-keyboard-response","116","577809","0.0-8.0-2.26","null","stimuli/noise_texture.png","null","","","","","","","","",""
"custom-labels-response","117","580301","0.0-8.0-3.26","2489.8000000000466","","amused","","","","","tom-labels","","","M1","amused"
"html-keyboard-response","118","581305","0.0-8.0-0.27","null","<span style=""font-size:40px;"">+</span>","null","","","","","","","","",""
"html-keyboard-response","119","587353","0.0-8.0-1.27","","","","","","","","","","","",""
"image-keyboard-response","120","587865","0.0-8.0-2.27","null","stimuli/noise_texture.png","null","","","","","","","","",""
"custom-labels-response","121","590053","0.0-8.0-3.27","2185.6999999999534","","skeptical","","","","","tom-labels","","","M4","skeptical"
"html-keyboard-response","122","591058","0.0-8.0-0.28","null","<span style=""font-size:40px;"">+</span>","null","","","","","","","","",""
"html-keyboard-response","123","595501","0.0-8.0-1.28","","","","","","","","","","","",""
"image-keyboard-response","124","596008","0.0-8.0-2.28","null","stimuli/noise_texture.png","null","","","","","","","","",""
"custom-labels-response","125","600140","0.0-8.0-3.28","4131","","defiant","","","","","tom-labels","","","M1","relaxed"
"html-keyboard-response","126","601151","0.0-8.0-0.29","null","<span style=""font-size:40px;"">+</span>","null","","","","","","","","",""
"html-keyboard-response","127","607436","0.0-8.0-1.29","","","","","","","","","","","",""
"image-keyboard-response","128","607945","0.0-8.0-2.29","null","stimuli/noise_texture.png","null","","","","","","","","",""
"custom-labels-response","129","611308","0.0-8.0-3.29","3361.6999999999534","","insulting","","","","","tom-labels","","","M2","insulting"
"html-keyboard-response","130","612313","0.0-8.0-0.30","null","<span style=""font-size:40px;"">+</span>","null","","","","","","","","",""
"html-keyboard-response","131","630360","0.0-8.0-1.30","","","","","","","","","","","",""
"image-keyboard-response","132","630874","0.0-8.0-2.30","null","stimuli/noise_texture.png","null","","","","","","","","",""
"custom-labels-response","133","633004","0.0-8.0-3.30","2128.8000000000466","","baffled","","","","","tom-labels","","","F2","baffled"
"html-keyboard-response","134","634012","0.0-8.0-0.31","null","<span style=""font-size:40px;"">+</span>","null","","","","","","","","",""
"html-keyboard-response","135","641524","0.0-8.0-1.31","","","","","","","","","","","",""
"image-keyboard-response","136","642036","0.0-8.0-2.31","null","stimuli/noise_texture.png","null","","","","","","","","",""
"custom-labels-response","137","645796","0.0-8.0-3.31","3758.899999999907","","bewildered","","","","","tom-labels","","","F3","earnest"
"html-keyboard-response","138","646798","0.0-8.0-0.32","null","<span style=""font-size:40px;"">+</span>","null","","","","","","","","",""
"html-keyboard-response","139","652829","0.0-8.0-1.32","","","","","","","","","","","",""
"image-keyboard-response","140","653337","0.0-8.0-2.32","null","stimuli/noise_texture.png","null","","","","","","","","",""
"custom-labels-response","141","656252","0.0-8.0-3.32","2913.1999999999534","","anxious","","","","","tom-labels","","","M4","anxious"
"html-keyboard-response","142","657256","0.0-8.0-0.33","null","<span style=""font-size:40px;"">+</span>","null","","","","","","","","",""
"html-keyboard-response","143","666309","0.0-8.0-1.33","","","","","","","","","","","",""
"image-keyboard-response","144","666827","0.0-8.0-2.33","null","stimuli/noise_texture.png","null","","","","","","","","",""
"custom-labels-response","145","672620","0.0-8.0-3.33","5791.40000000014","","desire","","","","","tom-labels","","","M2","desire"
"html-keyboard-response","146","673622","0.0-8.0-0.34","null","<span style=""font-size:40px;"">+</span>","null","","","","","","","","",""
"html-keyboard-response","147","683926","0.0-8.0-1.34","","","","","","","","","","","",""
"image-keyboard-response","148","684428","0.0-8.0-2.34","null","stimuli/noise_texture.png","null","","","","","","","","",""
"custom-labels-response","149","687268","0.0-8.0-3.34","2838.3000000000466","","defiant","","","","","tom-labels","","","M2","defiant"
"html-keyboard-response","150","688271","0.0-8.0-0.35","null","<span style=""font-size:40px;"">+</span>","null","","","","","","","","",""
"html-keyboard-response","151","693288","0.0-8.0-1.35","","","","","","","","","","","",""
"image-keyboard-response","152","693791","0.0-8.0-2.35","null","stimuli/noise_texture.png","null","","","","","","","","",""
"custom-labels-response","153","695484","0.0-8.0-3.35","1691.1000000000931","","hateful","","","","","tom-labels","","","F2","hateful"
"html-keyboard-response","154","696496","0.0-8.0-0.36","null","<span style=""font-size:40px;"">+</span>","null","","","","","","","","",""
"html-keyboard-response","155","701824","0.0-8.0-1.36","","","","","","","","","","","",""
"image-keyboard-response","156","702330","0.0-8.0-2.36","null","stimuli/noise_texture.png","null","","","","","","","","",""
"custom-labels-response","157","707988","0.0-8.0-3.36","5655.5","","comforting","","","","","tom-labels","","","M5","comforting"
"html-keyboard-response","158","708997","0.0-8.0-0.37","null","<span style=""font-size:40px;"">+</span>","null","","","","","","","","",""
"html-keyboard-response","159","714666","0.0-8.0-1.37","","","","","","","","","","","",""
"image-keyboard-response","160","715174","0.0-8.0-2.37","null","stimuli/noise_texture.png","null","","","","","","","","",""
"custom-labels-response","161","718852","0.0-8.0-3.37","3676","","perplexed","","","","","tom-labels","","","M6","irritated"
"html-keyboard-response","162","719862","0.0-8.0-0.38","null","<span style=""font-size:40px;"">+</span>","null","","","","","","","","",""
"html-keyboard-response","163","725868","0.0-8.0-1.38","","","","","","","","","","","",""
"image-keyboard-response","164","726373","0.0-8.0-2.38","null","stimuli/noise_texture.png","null","","","","","","","","",""
"custom-labels-response","165","729323","0.0-8.0-3.38","2948.8000000000466","","playful","","","","","tom-labels","","","M4","fantasizing"
"html-keyboard-response","166","730335","0.0-8.0-0.39","null","<span style=""font-size:40px;"">+</span>","null","","","","","","","","",""
"html-keyboard-response","167","735771","0.0-8.0-1.39","","","","","","","","","","","",""
"image-keyboard-response","168","736281","0.0-8.0-2.39","null","stimuli/noise_texture.png","null","","","","","","","","",""
"custom-labels-response","169","739131","0.0-8.0-3.39","2849","","distrustful","","","","","tom-labels","","","F3","distrustful"
"html-keyboard-response","170","740134","0.0-9.0-0.0","null","<span style=""font-size:40px;"">+</span>","null","","","","","","","","",""
"html-keyboard-response","171","745226","0.0-9.0-1.0","","","","","","","","","","","",""
"image-keyboard-response","172","745738","0.0-9.0-2.0","null","stimuli/noise_texture.png","null","","","","","","","","",""
"custom-labels-response","173","751579","0.0-9.0-3.0","5839.800000000047","","click","","","","","attention-check","","","M5","hostile"
"html-keyboard-response","174","752590","0.0-11.0-0.0","null","<span style=""font-size:40px;"">+</span>","null","","","","","","","","",""
"html-keyboard-response","175","769212","0.0-11.0-1.0","","","","","","","","","","","",""
"image-keyboard-response","176","769717","0.0-11.0-2.0","null","stimuli/noise_texture.png","null","","","","","","","","",""
"custom-labels-response","177","774203","0.0-11.0-3.0","4484.399999999907","","disappointed","","","","","tom-labels","","","M6","convinced"
"html-keyboard-response","178","775220","0.0-11.0-0.1","null","<span style=""font-size:40px;"">+</span>","null","","","","","","","","",""
"html-keyboard-response","179","781149","0.0-11.0-1.1","","","","","","","","","","","",""
"image-keyboard-response","180","781657","0.0-11.0-2.1","null","stimuli/noise_texture.png","null","","","","","","","","",""
"custom-labels-response","181","784299","0.0-11.0-3.1","2640.1999999999534","","affectionate","","","","","tom-labels","","","F4","affectionate"
"html-keyboard-response","182","785300","0.0-11.0-0.2","null","<span style=""font-size:40px;"">+</span>","null","","","","","","","","",""
"html-keyboard-response","183","791731","0.0-11.0-1.2","","","","","","","","","","","",""
"image-keyboard-response","184","792236","0.0-11.0-2.2","null","stimuli/noise_texture.png","null","","","","","","","","",""
"custom-labels-response","185","795787","0.0-11.0-3.2","3549.6999999999534","","anxious","","","","","tom-labels","","","F7","anxious"
"html-keyboard-response","186","796791","0.0-11.0-0.3","null","<span style=""font-size:40px;"">+</span>","null","","","","","","","","",""
"html-keyboard-response","187","806088","0.0-11.0-1.3","","","","","","","","","","","",""
"image-keyboard-response","188","806601","0.0-11.0-2.3","null","stimuli/noise_texture.png","null","","","","","","","","",""
"custom-labels-response","189","809035","0.0-11.0-3.3","2432.600000000093","","terrified","","","","","tom-labels","","","M5","terrified"
"html-keyboard-response","190","810037","0.0-11.0-0.4","null","<span style=""font-size:40px;"">+</span>","null","","","","","","","","",""
"html-keyboard-response","191","818276","0.0-11.0-1.4","","","","","","","","","","","",""
"image-keyboard-response","192","818792","0.0-11.0-2.4","null","stimuli/noise_texture.png","null","","","","","","","","",""
"custom-labels-response","193","821595","0.0-11.0-3.4","2801.5999999998603","","terrified","","","","","tom-labels","","","F6","terrified"
"html-keyboard-response","194","822611","0.0-11.0-0.5","null","<span style=""font-size:40px;"">+</span>","null","","","","","","","","",""
"html-keyboard-response","195","828858","0.0-11.0-1.5","","","","","","","","","","","",""
"image-keyboard-response","196","829371","0.0-11.0-2.5","null","stimuli/noise_texture.png","null","","","","","","","","",""
"custom-labels-response","197","833579","0.0-11.0-3.5","4205.5","","encouraging","","","","","tom-labels","","","F5","encouraging"
"html-keyboard-response","198","834595","0.0-11.0-0.6","null","<span style=""font-size:40px;"">+</span>","null","","","","","","","","",""
"html-keyboard-response","199","840476","0.0-11.0-1.6","","","","","","","","","","","",""
"image-keyboard-response","200","840985","0.0-11.0-2.6","null","stimuli/noise_texture.png","null","","","","","","","","",""
"custom-labels-response","201","845779","0.0-11.0-3.6","4792.09999999986","","intrigued","","","","","tom-labels","","","F2","despondent"
"html-keyboard-response","202","846794","0.0-11.0-0.7","null","<span style=""font-size:40px;"">+</span>","null","","","","","","","","",""
"html-keyboard-response","203","852280","0.0-11.0-1.7","","","","","","","","","","","",""
"image-keyboard-response","204","852795","0.0-11.0-2.7","null","stimuli/noise_texture.png","null","","","","","","","","",""
"custom-labels-response","205","856547","0.0-11.0-3.7","3749.6999999999534","","tentative","","","","","tom-labels","","","F3","preoccupied"
"html-keyboard-response","206","857553","0.0-11.0-0.8","null","<span style=""font-size:40px;"">+</span>","null","","","","","","","","",""
"html-keyboard-response","207","863781","0.0-11.0-1.8","","","","","","","","","","","",""
"image-keyboard-response","208","864289","0.0-11.0-2.8","null","stimuli/noise_texture.png","null","","","","","","","","",""
"custom-labels-response","209","865746","0.0-11.0-3.8","1455.5999999998603","","thoughtful","","","","","tom-labels","","","M2","thoughtful"
"html-keyboard-response","210","866748","0.0-11.0-0.9","null","<span style=""font-size:40px;"">+</span>","null","","","","","","","","",""
"html-keyboard-response","211","873034","0.0-11.0-1.9","","","","","","","","","","","",""
"image-keyboard-response","212","873551","0.0-11.0-2.9","null","stimuli/noise_texture.png","null","","","","","","","","",""
"custom-labels-response","213","876850","0.0-11.0-3.9","3297.600000000093","","contented","","","","","tom-labels","","","F7","contented"
"html-keyboard-response","214","877859","0.0-11.0-0.10","null","<span style=""font-size:40px;"">+</span>","null","","","","","","","","",""
"html-keyboard-response","215","883601","0.0-11.0-1.10","","","","","","","","","","","",""
"image-keyboard-response","216","884111","0.0-11.0-2.10","null","stimuli/noise_texture.png","null","","","","","","","","",""
"custom-labels-response","217","886970","0.0-11.0-3.10","2856.899999999907","","impatient","","","","","tom-labels","","","M3","impatient"
"html-keyboard-response","218","887974","0.0-11.0-0.11","null","<span style=""font-size:40px;"">+</span>","null","","","","","","","","",""
"html-keyboard-response","219","893611","0.0-11.0-1.11","","","","","","","","","","","",""
"image-keyboard-response","220","894115","0.0-11.0-2.11","null","stimuli/noise_texture.png","null","","","","","","","","",""
"custom-labels-response","221","896794","0.0-11.0-3.11","2677.1999999999534","","flirtatious","","","","","tom-labels","","","M2","flirtatious"
"html-keyboard-response","222","897798","0.0-11.0-0.12","null","<span style=""font-size:40px;"">+</span>","null","","","","","","","","",""
"html-keyboard-response","223","903905","0.0-11.0-1.12","","","","","","","","","","","",""
"image-keyboard-response","224","904416","0.0-11.0-2.12","null","stimuli/noise_texture.png","null","","","","","","","","",""
"custom-labels-response","225","907658","0.0-11.0-3.12","3240.0999999998603","","comforting","","","","","tom-labels","","","F6","comforting"
"html-keyboard-response","226","908674","0.0-11.0-0.13","null","<span style=""font-size:40px;"">+</span>","null","","","","","","","","",""
"html-keyboard-response","227","914522","0.0-11.0-1.13","","","","","","","","","","","",""
"image-keyboard-response","228","915039","0.0-11.0-2.13","null","stimuli/noise_texture.png","null","","","","","","","","",""
"custom-labels-response","229","917770","0.0-11.0-3.13","2728.5999999998603","","amused","","","","","tom-labels","","","F5","amused"
"html-keyboard-response","230","918780","0.0-11.0-0.14","null","<span style=""font-size:40px;"">+</span>","null","","","","","","","","",""
"html-keyboard-response","231","924255","0.0-11.0-1.14","","","","","","","","","","","",""
"image-keyboard-response","232","924766","0.0-11.0-2.14","null","stimuli/noise_texture.png","null","","","","","","","","",""
"custom-labels-response","233","927330","0.0-11.0-3.14","2561.8000000000466","","worried","","","","","tom-labels","","","F8","horrified"
"html-keyboard-response","234","928346","0.0-11.0-0.15","null","<span style=""font-size:40px;"">+</span>","null","","","","","","","","",""
"html-keyboard-response","235","933539","0.0-11.0-1.15","","","","","","","","","","","",""
"image-keyboard-response","236","934041","0.0-11.0-2.15","null","stimuli/noise_texture.png","null","","","","","","","","",""
"custom-labels-response","237","936810","0.0-11.0-3.15","2766.5","","friendly","","","","","tom-labels","","","M5","friendly"
"html-keyboard-response","238","937821","0.0-11.0-0.16","null","<span style=""font-size:40px;"">+</span>","null","","","","","","","","",""
"html-keyboard-response","239","942835","0.0-11.0-1.16","","","","","","","","","","","",""
"image-keyboard-response","240","943351","0.0-11.0-2.16","null","stimuli/noise_texture.png","null","","","","","","","","",""
"custom-labels-response","241","946250","0.0-11.0-3.16","2896.899999999907","","ashamed","","","","","tom-labels","","","M1","ashamed"
"html-keyboard-response","242","947263","0.0-11.0-0.17","null","<span style=""font-size:40px;"">+</span>","null","","","","","","","","",""
"html-keyboard-response","243","953496","0.0-11.0-1.17","","","","","","","","","","","",""
"image-keyboard-response","244","954011","0.0-11.0-2.17","null","stimuli/noise_texture.png","null","","","","","","","","",""
"custom-labels-response","245","956305","0.0-11.0-3.17","2291.899999999907","","intrigued","","","","","tom-labels","","","M4","intrigued"
"html-keyboard-response","246","957310","0.0-11.0-0.18","null","<span style=""font-size:40px;"">+</span>","null","","","","","","","","",""
"html-keyboard-response","247","971902","0.0-11.0-1.18","","","","","","","","","","","",""
"image-keyboard-response","248","972416","0.0-11.0-2.18","null","stimuli/noise_texture.png","null","","","","","","","","",""
"custom-labels-response","249","975865","0.0-11.0-3.18","3446.7999999998137","","confident","","","","","tom-labels","","","M4","affectionate"
"html-keyboard-response","250","976868","0.0-11.0-0.19","null","<span style=""font-size:40px;"">+</span>","null","","","","","","","","",""
"html-keyboard-response","251","982919","0.0-11.0-1.19","","","","","","","","","","","",""
"image-keyboard-response","252","983425","0.0-11.0-2.19","null","stimuli/noise_texture.png","null","","","","","","","","",""
"custom-labels-response","253","988601","0.0-11.0-3.19","5174.199999999953","","reassuring","","","","","tom-labels","","","M4","reassuring"
"html-keyboard-response","254","989603","0.0-11.0-0.20","null","<span style=""font-size:40px;"">+</span>","null","","","","","","","","",""
"html-keyboard-response","255","994647","0.0-11.0-1.20","","","","","","","","","","","",""
"image-keyboard-response","256","995154","0.0-11.0-2.20","null","stimuli/noise_texture.png","null","","","","","","","","",""
"custom-labels-response","257","997921","0.0-11.0-3.20","2765.600000000093","","annoyed","","","","","tom-labels","","","F2","annoyed"
"html-keyboard-response","258","998933","0.0-11.0-0.21","null","<span style=""font-size:40px;"">+</span>","null","","","","","","","","",""
"html-keyboard-response","259","1003810","0.0-11.0-1.21","","","","","","","","","","","",""
"image-keyboard-response","260","1004312","0.0-11.0-2.21","null","stimuli/noise_texture.png","null","","","","","","","","",""
"custom-labels-response","261","1006521","0.0-11.0-3.21","2207.1999999999534","","dominant","","","","","tom-labels","","","M1","dominant"
"html-button-response","262","1128016","0.0-12.0","121493.79999999993","You have completed the first part of the experiment.<br> Please take a five-minute break before moving on to the next trial.<p> Feel free to walk around the room and stretch. However, please make sure to return to the task<br> within 5 minutes, as extended delays may result in automatic withdrawal from the study.<br>Press <b>Continue</b> to proceed with the experiment.<p><span id=""clock"">5:00</span>","0","","","","","","","","",""
"instructions","263","1195064","0.0-13.0","67046.30000000028","","","","","","","","","[{""page_index"":0,""viewing_time"":9070.200000000186},{""page_index"":1,""viewing_time"":55071.60000000009},{""page_index"":2,""viewing_time"":2904.100000000093}]","",""
"html-keyboard-response","264","1196069","0.0-14.0-0.0","null","<span style=""font-size:40px;"">+</span>","null","","","","","","","","",""
"html-keyboard-response","265","1204573","0.0-14.0-1.0","","","","","","","","","","","",""
"image-keyboard-response","266","1205083","0.0-14.0-2.0","null","stimuli/noise_texture.png","null","","","","","","","","",""
"custom-labels-response","267","1207808","0.0-14.0-3.0","2722.4000000003725","","flirtatious","","","","","tom-labels","","","F6","flirtatious"
"html-keyboard-response","268","1208823","0.0-14.0-0.1","null","<span style=""font-size:40px;"">+</span>","null","","","","","","","","",""
"html-keyboard-response","269","1215662","0.0-14.0-1.1","","","","","","","","","","","",""
"image-keyboard-response","270","1216173","0.0-14.0-2.1","null","stimuli/noise_texture.png","null","","","","","","","","",""
"custom-labels-response","271","1218432","0.0-14.0-3.1","2257.3000000002794","","perplexed","","","","","tom-labels","","","F5","perplexed"
"html-keyboard-response","272","1219445","0.0-14.0-0.2","null","<span style=""font-size:40px;"">+</span>","null","","","","","","","","",""
"html-keyboard-response","273","1224483","0.0-14.0-1.2","","","","","","","","","","","",""
"image-keyboard-response","274","1224997","0.0-14.0-2.2","null","stimuli/noise_texture.png","null","","","","","","","","",""
"custom-labels-response","275","1228176","0.0-14.0-3.2","3177.100000000093","","cautious","","","","","tom-labels","","","F8","cautious"
"html-keyboard-response","276","1229188","0.0-14.0-0.3","null","<span style=""font-size:40px;"">+</span>","null","","","","","","","","",""
"html-keyboard-response","277","1235207","0.0-14.0-1.3","","","","","","","","","","","",""
"image-keyboard-response","278","1235709","0.0-14.0-2.3","null","stimuli/noise_texture.png","null","","","","","","","","",""
"custom-labels-response","279","1241984","0.0-14.0-3.3","6273.399999999907","","imploring","","","","","tom-labels","","","F4","imploring"
"html-keyboard-response","280","1242994","0.0-14.0-0.4","null","<span style=""font-size:40px;"">+</span>","null","","","","","","","","",""
"html-keyboard-response","281","1248053","0.0-14.0-1.4","","","","","","","","","","","",""
"image-keyboard-response","282","1248558","0.0-14.0-2.4","null","stimuli/noise_texture.png","null","","","","","","","","",""
"custom-labels-response","283","1254768","0.0-14.0-3.4","6207.899999999907","","stern","","","","","tom-labels","","","F8","confused"
"html-keyboard-response","284","1255775","0.0-14.0-0.5","null","<span style=""font-size:40px;"">+</span>","null","","","","","","","","",""
"html-keyboard-response","285","1261449","0.0-14.0-1.5","","","","","","","","","","","",""
"image-keyboard-response","286","1261951","0.0-14.0-2.5","null","stimuli/noise_texture.png","null","","","","","","","","",""
"custom-labels-response","287","1264887","0.0-14.0-3.5","2934.2999999998137","","convinced","","","","","tom-labels","","","F4","convinced"
"html-keyboard-response","288","1265896","0.0-14.0-0.6","null","<span style=""font-size:40px;"">+</span>","null","","","","","","","","",""
"html-keyboard-response","289","1271510","0.0-14.0-1.6","","","","","","","","","","","",""
"image-keyboard-response","290","1272027","0.0-14.0-2.6","null","stimuli/noise_texture.png","null","","","","","","","","",""
"custom-labels-response","291","1277383","0.0-14.0-3.6","5354.4000000003725","","dispirited","","","","","tom-labels","","","M1","dispirited"
"html-keyboard-response","292","1278389","0.0-14.0-0.7","null","<span style=""font-size:40px;"">+</span>","null","","","","","","","","",""
"html-keyboard-response","293","1284192","0.0-14.0-1.7","","","","","","","","","","","",""
"image-keyboard-response","294","1284693","0.0-14.0-2.7","null","stimuli/noise_texture.png","null","","","","","","","","",""
"custom-labels-response","295","1288607","0.0-14.0-3.7","3911.899999999907","","indecisive","","","","","tom-labels","","","M6","indecisive"
"html-keyboard-response","296","1289618","0.0-14.0-0.8","null","<span style=""font-size:40px;"">+</span>","null","","","","","","","","",""
"html-keyboard-response","297","1294744","0.0-14.0-1.8","","","","","","","","","","","",""
"image-keyboard-response","298","1295251","0.0-14.0-2.8","null","stimuli/noise_texture.png","null","","","","","","","","",""
"custom-labels-response","299","1297303","0.0-14.0-3.8","2049.600000000093","","incredulous","","","","","tom-labels","","","M1","incredulous"
"html-keyboard-response","300","1298311","0.0-14.0-0.9","null","<span style=""font-size:40px;"">+</span>","null","","","","","","","","",""
"html-keyboard-response","301","1303105","0.0-14.0-1.9","","","","","","","","","","","",""
"image-keyboard-response","302","1303609","0.0-14.0-2.9","null","stimuli/noise_texture.png","null","","","","","","","","",""
"custom-labels-response","303","1306400","0.0-14.0-3.9","2788.899999999907","","disappointed","","","","","tom-labels","","","M1","disappointed"
"html-keyboard-response","304","1307408","0.0-14.0-0.10","null","<span style=""font-size:40px;"">+</span>","null","","","","","","","","",""
"html-keyboard-response","305","1312365","0.0-14.0-1.10","","","","","","","","","","","",""
"image-keyboard-response","306","1312871","0.0-14.0-2.10","null","stimuli/noise_texture.png","null","","","","","","","","",""
"custom-labels-response","307","1316007","0.0-14.0-3.10","3133.5","","indecisive","","","","","tom-labels","","","F3","indecisive"
"html-keyboard-response","308","1317021","0.0-14.0-0.11","null","<span style=""font-size:40px;"">+</span>","null","","","","","","","","",""
"html-keyboard-response","309","1321943","0.0-14.0-1.11","","","","","","","","","","","",""
"image-keyboard-response","310","1322444","0.0-14.0-2.11","null","stimuli/noise_texture.png","null","","","","","","","","",""
"custom-labels-response","311","1326607","0.0-14.0-3.11","4160.800000000279","","pensive","","","","","tom-labels","","","F3","pensive"
"html-keyboard-response","312","1327613","0.0-14.0-0.12","null","<span style=""font-size:40px;"">+</span>","null","","","","","","","","",""
"html-keyboard-response","313","1333264","0.0-14.0-1.12","","","","","","","","","","","",""
"image-keyboard-response","314","1333773","0.0-14.0-2.12","null","stimuli/noise_texture.png","null","","","","","","","","",""
"custom-labels-response","315","1337847","0.0-14.0-3.12","4072.7999999998137","","contented","","","","","tom-labels","","","M5","contented"
"html-keyboard-response","316","1338850","0.0-14.0-0.13","null","<span style=""font-size:40px;"">+</span>","null","","","","","","","","",""
"html-keyboard-response","317","1345279","0.0-14.0-1.13","","","","","","","","","","","",""
"image-keyboard-response","318","1345788","0.0-14.0-2.13","null","stimuli/noise_texture.png","null","","","","","","","","",""
"custom-labels-response","319","1347767","0.0-14.0-3.13","1977.3000000002794","","distrustful","","","","","tom-labels","","","M2","distrustful"
"html-keyboard-response","320","1348775","0.0-14.0-0.14","null","<span style=""font-size:40px;"">+</span>","null","","","","","","","","",""
"html-keyboard-response","321","1353762","0.0-14.0-1.14","","","","","","","","","","","",""
"image-keyboard-response","322","1354275","0.0-14.0-2.14","null","stimuli/noise_texture.png","null","","","","","","","","",""
"custom-labels-response","323","1359183","0.0-14.0-3.14","4906.600000000093","","desire","","","","","tom-labels","","","F8","desire"
"html-keyboard-response","324","1360190","0.0-14.0-0.15","null","<span style=""font-size:40px;"">+</span>","null","","","","","","","","",""
"html-keyboard-response","325","1366625","0.0-14.0-1.15","","","","","","","","","","","",""
"image-keyboard-response","326","1367138","0.0-14.0-2.15","null","stimuli/noise_texture.png","null","","","","","","","","",""
"custom-labels-response","327","1371911","0.0-14.0-3.15","4771.100000000093","","alarmed","","","","","tom-labels","","","M2","alarmed"
"html-keyboard-response","328","1372927","0.0-14.0-0.16","null","<span style=""font-size:40px;"">+</span>","null","","","","","","","","",""
"html-keyboard-response","329","1378360","0.0-14.0-1.16","","","","","","","","","","","",""
"image-keyboard-response","330","1378868","0.0-14.0-2.16","null","stimuli/noise_texture.png","null","","","","","","","","",""
"custom-labels-response","331","1381671","0.0-14.0-3.16","2801.5","","sarcastic","","","","","tom-labels","","","F3","sarcastic"
"html-keyboard-response","332","1382681","0.0-14.0-0.17","null","<span style=""font-size:40px;"">+</span>","null","","","","","","","","",""
"html-keyboard-response","333","1388679","0.0-14.0-1.17","","","","","","","","","","","",""
"image-keyboard-response","334","1389193","0.0-14.0-2.17","null","stimuli/noise_texture.png","null","","","","","","","","",""
"custom-labels-response","335","1392175","0.0-14.0-3.17","2979.6999999997206","","playful","","","","","tom-labels","","","F2","playful"
"html-keyboard-response","336","1393177","0.0-14.0-0.18","null","<span style=""font-size:40px;"">+</span>","null","","","","","","","","",""
"html-keyboard-response","337","1398785","0.0-14.0-1.18","","","","","","","","","","","",""
"image-keyboard-response","338","1399288","0.0-14.0-2.18","null","stimuli/noise_texture.png","null","","","","","","","","",""
"custom-labels-response","339","1402270","0.0-14.0-3.18","2979.7000000001863","","pensive","","","","","tom-labels","","","M4","flustered"
"html-keyboard-response","340","1403281","0.0-14.0-0.19","null","<span style=""font-size:40px;"">+</span>","null","","","","","","","","",""
"html-keyboard-response","341","1409708","0.0-14.0-1.19","","","","","","","","","","","",""
"image-keyboard-response","342","1410218","0.0-14.0-2.19","null","stimuli/noise_texture.png","null","","","","","","","","",""
"custom-labels-response","343","1416030","0.0-14.0-3.19","5810.899999999907","","offended","","","","","tom-labels","","","M4","tentative"
"html-keyboard-response","344","1417040","0.0-14.0-0.20","null","<span style=""font-size:40px;"">+</span>","null","","","","","","","","",""
"html-keyboard-response","345","1423010","0.0-14.0-1.20","","","","","","","","","","","",""
"image-keyboard-response","346","1423527","0.0-14.0-2.20","null","stimuli/noise_texture.png","null","","","","","","","","",""
"custom-labels-response","347","1426086","0.0-14.0-3.20","2557.7999999998137","","joking","","","","","tom-labels","","","F5","joking"
"html-keyboard-response","348","1427102","0.0-14.0-0.21","null","<span style=""font-size:40px;"">+</span>","null","","","","","","","","",""
"html-keyboard-response","349","1432183","0.0-14.0-1.21","","","","","","","","","","","",""
"image-keyboard-response","350","1432687","0.0-14.0-2.21","null","stimuli/noise_texture.png","null","","","","","","","","",""
"custom-labels-response","351","1435390","0.0-14.0-3.21","2701","","joking","","","","","tom-labels","","","M2","joking"
"html-keyboard-response","352","1436399","0.0-14.0-0.22","null","<span style=""font-size:40px;"">+</span>","null","","","","","","","","",""
"html-keyboard-response","353","1442524","0.0-14.0-1.22","","","","","","","","","","","",""
"image-keyboard-response","354","1443032","0.0-14.0-2.22","null","stimuli/noise_texture.png","null","","","","","","","","",""
"custom-labels-response","355","1445222","0.0-14.0-3.22","2188.6999999997206","","curious","","","","","tom-labels","","","M6","curious"
"html-keyboard-response","356","1446238","0.0-14.0-0.23","null","<span style=""font-size:40px;"">+</span>","null","","","","","","","","",""
"html-keyboard-response","357","1452041","0.0-14.0-1.23","","","","","","","","","","","",""
"image-keyboard-response","358","1452556","0.0-14.0-2.23","null","stimuli/noise_texture.png","null","","","","","","","","",""
"custom-labels-response","359","1455374","0.0-14.0-3.23","2816.600000000093","","earnest","","","","","tom-labels","","","F6","relieved"
"html-keyboard-response","360","1456387","0.0-14.0-0.24","null","<span style=""font-size:40px;"">+</span>","null","","","","","","","","",""
"html-keyboard-response","361","1462191","0.0-14.0-1.24","","","","","","","","","","","",""
"image-keyboard-response","362","1462701","0.0-14.0-2.24","null","stimuli/noise_texture.png","null","","","","","","","","",""
"custom-labels-response","363","1465758","0.0-14.0-3.24","3055.100000000093","","indifferent","","","","","tom-labels","","","M6","indifferent"
"html-keyboard-response","364","1466769","0.0-14.0-0.25","null","<span style=""font-size:40px;"">+</span>","null","","","","","","","","",""
"html-keyboard-response","365","1472177","0.0-14.0-1.25","","","","","","","","","","","",""
"image-keyboard-response","366","1472692","0.0-14.0-2.25","null","stimuli/noise_texture.png","null","","","","","","","","",""
"custom-labels-response","367","1476750","0.0-14.0-3.25","4055.7999999998137","","concerned","","","","","tom-labels","","","M5","embarrassed"
"html-keyboard-response","368","1477760","0.0-14.0-0.26","null","<span style=""font-size:40px;"">+</span>","null","","","","","","","","",""
"html-keyboard-response","369","1483401","0.0-14.0-1.26","","","","","","","","","","","",""
"image-keyboard-response","370","1483904","0.0-14.0-2.26","null","stimuli/noise_texture.png","null","","","","","","","","",""
"custom-labels-response","371","1488702","0.0-14.0-3.26","4795.5","","guilty","","","","","tom-labels","","","M4","worried"
"html-keyboard-response","372","1489718","0.0-14.0-0.27","null","<span style=""font-size:40px;"">+</span>","null","","","","","","","","",""
"html-keyboard-response","373","1494580","0.0-14.0-1.27","","","","","","","","","","","",""
"image-keyboard-response","374","1495082","0.0-14.0-2.27","null","stimuli/noise_texture.png","null","","","","","","","","",""
"custom-labels-response","375","1500133","0.0-14.0-3.27","5049.799999999814","","indifferent","","","","","tom-labels","","","F2","tentative"
"html-keyboard-response","376","1501136","0.0-14.0-0.28","null","<span style=""font-size:40px;"">+</span>","null","","","","","","","","",""
"html-keyboard-response","377","1507480","0.0-14.0-1.28","","","","","","","","","","","",""
"image-keyboard-response","378","1507994","0.0-14.0-2.28","null","stimuli/noise_texture.png","null","","","","","","","","",""
"custom-labels-response","379","1511230","0.0-14.0-3.28","3234.899999999907","","entertained","","","","","tom-labels","","","M2","entertained"
"html-keyboard-response","380","1512243","0.0-14.0-0.29","null","<span style=""font-size:40px;"">+</span>","null","","","","","","","","",""
"html-keyboard-response","381","1518294","0.0-14.0-1.29","","","","","","","","","","","",""
"image-keyboard-response","382","1518805","0.0-14.0-2.29","null","stimuli/noise_texture.png","null","","","","","","","","",""
"custom-labels-response","383","1523293","0.0-14.0-3.29","4486.5","","anticipating","","","","","tom-labels","","","M4","confused"
"html-keyboard-response","384","1524296","0.0-15.0-0.0","null","<span style=""font-size:40px;"">+</span>","null","","","","","","","","",""
"html-keyboard-response","385","1529308","0.0-15.0-1.0","","","","","","","","","","","",""
"image-keyboard-response","386","1529819","0.0-15.0-2.0","null","stimuli/noise_texture.png","null","","","","","","","","",""
"custom-labels-response","387","1532485","0.0-15.0-3.0","2663.899999999907","","click","","","","","attention-check","","","F2","baffled"
"html-keyboard-response","388","1533498","0.0-17.0-0.0","null","<span style=""font-size:40px;"">+</span>","null","","","","","","","","",""
"html-keyboard-response","389","1539542","0.0-17.0-1.0","","","","","","","","","","","",""
"image-keyboard-response","390","1540059","0.0-17.0-2.0","null","stimuli/noise_texture.png","null","","","","","","","","",""
"custom-labels-response","391","1542389","0.0-17.0-3.0","2328.1999999997206","","anticipating","","","","","tom-labels","","","F5","anticipating"
"html-keyboard-response","392","1543402","0.0-17.0-0.1","null","<span style=""font-size:40px;"">+</span>","null","","","","","","","","",""
"html-keyboard-response","393","1549384","0.0-17.0-1.1","","","","","","","","","","","",""
"image-keyboard-response","394","1549887","0.0-17.0-2.1","null","stimuli/noise_texture.png","null","","","","","","","","",""
"custom-labels-response","395","1554261","0.0-17.0-3.1","4372.5999999996275","","annoyed","","","","","tom-labels","","","M3","decisive"
"html-keyboard-response","396","1555266","0.0-17.0-0.2","null","<span style=""font-size:40px;"">+</span>","null","","","","","","","","",""
"html-keyboard-response","397","1560884","0.0-17.0-1.2","","","","","","","","","","","",""
"image-keyboard-response","398","1561396","0.0-17.0-2.2","null","stimuli/noise_texture.png","null","","","","","","","","",""
"custom-labels-response","399","1564149","0.0-17.0-3.2","2750.600000000093","","regretful","","","","","tom-labels","","","F3","regretful"
"html-keyboard-response","400","1565163","0.0-17.0-0.3","null","<span style=""font-size:40px;"">+</span>","null","","","","","","","","",""
"html-keyboard-response","401","1570169","0.0-17.0-1.3","","","","","","","","","","","",""
"image-keyboard-response","402","1570674","0.0-17.0-2.3","null","stimuli/noise_texture.png","null","","","","","","","","",""
"custom-labels-response","403","1573317","0.0-17.0-3.3","2640.7000000001863","","interested","","","","","tom-labels","","","F2","interested"
"html-keyboard-response","404","1574319","0.0-17.0-0.4","null","<span style=""font-size:40px;"">+</span>","null","","","","","","","","",""
"html-keyboard-response","405","1579539","0.0-17.0-1.4","","","","","","","","","","","",""
"image-keyboard-response","406","1580050","0.0-17.0-2.4","null","stimuli/noise_texture.png","null","","","","","","","","",""
"custom-labels-response","407","1582508","0.0-17.0-3.4","2457.2999999998137","","upset","","","","","tom-labels","","","F4","upset"
"html-keyboard-response","408","1583521","0.0-17.0-0.5","null","<span style=""font-size:40px;"">+</span>","null","","","","","","","","",""
"html-keyboard-response","409","1589466","0.0-17.0-1.5","","","","","","","","","","","",""
"image-keyboard-response","410","1589975","0.0-17.0-2.5","null","stimuli/noise_texture.png","null","","","","","","","","",""
"custom-labels-response","411","1592757","0.0-17.0-3.5","2779.600000000093","","dubious","","","","","tom-labels","","","F4","assertive"
"html-keyboard-response","412","1593771","0.0-17.0-0.6","null","<span style=""font-size:40px;"">+</span>","null","","","","","","","","",""
"html-keyboard-response","413","1598771","0.0-17.0-1.6","","","","","","","","","","","",""
"image-keyboard-response","414","1599284","0.0-17.0-2.6","null","stimuli/noise_texture.png","null","","","","","","","","",""
"custom-labels-response","415","1604572","0.0-17.0-3.6","5286.300000000279","","entertained","","","","","tom-labels","","","F3","entertained"
"html-keyboard-response","416","1605582","0.0-17.0-0.7","null","<span style=""font-size:40px;"">+</span>","null","","","","","","","","",""
"html-keyboard-response","417","1611414","0.0-17.0-1.7","","","","","","","","","","","",""
"image-keyboard-response","418","1611930","0.0-17.0-2.7","null","stimuli/noise_texture.png","null","","","","","","","","",""
"custom-labels-response","419","1614933","0.0-17.0-3.7","3001.600000000093","","sarcastic","","","","","tom-labels","","","M6","relieved"
"html-keyboard-response","420","1615946","0.0-17.0-0.8","null","<span style=""font-size:40px;"">+</span>","null","","","","","","","","",""
"html-keyboard-response","421","1621511","0.0-17.0-1.8","","","","","","","","","","","",""
"image-keyboard-response","422","1622023","0.0-17.0-2.8","null","stimuli/noise_texture.png","null","","","","","","","","",""
"custom-labels-response","423","1625316","0.0-17.0-3.8","3292","","friendly","","","","","tom-labels","","","F8","friendly"
"html-keyboard-response","424","1626318","0.0-17.0-0.9","null","<span style=""font-size:40px;"">+</span>","null","","","","","","","","",""
"html-keyboard-response","425","1631948","0.0-17.0-1.9","","","","","","","","","","","",""
"image-keyboard-response","426","1632451","0.0-17.0-2.9","null","stimuli/noise_texture.png","null","","","","","","","","",""
"custom-labels-response","427","1635372","0.0-17.0-3.9","2919.4000000003725","","offended","","","","","tom-labels","","","F3","offended"
"html-keyboard-response","428","1636379","0.0-17.0-0.10","null","<span style=""font-size:40px;"">+</span>","null","","","","","","","","",""
"html-keyboard-response","429","1642110","0.0-17.0-1.10","","","","","","","","","","","",""
"image-keyboard-response","430","1642614","0.0-17.0-2.10","null","stimuli/noise_texture.png","null","","","","","","","","",""
"custom-labels-response","431","1644956","0.0-17.0-3.10","2340.399999999907","","reassuring","","","","","tom-labels","","","F6","reassuring"
"html-keyboard-response","432","1645960","0.0-17.0-0.11","null","<span style=""font-size:40px;"">+</span>","null","","","","","","","","",""
"html-keyboard-response","433","1652146","0.0-17.0-1.11","","","","","","","","","","","",""
"image-keyboard-response","434","1652655","0.0-17.0-2.11","null","stimuli/noise_texture.png","null","","","","","","","","",""
"custom-labels-response","435","1655853","0.0-17.0-3.11","3196.5","","resentful","","","","","tom-labels","","","F5","resentful"
"html-keyboard-response","436","1656858","0.0-17.0-0.12","null","<span style=""font-size:40px;"">+</span>","null","","","","","","","","",""
"html-keyboard-response","437","1662448","0.0-17.0-1.12","","","","","","","","","","","",""
"image-keyboard-response","438","1662964","0.0-17.0-2.12","null","stimuli/noise_texture.png","null","","","","","","","","",""
"custom-labels-response","439","1666388","0.0-17.0-3.12","3422.8000000002794","","impatient","","","","","tom-labels","","","F4","impatient"
"html-keyboard-response","440","1667389","0.0-17.0-0.13","null","<span style=""font-size:40px;"">+</span>","null","","","","","","","","",""
"html-keyboard-response","441","1673379","0.0-17.0-1.13","","","","","","","","","","","",""
"image-keyboard-response","442","1673891","0.0-17.0-2.13","null","stimuli/noise_texture.png","null","","","","","","","","",""
"custom-labels-response","443","1677852","0.0-17.0-3.13","3959.7999999998137","","sarcastic","","","","","tom-labels","","","M1","sarcastic"
"html-keyboard-response","444","1678853","0.0-17.0-0.14","null","<span style=""font-size:40px;"">+</span>","null","","","","","","","","",""
"html-keyboard-response","445","1684495","0.0-17.0-1.14","","","","","","","","","","","",""
"image-keyboard-response","446","1685004","0.0-17.0-2.14","null","stimuli/noise_texture.png","null","","","","","","","","",""
"custom-labels-response","447","1689444","0.0-17.0-3.14","4438.100000000093","","insulting","","","","","tom-labels","","","F7","insulting"
"html-keyboard-response","448","1690460","0.0-17.0-0.15","null","<span style=""font-size:40px;"">+</span>","null","","","","","","","","",""
"html-keyboard-response","449","1695634","0.0-17.0-1.15","","","","","","","","","","","",""
"image-keyboard-response","450","1696149","0.0-17.0-2.15","null","stimuli/noise_texture.png","null","","","","","","","","",""
"custom-labels-response","451","1698091","0.0-17.0-3.15","1940.2000000001863","","arrogant","","","","","tom-labels","","","M1","arrogant"
"html-keyboard-response","452","1699106","0.0-17.0-0.16","null","<span style=""font-size:40px;"">+</span>","null","","","","","","","","",""
"html-keyboard-response","453","1704504","0.0-17.0-1.16","","","","","","","","","","","",""
"image-keyboard-response","454","1705007","0.0-17.0-2.16","null","stimuli/noise_texture.png","null","","","","","","","","",""
"custom-labels-response","455","1707683","0.0-17.0-3.16","2675.0999999996275","","doubtful","","","","","tom-labels","","","M2","doubtful"
"html-keyboard-response","456","1708691","0.0-17.0-0.17","null","<span style=""font-size:40px;"">+</span>","null","","","","","","","","",""
"html-keyboard-response","457","1714456","0.0-17.0-1.17","","","","","","","","","","","",""
"image-keyboard-response","458","1714960","0.0-17.0-2.17","null","stimuli/noise_texture.png","null","","","","","","","","",""
"custom-labels-response","459","1720571","0.0-17.0-3.17","5610","","reassuring","","","","","tom-labels","","","M3","grateful"
"html-keyboard-response","460","1721583","0.0-17.0-0.18","null","<span style=""font-size:40px;"">+</span>","null","","","","","","","","",""
"html-keyboard-response","461","1726735","0.0-17.0-1.18","","","","","","","","","","","",""
"image-keyboard-response","462","1727244","0.0-17.0-2.18","null","stimuli/noise_texture.png","null","","","","","","","","",""
"custom-labels-response","463","1729619","0.0-17.0-3.18","2373.5","","hopeful","","","","","tom-labels","","","F2","hopeful"
"html-keyboard-response","464","1730621","0.0-17.0-0.19","null","<span style=""font-size:40px;"">+</span>","null","","","","","","","","",""
"html-keyboard-response","465","1735560","0.0-17.0-1.19","","","","","","","","","","","",""
"image-keyboard-response","466","1736070","0.0-17.0-2.19","null","stimuli/noise_texture.png","null","","","","","","","","",""
"custom-labels-response","467","1737875","0.0-17.0-3.19","1801.8999999999069","","indifferent","","","","","tom-labels","","","F4","indifferent"
"html-keyboard-response","468","1738890","0.0-17.0-0.20","null","<span style=""font-size:40px;"">+</span>","null","","","","","","","","",""
"html-keyboard-response","469","1744726","0.0-17.0-1.20","","","","","","","","","","","",""
"image-keyboard-response","470","1745233","0.0-17.0-2.20","null","stimuli/noise_texture.png","null","","","","","","","","",""
"custom-labels-response","471","1747699","0.0-17.0-3.20","2465.100000000093","","eager","","","","","tom-labels","","","F5","eager"
"html-keyboard-response","472","1748712","0.0-17.0-0.21","null","<span style=""font-size:40px;"">+</span>","null","","","","","","","","",""
"html-keyboard-response","473","1754823","0.0-17.0-1.21","","","","","","","","","","","",""
"image-keyboard-response","474","1755339","0.0-17.0-2.21","null","stimuli/noise_texture.png","null","","","","","","","","",""
"custom-labels-response","475","1758419","0.0-17.0-3.21","3078.7999999998137","","disappointed","","","","","tom-labels","","","F5","thoughtful"
"html-keyboard-response","476","1759433","0.0-17.0-0.22","null","<span style=""font-size:40px;"">+</span>","null","","","","","","","","",""
"html-keyboard-response","477","1765481","0.0-17.0-1.22","","","","","","","","","","","",""
"image-keyboard-response","478","1765984","0.0-17.0-2.22","null","stimuli/noise_texture.png","null","","","","","","","","",""
"custom-labels-response","479","1768627","0.0-17.0-3.22","2641.600000000093","","satisfied","","","","","tom-labels","","","M6","satisfied"
"html-keyboard-response","480","1769632","0.0-17.0-0.23","null","<span style=""font-size:40px;"">+</span>","null","","","","","","","","",""
"html-keyboard-response","481","1775708","0.0-17.0-1.23","","","","","","","","","","","",""
"image-keyboard-response","482","1776210","0.0-17.0-2.23","null","stimuli/noise_texture.png","null","","","","","","","","",""
"custom-labels-response","483","1780395","0.0-17.0-3.23","4182.799999999814","","apologetic","","","","","tom-labels","","","F7","apologetic"
"html-keyboard-response","484","1781405","0.0-17.0-0.24","null","<span style=""font-size:40px;"">+</span>","null","","","","","","","","",""
"html-keyboard-response","485","1787315","0.0-17.0-1.24","","","","","","","","","","","",""
"image-keyboard-response","486","1787819","0.0-17.0-2.24","null","stimuli/noise_texture.png","null","","","","","","","","",""
"custom-labels-response","487","1792195","0.0-17.0-3.24","4374.200000000186","","dominant","","","","","tom-labels","","","F4","dominant"
"html-keyboard-response","488","1793200","0.0-17.0-0.25","null","<span style=""font-size:40px;"">+</span>","null","","","","","","","","",""
"html-keyboard-response","489","1798360","0.0-17.0-1.25","","","","","","","","","","","",""
"image-keyboard-response","490","1798867","0.0-17.0-2.25","null","stimuli/noise_texture.png","null","","","","","","","","",""
"custom-labels-response","491","1802899","0.0-17.0-3.25","4029.399999999907","","sympathetic","","","","","tom-labels","","","M3","sympathetic"
"html-keyboard-response","492","1803913","0.0-17.0-0.26","null","<span style=""font-size:40px;"">+</span>","null","","","","","","","","",""
"html-keyboard-response","493","1810110","0.0-17.0-1.26","","","","","","","","","","","",""
"image-keyboard-response","494","1810626","0.0-17.0-2.26","null","stimuli/noise_texture.png","null","","","","","","","","",""
"custom-labels-response","495","1815818","0.0-17.0-3.26","5190.300000000279","","regretful","","","","","tom-labels","","","F4","flustered"
"html-keyboard-response","496","1816819","0.0-17.0-0.27","null","<span style=""font-size:40px;"">+</span>","null","","","","","","","","",""
"html-keyboard-response","497","1822378","0.0-17.0-1.27","","","","","","","","","","","",""
"image-keyboard-response","498","1822889","0.0-17.0-2.27","null","stimuli/noise_texture.png","null","","","","","","","","",""
"custom-labels-response","499","1829746","0.0-17.0-3.27","6856","","distrustful","","","","","tom-labels","","","M3","offended"
"html-keyboard-response","500","1830751","0.0-17.0-0.28","null","<span style=""font-size:40px;"">+</span>","null","","","","","","","","",""
"html-keyboard-response","501","1835765","0.0-17.0-1.28","","","","","","","","","","","",""
"image-keyboard-response","502","1836270","0.0-17.0-2.28","null","stimuli/noise_texture.png","null","","","","","","","","",""
"custom-labels-response","503","1839842","0.0-17.0-3.28","3570.399999999907","","fantasizing","","","","","tom-labels","","","M1","pensive"
"html-keyboard-response","504","1840849","0.0-17.0-0.29","null","<span style=""font-size:40px;"">+</span>","null","","","","","","","","",""
"html-keyboard-response","505","1846952","0.0-17.0-1.29","","","","","","","","","","","",""
"image-keyboard-response","506","1847463","0.0-17.0-2.29","null","stimuli/noise_texture.png","null","","","","","","","","",""
"custom-labels-response","507","1850850","0.0-17.0-3.29","3384.7000000001863","","despondent","","","","","tom-labels","","","M2","uneasy"
"html-keyboard-response","508","1851861","0.0-17.0-0.30","null","<span style=""font-size:40px;"">+</span>","null","","","","","","","","",""
"html-keyboard-response","509","1857720","0.0-17.0-1.30","","","","","","","","","","","",""
"image-keyboard-response","510","1858227","0.0-17.0-2.30","null","stimuli/noise_texture.png","null","","","","","","","","",""
"custom-labels-response","511","1863370","0.0-17.0-3.30","5140.100000000093","","jealous","","","","","tom-labels","","","M6","annoyed"
"html-keyboard-response","512","1864375","0.0-17.0-0.31","null","<span style=""font-size:40px;"">+</span>","null","","","","","","","","",""
"html-keyboard-response","513","1869224","0.0-17.0-1.31","","","","","","","","","","","",""
"image-keyboard-response","514","1869735","0.0-17.0-2.31","null","stimuli/noise_texture.png","null","","","","","","","","",""
"custom-labels-response","515","1873538","0.0-17.0-3.31","3802.399999999907","","joking","","","","","tom-labels","","","M1","fascinated"
"html-button-response","516","1973161","0.0-18.0","99621.3999999999","You have completed the second part of the experiment.<br> Please take a five-minute break before moving on to the next trial.<p> Feel free to walk around the room and stretch. However, please make sure to return to the task<br> within 5 minutes, as extended delays may result in automatic withdrawal from the study.<br>Press <b>Continue</b> to proceed with the experiment.<p><span id=""clock"">5:00</span>","0","","","","","","","","",""
"instructions","517","2009176","0.0-19.0","36014.30000000028","","","","","","","","","[{""page_index"":0,""viewing_time"":1846.4000000003725},{""page_index"":1,""viewing_time"":32063.5},{""page_index"":2,""viewing_time"":2103.899999999907}]","",""
"html-keyboard-response","518","2010178","0.0-20.0-0.0","null","<span style=""font-size:40px;"">+</span>","null","","","","","","","","",""
"html-keyboard-response","519","2015438","0.0-20.0-1.0","","","","","","","","","","","",""
"image-keyboard-response","520","2015948","0.0-20.0-2.0","null","stimuli/noise_texture.png","null","","","","","","","","",""
"custom-labels-response","521","2020312","0.0-20.0-3.0","4362.199999999721","","jealous","","","","","tom-labels","","","M3","jealous"
"html-keyboard-response","522","2021329","0.0-20.0-0.1","null","<span style=""font-size:40px;"">+</span>","null","","","","","","","","",""
"html-keyboard-response","523","2026262","0.0-20.0-1.1","","","","","","","","","","","",""
"image-keyboard-response","524","2026773","0.0-20.0-2.1","null","stimuli/noise_texture.png","null","","","","","","","","",""
"custom-labels-response","525","2029808","0.0-20.0-3.1","3033.100000000093","","despondent","","","","","tom-labels","","","F2","nervous"
"html-keyboard-response","526","2030809","0.0-20.0-0.2","null","<span style=""font-size:40px;"">+</span>","null","","","","","","","","",""
"html-keyboard-response","527","2035913","0.0-20.0-1.2","","","","","","","","","","","",""
"image-keyboard-response","528","2036417","0.0-20.0-2.2","null","stimuli/noise_texture.png","null","","","","","","","","",""
"custom-labels-response","529","2039848","0.0-20.0-3.2","3428.899999999907","","assertive","","","","","tom-labels","","","M3","assertive"
"html-keyboard-response","530","2040851","0.0-20.0-0.3","null","<span style=""font-size:40px;"">+</span>","null","","","","","","","","",""
"html-keyboard-response","531","2046770","0.0-20.0-1.3","","","","","","","","","","","",""
"image-keyboard-response","532","2047279","0.0-20.0-2.3","null","stimuli/noise_texture.png","null","","","","","","","","",""
"custom-labels-response","533","2049688","0.0-20.0-3.3","2407","","defiant","","","","","tom-labels","","","M4","hopeful"
"html-keyboard-response","534","2050690","0.0-20.0-0.4","null","<span style=""font-size:40px;"">+</span>","null","","","","","","","","",""
"html-keyboard-response","535","2057028","0.0-20.0-1.4","","","","","","","","","","","",""
"image-keyboard-response","536","2057542","0.0-20.0-2.4","null","stimuli/noise_texture.png","null","","","","","","","","",""
"custom-labels-response","537","2060336","0.0-20.0-3.4","2792.5","","intrigued","","","","","tom-labels","","","F5","intrigued"
"html-keyboard-response","538","2061348","0.0-20.0-0.5","null","<span style=""font-size:40px;"">+</span>","null","","","","","","","","",""
"html-keyboard-response","539","2071857","0.0-20.0-1.5","","","","","","","","","","","",""
"image-keyboard-response","540","2072369","0.0-20.0-2.5","null","stimuli/noise_texture.png","null","","","","","","","","",""
"custom-labels-response","541","2077600","0.0-20.0-3.5","5229.199999999721","","satisfied","","","","","tom-labels","","","F4","satisfied"
"html-keyboard-response","542","2078603","0.0-20.0-0.6","null","<span style=""font-size:40px;"">+</span>","null","","","","","","","","",""
"html-keyboard-response","543","2084120","0.0-20.0-1.6","","","","","","","","","","","",""
"image-keyboard-response","544","2084631","0.0-20.0-2.6","null","stimuli/noise_texture.png","null","","","","","","","","",""
"custom-labels-response","545","2087472","0.0-20.0-3.6","2839.6999999997206","","curious","","","","","tom-labels","","","F2","curious"
"html-keyboard-response","546","2088477","0.0-20.0-0.7","null","<span style=""font-size:40px;"">+</span>","null","","","","","","","","",""
"html-keyboard-response","547","2093448","0.0-20.0-1.7","","","","","","","","","","","",""
"image-keyboard-response","548","2093958","0.0-20.0-2.7","null","stimuli/noise_texture.png","null","","","","","","","","",""
"custom-labels-response","549","2098047","0.0-20.0-3.7","4088","","incredulous","","","","","tom-labels","","","F7","dispirited"
"html-keyboard-response","550","2099056","0.0-20.0-0.8","null","<span style=""font-size:40px;"">+</span>","null","","","","","","","","",""
"html-keyboard-response","551","2104068","0.0-20.0-1.8","","","","","","","","","","","",""
"image-keyboard-response","552","2104571","0.0-20.0-2.8","null","stimuli/noise_texture.png","null","","","","","","","","",""
"custom-labels-response","553","2107536","0.0-20.0-3.8","2963.600000000093","","irritated","","","","","tom-labels","","","F4","irritated"
"html-keyboard-response","554","2108548","0.0-20.0-0.9","null","<span style=""font-size:40px;"">+</span>","null","","","","","","","","",""
"html-keyboard-response","555","2113592","0.0-20.0-1.9","","","","","","","","","","","",""
"image-keyboard-response","556","2114094","0.0-20.0-2.9","null","stimuli/noise_texture.png","null","","","","","","","","",""
"custom-labels-response","557","2118119","0.0-20.0-3.9","4023.399999999907","","imploring","","","","","tom-labels","","","M3","imploring"
"html-keyboard-response","558","2119135","0.0-20.0-0.10","null","<span style=""font-size:40px;"">+</span>","null","","","","","","","","",""
"html-keyboard-response","559","2125358","0.0-20.0-1.10","","","","","","","","","","","",""
"image-keyboard-response","560","2125871","0.0-20.0-2.10","null","stimuli/noise_texture.png","null","","","","","","","","",""
"custom-labels-response","561","2127175","0.0-20.0-3.10","1302","","nervous","","","","","tom-labels","","","M2","nervous"
"html-keyboard-response","562","2128183","0.0-20.0-0.11","null","<span style=""font-size:40px;"">+</span>","null","","","","","","","","",""
"html-keyboard-response","563","2132874","0.0-20.0-1.11","","","","","","","","","","","",""
"image-keyboard-response","564","2133381","0.0-20.0-2.11","null","stimuli/noise_texture.png","null","","","","","","","","",""
"custom-labels-response","565","2137015","0.0-20.0-3.11","3632.399999999907","","aghast","","","","","tom-labels","","","M3","aghast"
"html-keyboard-response","566","2138026","0.0-20.0-0.12","null","<span style=""font-size:40px;"">+</span>","null","","","","","","","","",""
"html-keyboard-response","567","2144030","0.0-20.0-1.12","","","","","","","","","","","",""
"image-keyboard-response","568","2144540","0.0-20.0-2.12","null","stimuli/noise_texture.png","null","","","","","","","","",""
"custom-labels-response","569","2147903","0.0-20.0-3.12","3360.899999999907","","embarrassed","","","","","tom-labels","","","F7","embarrassed"
"html-keyboard-response","570","2148906","0.0-20.0-0.13","null","<span style=""font-size:40px;"">+</span>","null","","","","","","","","",""
"html-keyboard-response","571","2153803","0.0-20.0-1.13","","","","","","","","","","","",""
"image-keyboard-response","572","2154305","0.0-20.0-2.13","null","stimuli/noise_texture.png","null","","","","","","","","",""
"custom-labels-response","573","2155871","0.0-20.0-3.13","1564.2000000001863","","doubtful","","","","","tom-labels","","","F3","doubtful"
"html-keyboard-response","574","2156873","0.0-20.0-0.14","null","<span style=""font-size:40px;"">+</span>","null","","","","","","","","",""
"html-keyboard-response","575","2162498","0.0-20.0-1.14","","","","","","","","","","","",""
"image-keyboard-response","576","2163008","0.0-20.0-2.14","null","stimuli/noise_texture.png","null","","","","","","","","",""
"custom-labels-response","577","2166055","0.0-20.0-3.14","3045.100000000093","","confused","","","","","tom-labels","","","M5","preoccupied"
"html-keyboard-response","578","2167070","0.0-20.0-0.15","null","<span style=""font-size:40px;"">+</span>","null","","","","","","","","",""
"html-keyboard-response","579","2172187","0.0-20.0-1.15","","","","","","","","","","","",""
"image-keyboard-response","580","2172701","0.0-20.0-2.15","null","stimuli/noise_texture.png","null","","","","","","","","",""
"custom-labels-response","581","2175375","0.0-20.0-3.15","2671.899999999907","","stern","","","","","tom-labels","","","F4","stern"
"html-keyboard-response","582","2176376","0.0-20.0-0.16","null","<span style=""font-size:40px;"">+</span>","null","","","","","","","","",""
"html-keyboard-response","583","2182245","0.0-20.0-1.16","","","","","","","","","","","",""
"image-keyboard-response","584","2182761","0.0-20.0-2.16","null","stimuli/noise_texture.png","null","","","","","","","","",""
"custom-labels-response","585","2185599","0.0-20.0-3.16","2835.899999999907","","worried","","","","","tom-labels","","","F7","aghast"
"html-keyboard-response","586","2186600","0.0-20.0-0.17","null","<span style=""font-size:40px;"">+</span>","null","","","","","","","","",""
"html-keyboard-response","587","2191486","0.0-20.0-1.17","","","","","","","","","","","",""
"image-keyboard-response","588","2192003","0.0-20.0-2.17","null","stimuli/noise_texture.png","null","","","","","","","","",""
"custom-labels-response","589","2194350","0.0-20.0-3.17","2345.399999999907","","fascinated","","","","","tom-labels","","","F3","fascinated"
"html-keyboard-response","590","2195367","0.0-20.0-0.18","null","<span style=""font-size:40px;"">+</span>","null","","","","","","","","",""
"html-keyboard-response","591","2201410","0.0-20.0-1.18","","","","","","","","","","","",""
"image-keyboard-response","592","2201917","0.0-20.0-2.18","null","stimuli/noise_texture.png","null","","","","","","","","",""
"custom-labels-response","593","2204454","0.0-20.0-3.18","2534.8000000002794","","stern","","","","","tom-labels","","","M2","stern"
"html-keyboard-response","594","2205456","0.0-20.0-0.19","null","<span style=""font-size:40px;"">+</span>","null","","","","","","","","",""
"html-keyboard-response","595","2210456","0.0-20.0-1.19","","","","","","","","","","","",""
"image-keyboard-response","596","2210972","0.0-20.0-2.19","null","stimuli/noise_texture.png","null","","","","","","","","",""
"custom-labels-response","597","2214014","0.0-20.0-3.19","3039.899999999907","","serious","","","","","tom-labels","","","F8","jealous"
"html-keyboard-response","598","2215031","0.0-20.0-0.20","null","<span style=""font-size:40px;"">+</span>","null","","","","","","","","",""
"html-keyboard-response","599","2220166","0.0-20.0-1.20","","","","","","","","","","","",""
"image-keyboard-response","600","2220682","0.0-20.0-2.20","null","stimuli/noise_texture.png","null","","","","","","","","",""
"custom-labels-response","601","2222830","0.0-20.0-3.20","2146.7999999998137","","incredulous","","","","","tom-labels","","","F3","incredulous"
"html-keyboard-response","602","2223845","0.0-20.0-0.21","null","<span style=""font-size:40px;"">+</span>","null","","","","","","","","",""
"html-keyboard-response","603","2229810","0.0-20.0-1.21","","","","","","","","","","","",""
"image-keyboard-response","604","2230325","0.0-20.0-2.21","null","stimuli/noise_texture.png","null","","","","","","","","",""
"custom-labels-response","605","2234558","0.0-20.0-3.21","4231.5999999996275","","impatient","","","","","tom-labels","","","M4","contemplative"
"html-keyboard-response","606","2235570","0.0-20.0-0.22","null","<span style=""font-size:40px;"">+</span>","null","","","","","","","","",""
"html-keyboard-response","607","2241635","0.0-20.0-1.22","","","","","","","","","","","",""
"image-keyboard-response","608","2242137","0.0-20.0-2.22","null","stimuli/noise_texture.png","null","","","","","","","","",""
"custom-labels-response","609","2244886","0.0-20.0-3.22","2746.9000000003725","","uneasy","","","","","tom-labels","","","F7","uneasy"
"html-keyboard-response","610","2245898","0.0-20.0-0.23","null","<span style=""font-size:40px;"">+</span>","null","","","","","","","","",""
"html-keyboard-response","611","2250887","0.0-20.0-1.23","","","","","","","","","","","",""
"image-keyboard-response","612","2251398","0.0-20.0-2.23","null","stimuli/noise_texture.png","null","","","","","","","","",""
"custom-labels-response","613","2254430","0.0-20.0-3.23","3030.600000000093","","defiant","","","","","tom-labels","","","F4","defiant"
"html-keyboard-response","614","2255444","0.0-20.0-0.24","null","<span style=""font-size:40px;"">+</span>","null","","","","","","","","",""
"html-keyboard-response","615","2261130","0.0-20.0-1.24","","","","","","","","","","","",""
"image-keyboard-response","616","2261639","0.0-20.0-2.24","null","stimuli/noise_texture.png","null","","","","","","","","",""
"custom-labels-response","617","2264094","0.0-20.0-3.24","2453.600000000093","","horrified","","","","","tom-labels","","","M1","horrified"
"html-keyboard-response","618","2265102","0.0-20.0-0.25","null","<span style=""font-size:40px;"">+</span>","null","","","","","","","","",""
"html-keyboard-response","619","2271083","0.0-20.0-1.25","","","","","","","","","","","",""
"image-keyboard-response","620","2271599","0.0-20.0-2.25","null","stimuli/noise_texture.png","null","","","","","","","","",""
"custom-labels-response","621","2277910","0.0-20.0-3.25","6308.399999999907","","arrogant","","","","","tom-labels","","","M6","depressed"
"html-keyboard-response","622","2278910","0.0-20.0-0.26","null","<span style=""font-size:40px;"">+</span>","null","","","","","","","","",""
"html-keyboard-response","623","2284622","0.0-20.0-1.26","","","","","","","","","","","",""
"image-keyboard-response","624","2285131","0.0-20.0-2.26","null","stimuli/noise_texture.png","null","","","","","","","","",""
"custom-labels-response","625","2287582","0.0-20.0-3.26","2449.0999999996275","","disappointed","","","","","tom-labels","","","F5","disappointed"
"html-keyboard-response","626","2288596","0.0-20.0-0.27","null","<span style=""font-size:40px;"">+</span>","null","","","","","","","","",""
"html-keyboard-response","627","2294122","0.0-20.0-1.27","","","","","","","","","","","",""
"image-keyboard-response","628","2294625","0.0-20.0-2.27","null","stimuli/noise_texture.png","null","","","","","","","","",""
"custom-labels-response","629","2296861","0.0-20.0-3.27","2234.3000000002794","","fantasizing","","","","","tom-labels","","","F2","fantasizing"
"html-keyboard-response","630","2297870","0.0-20.0-0.28","null","<span style=""font-size:40px;"">+</span>","null","","","","","","","","",""
"html-keyboard-response","631","2303719","0.0-20.0-1.28","","","","","","","","","","","",""
"image-keyboard-response","632","2304231","0.0-20.0-2.28","null","stimuli/noise_texture.png","null","","","","","","","","",""
"custom-labels-response","633","2307021","0.0-20.0-3.28","2788.3000000002794","","cautious","","","","","tom-labels","","","M2","cautious"
"html-keyboard-response","634","2308026","0.0-20.0-0.29","null","<span style=""font-size:40px;"">+</span>","null","","","","","","","","",""
"html-keyboard-response","635","2313895","0.0-20.0-1.29","","","","","","","","","","","",""
"image-keyboard-response","636","2314408","0.0-20.0-2.29","null","stimuli/noise_texture.png","null","","","","","","","","",""
"custom-labels-response","637","2317341","0.0-20.0-3.29","2931.600000000093","","deciding","","","","","tom-labels","","","F6","deciding"
"html-keyboard-response","638","2318345","0.0-21.0-0.0","null","<span style=""font-size:40px;"">+</span>","null","","","","","","","","",""
"html-keyboard-response","639","2323200","0.0-21.0-1.0","","","","","","","","","","","",""
"image-keyboard-response","640","2323702","0.0-21.0-2.0","null","stimuli/noise_texture.png","null","","","","","","","","",""
"custom-labels-response","641","2327317","0.0-21.0-3.0","3613","","click","","","","","attention-check","","","M1","incredulous"
"html-keyboard-response","642","2328318","0.0-23.0-0.0","null","<span style=""font-size:40px;"">+</span>","null","","","","","","","","",""
"html-keyboard-response","643","2333572","0.0-23.0-1.0","","","","","","","","","","","",""
"image-keyboard-response","644","2334079","0.0-23.0-2.0","null","stimuli/noise_texture.png","null","","","","","","","","",""
"custom-labels-response","645","2338773","0.0-23.0-3.0","4692","","nervous","","","","","tom-labels","","","M3","apologetic"
"html-keyboard-response","646","2339780","0.0-23.0-0.1","null","<span style=""font-size:40px;"">+</span>","null","","","","","","","","",""
"html-keyboard-response","647","2345603","0.0-23.0-1.1","","","","","","","","","","","",""
"image-keyboard-response","648","2346107","0.0-23.0-2.1","null","stimuli/noise_texture.png","null","","","","","","","","",""
"custom-labels-response","649","2348221","0.0-23.0-3.1","2112.9000000003725","","skeptical","","","","","tom-labels","","","M6","anticipating"
"html-keyboard-response","650","2349233","0.0-23.0-0.2","null","<span style=""font-size:40px;"">+</span>","null","","","","","","","","",""
"html-keyboard-response","651","2354642","0.0-23.0-1.2","","","","","","","","","","","",""
"image-keyboard-response","652","2355150","0.0-23.0-2.2","null","stimuli/noise_texture.png","null","","","","","","","","",""
"custom-labels-response","653","2359933","0.0-23.0-3.2","4781","","upset","","","","","tom-labels","","","M1","upset"
"html-keyboard-response","654","2360934","0.0-23.0-0.3","null","<span style=""font-size:40px;"">+</span>","null","","","","","","","","",""
"html-keyboard-response","655","2366529","0.0-23.0-1.3","","","","","","","","","","","",""
"image-keyboard-response","656","2367044","0.0-23.0-2.3","null","stimuli/noise_texture.png","null","","","","","","","","",""
"custom-labels-response","657","2370205","0.0-23.0-3.3","3159.2999999998137","","baffled","","","","","tom-labels","","","M3","accusing"
"html-keyboard-response","658","2371213","0.0-23.0-0.4","null","<span style=""font-size:40px;"">+</span>","null","","","","","","","","",""
"html-keyboard-response","659","2376166","0.0-23.0-1.4","","","","","","","","","","","",""
"image-keyboard-response","660","2376679","0.0-23.0-2.4","null","stimuli/noise_texture.png","null","","","","","","","","",""
"custom-labels-response","661","2379141","0.0-23.0-3.4","2459.5","","threatening","","","","","tom-labels","","","M3","threatening"
"html-keyboard-response","662","2380153","0.0-23.0-0.5","null","<span style=""font-size:40px;"">+</span>","null","","","","","","","","",""
"html-keyboard-response","663","2386500","0.0-23.0-1.5","","","","","","","","","","","",""
"image-keyboard-response","664","2387015","0.0-23.0-2.5","null","stimuli/noise_texture.png","null","","","","","","","","",""
"custom-labels-response","665","2390677","0.0-23.0-3.5","3659.600000000093","","sympathetic","","","","","tom-labels","","","F6","sympathetic"
"html-keyboard-response","666","2391691","0.0-23.0-0.6","null","<span style=""font-size:40px;"">+</span>","null","","","","","","","","",""
"html-keyboard-response","667","2397977","0.0-23.0-1.6","","","","","","","","","","","",""
"image-keyboard-response","668","2398491","0.0-23.0-2.6","null","stimuli/noise_texture.png","null","","","","","","","","",""
"custom-labels-response","669","2401844","0.0-23.0-3.6","3351.3000000002794","","confident","","","","","tom-labels","","","F2","confident"
"html-keyboard-response","670","2402852","0.0-23.0-0.7","null","<span style=""font-size:40px;"">+</span>","null","","","","","","","","",""
"html-keyboard-response","671","2408266","0.0-23.0-1.7","","","","","","","","","","","",""
"image-keyboard-response","672","2408769","0.0-23.0-2.7","null","stimuli/noise_texture.png","null","","","","","","","","",""
"custom-labels-response","673","2410429","0.0-23.0-3.7","1657.5","","dubious","","","","","tom-labels","","","F7","threatening"
"html-keyboard-response","674","2411443","0.0-23.0-0.8","null","<span style=""font-size:40px;"">+</span>","null","","","","","","","","",""
"html-keyboard-response","675","2416364","0.0-23.0-1.8","","","","","","","","","","","",""
"image-keyboard-response","676","2416876","0.0-23.0-2.8","null","stimuli/noise_texture.png","null","","","","","","","","",""
"custom-labels-response","677","2419412","0.0-23.0-3.8","2534.5","","baffled","","","","","tom-labels","","","F3","depressed"
"html-keyboard-response","678","2420418","0.0-23.0-0.9","null","<span style=""font-size:40px;"">+</span>","null","","","","","","","","",""
"html-keyboard-response","679","2425675","0.0-23.0-1.9","","","","","","","","","","","",""
"image-keyboard-response","680","2426188","0.0-23.0-2.9","null","stimuli/noise_texture.png","null","","","","","","","","",""
"custom-labels-response","681","2428948","0.0-23.0-3.9","2758.600000000093","","resentful","","","","","tom-labels","","","M3","resentful"
"html-keyboard-response","682","2429956","0.0-23.0-0.10","null","<span style=""font-size:40px;"">+</span>","null","","","","","","","","",""
"html-keyboard-response","683","2434953","0.0-23.0-1.10","","","","","","","","","","","",""
"image-keyboard-response","684","2435461","0.0-23.0-2.10","null","stimuli/noise_texture.png","null","","","","","","","","",""
"custom-labels-response","685","2438188","0.0-23.0-3.10","2725.5","","guilty","","","","","tom-labels","","","M5","guilty"
"html-keyboard-response","686","2439193","0.0-23.0-0.11","null","<span style=""font-size:40px;"">+</span>","null","","","","","","","","",""
"html-keyboard-response","687","2444876","0.0-23.0-1.11","","","","","","","","","","","",""
"image-keyboard-response","688","2445387","0.0-23.0-2.11","null","stimuli/noise_texture.png","null","","","","","","","","",""
"custom-labels-response","689","2448764","0.0-23.0-3.11","3374.7999999998137","","flustered","","","","","tom-labels","","","F3","alarmed"
"html-keyboard-response","690","2449775","0.0-23.0-0.12","null","<span style=""font-size:40px;"">+</span>","null","","","","","","","","",""
"html-keyboard-response","691","2455691","0.0-23.0-1.12","","","","","","","","","","","",""
"image-keyboard-response","692","2456200","0.0-23.0-2.12","null","stimuli/noise_texture.png","null","","","","","","","","",""
"custom-labels-response","693","2459948","0.0-23.0-3.12","3745.5","","deciding","","","","","tom-labels","","","F8","decisive"
"html-keyboard-response","694","2460954","0.0-23.0-0.13","null","<span style=""font-size:40px;"">+</span>","null","","","","","","","","",""
"html-keyboard-response","695","2466750","0.0-23.0-1.13","","","","","","","","","","","",""
"image-keyboard-response","696","2467261","0.0-23.0-2.13","null","stimuli/noise_texture.png","null","","","","","","","","",""
"custom-labels-response","697","2469868","0.0-23.0-3.13","2605","","bewildered","","","","","tom-labels","","","F5","serious"
"html-keyboard-response","698","2470875","0.0-23.0-0.14","null","<span style=""font-size:40px;"">+</span>","null","","","","","","","","",""
"html-keyboard-response","699","2476963","0.0-23.0-1.14","","","","","","","","","","","",""
"image-keyboard-response","700","2477473","0.0-23.0-2.14","null","stimuli/noise_texture.png","null","","","","","","","","",""
"custom-labels-response","701","2480220","0.0-23.0-3.14","2744.5","","despondent","","","","","tom-labels","","","M5","fearful"
"html-keyboard-response","702","2481231","0.0-23.0-0.15","null","<span style=""font-size:40px;"">+</span>","null","","","","","","","","",""
"html-keyboard-response","703","2487649","0.0-23.0-1.15","","","","","","","","","","","",""
"image-keyboard-response","704","2488163","0.0-23.0-2.15","null","stimuli/noise_texture.png","null","","","","","","","","",""
"custom-labels-response","705","2490587","0.0-23.0-3.15","2422.600000000093","","eager","","","","","tom-labels","","","M5","eager"
"html-keyboard-response","706","2491595","0.0-23.0-0.16","null","<span style=""font-size:40px;"">+</span>","null","","","","","","","","",""
"html-keyboard-response","707","2497214","0.0-23.0-1.16","","","","","","","","","","","",""
"image-keyboard-response","708","2497723","0.0-23.0-2.16","null","stimuli/noise_texture.png","null","","","","","","","","",""
"custom-labels-response","709","2499756","0.0-23.0-3.16","2031","","reflective","","","","","tom-labels","","","F2","reflective"
"html-keyboard-response","710","2500766","0.0-23.0-0.17","null","<span style=""font-size:40px;"">+</span>","null","","","","","","","","",""
"html-keyboard-response","711","2506011","0.0-23.0-1.17","","","","","","","","","","","",""
"image-keyboard-response","712","2506516","0.0-23.0-2.17","null","stimuli/noise_texture.png","null","","","","","","","","",""
"custom-labels-response","713","2510171","0.0-23.0-3.17","3653.399999999907","","dubious","","","","","tom-labels","","","M3","dubious"
"html-keyboard-response","714","2511182","0.0-23.0-0.18","null","<span style=""font-size:40px;"">+</span>","null","","","","","","","","",""
"html-keyboard-response","715","2517478","0.0-23.0-1.18","","","","","","","","","","","",""
"image-keyboard-response","716","2517993","0.0-23.0-2.18","null","stimuli/noise_texture.png","null","","","","","","","","",""
"custom-labels-response","717","2520315","0.0-23.0-3.18","2320.7000000001863","","insisting","","","","","tom-labels","","","M2","insisting"
"html-keyboard-response","718","2521319","0.0-23.0-0.19","null","<span style=""font-size:40px;"">+</span>","null","","","","","","","","",""
"html-keyboard-response","719","2532369","0.0-23.0-1.19","","","","","","","","","","","",""
"image-keyboard-response","720","2532876","0.0-23.0-2.19","null","stimuli/noise_texture.png","null","","","","","","","","",""
"custom-labels-response","721","2535843","0.0-23.0-3.19","2963","","accusing","","","","","tom-labels","","","F6","accusing"
"html-keyboard-response","722","2536847","0.0-23.0-0.20","null","<span style=""font-size:40px;"">+</span>","null","","","","","","","","",""
"html-keyboard-response","723","2543172","0.0-23.0-1.20","","","","","","","","","","","",""
"image-keyboard-response","724","2543688","0.0-23.0-2.20","null","stimuli/noise_texture.png","null","","","","","","","","",""
"custom-labels-response","725","2547347","0.0-23.0-3.20","3657.2999999998137","","resentful","","","","","tom-labels","","","F7","concerned"
"html-keyboard-response","726","2548362","0.0-23.0-0.21","null","<span style=""font-size:40px;"">+</span>","null","","","","","","","","",""
"html-keyboard-response","727","2554379","0.0-23.0-1.21","","","","","","","","","","","",""
"image-keyboard-response","728","2554892","0.0-23.0-2.21","null","stimuli/noise_texture.png","null","","","","","","","","",""
"custom-labels-response","729","2559123","0.0-23.0-3.21","4229","","confused","","","","","tom-labels","","","M5","earnest"
"html-keyboard-response","730","2560124","0.0-23.0-0.22","null","<span style=""font-size:40px;"">+</span>","null","","","","","","","","",""
"html-keyboard-response","731","2565776","0.0-23.0-1.22","","","","","","","","","","","",""
"image-keyboard-response","732","2566291","0.0-23.0-2.22","null","stimuli/noise_texture.png","null","","","","","","","","",""
"custom-labels-response","733","2568811","0.0-23.0-3.22","2518.5","","hostile","","","","","tom-labels","","","F6","hostile"
"html-keyboard-response","734","2569812","0.0-23.0-0.23","null","<span style=""font-size:40px;"">+</span>","null","","","","","","","","",""
"html-keyboard-response","735","2574810","0.0-23.0-1.23","","","","","","","","","","","",""
"image-keyboard-response","736","2575318","0.0-23.0-2.23","null","stimuli/noise_texture.png","null","","","","","","","","",""
"custom-labels-response","737","2578499","0.0-23.0-3.23","3179.100000000093","","deciding","","","","","tom-labels","","","M1","deciding"
"html-keyboard-response","738","2579504","0.0-23.0-0.24","null","<span style=""font-size:40px;"">+</span>","null","","","","","","","","",""
"html-keyboard-response","739","2584474","0.0-23.0-1.24","","","","","","","","","","","",""
"image-keyboard-response","740","2584979","0.0-23.0-2.24","null","stimuli/noise_texture.png","null","","","","","","","","",""
"custom-labels-response","741","2587283","0.0-23.0-3.24","2302.2000000001863","","suspicious","","","","","tom-labels","","","M5","suspicious"
"html-keyboard-response","742","2588288","0.0-23.0-0.25","null","<span style=""font-size:40px;"">+</span>","null","","","","","","","","",""
"html-keyboard-response","743","2593981","0.0-23.0-1.25","","","","","","","","","","","",""
"image-keyboard-response","744","2594487","0.0-23.0-2.25","null","stimuli/noise_texture.png","null","","","","","","","","",""
"custom-labels-response","745","2596962","0.0-23.0-3.25","2474.100000000093","","interested","","","","","tom-labels","","","M5","interested"
"html-keyboard-response","746","2597972","0.0-23.0-0.26","null","<span style=""font-size:40px;"">+</span>","null","","","","","","","","",""
"html-keyboard-response","747","2603401","0.0-23.0-1.26","","","","","","","","","","","",""
"image-keyboard-response","748","2603911","0.0-23.0-2.26","null","stimuli/noise_texture.png","null","","","","","","","","",""
"custom-labels-response","749","2606170","0.0-23.0-3.26","2257.2000000001863","","puzzled","","","","","tom-labels","","","F6","puzzled"
"html-keyboard-response","750","2607177","0.0-23.0-0.27","null","<span style=""font-size:40px;"">+</span>","null","","","","","","","","",""
"html-keyboard-response","751","2612944","0.0-23.0-1.27","","","","","","","","","","","",""
"image-keyboard-response","752","2613455","0.0-23.0-2.27","null","stimuli/noise_texture.png","null","","","","","","","","",""
"custom-labels-response","753","2616626","0.0-23.0-3.27","3169.6999999997206","","confident","","","","","tom-labels","","","M1","confident"
"html-keyboard-response","754","2617641","0.0-23.0-0.28","null","<span style=""font-size:40px;"">+</span>","null","","","","","","","","",""
"html-keyboard-response","755","2623013","0.0-23.0-1.28","","","","","","","","","","","",""
"image-keyboard-response","756","2623517","0.0-23.0-2.28","null","stimuli/noise_texture.png","null","","","","","","","","",""
"custom-labels-response","757","2626202","0.0-23.0-3.28","2682.899999999907","","arrogant","","","","","tom-labels","","","F4","arrogant"
"html-keyboard-response","758","2627206","0.0-23.0-0.29","null","<span style=""font-size:40px;"">+</span>","null","","","","","","","","",""
"html-keyboard-response","759","2632877","0.0-23.0-1.29","","","","","","","","","","","",""
"image-keyboard-response","760","2633386","0.0-23.0-2.29","null","stimuli/noise_texture.png","null","","","","","","","","",""
"custom-labels-response","761","2636442","0.0-23.0-3.29","3054.8000000002794","","grateful","","","","","tom-labels","","","F5","grateful"
"html-button-response","762","2652202","0.0-24.0","15758.299999999814","<h3>Thank you for participating!</h1><p>You are done with the experiment. You will receive the full payment for your participation. Thank you for your time and contribution.</p><p>You will be automatically redirected to Prolific upon clicking <strong>Complete Experiment</strong>.</p><p>Please DO NOT close this tab until you have been redirected to Prolific. Please take note of your Prolific Completion Code before clicking <strong>Complete Experiment</strong>: <strong>C1HPV5RI</strong>.</p>","0","681d11acf32ffbb177100579","1760801491618","A","0","","","","",""
